timestamp,wind_speed,wind_direction,temperature,pressure,power_output,hour,day,month
2025-01-01 00:00:00,7.854,310,18.315,1013.725,323.765,0,1,1
2025-01-01 01:00:00,5.402,327,17.207,1013.601,99.01,1,1,1
2025-01-01 02:00:00,1.959,340,19.998,1012.409,0.0,2,1,1
2025-01-01 03:00:00,2.311,348,20.963,1015.785,0.0,3,1,1
2025-01-01 04:00:00,3.826,355,18.274,1015.203,0.0,4,1,1
2025-01-01 05:00:00,3.567,360,19.823,1009.727,57.655,5,1,1
2025-01-01 06:00:00,5.223,6,22.248,1009.545,77.902,6,1,1
2025-01-01 07:00:00,2.38,14,22.313,1015.773,0.0,7,1,1
2025-01-01 08:00:00,1.429,349,23.119,1012.053,0.0,8,1,1
2025-01-01 09:00:00,4.029,334,22.381,1015.405,0.0,9,1,1
2025-01-01 10:00:00,5.031,315,24.526,1016.842,71.426,10,1,1
2025-01-01 11:00:00,4.155,335,24.265,1010.686,0.0,11,1,1
2025-01-01 12:00:00,4.537,3,23.077,1010.265,5.963,12,1,1
2025-01-01 13:00:00,5.008,325,23.845,1019.523,176.531,13,1,1
2025-01-01 14:00:00,3.289,353,22.41,1015.554,25.36,14,1,1
2025-01-01 15:00:00,2.752,354,20.081,1013.242,40.824,15,1,1
2025-01-01 16:00:00,3.49,11,20.775,1011.698,0.0,16,1,1
2025-01-01 17:00:00,4.422,20,18.411,1012.968,0.0,17,1,1
2025-01-01 18:00:00,2.216,46,19.907,1010.928,43.77,18,1,1
2025-01-01 19:00:00,2.495,49,18.195,1017.15,0.0,19,1,1
2025-01-01 20:00:00,2.429,24,17.586,1012.169,64.549,20,1,1
2025-01-01 21:00:00,3.091,22,16.725,1017.78,7.875,21,1,1
2025-01-01 22:00:00,2.765,31,18.944,1013.297,195.6,22,1,1
2025-01-01 23:00:00,2.025,27,17.43,1011.369,0.0,23,1,1
2025-01-02 00:00:00,3.875,39,17.497,1013.218,23.704,0,2,1
2025-01-02 01:00:00,2.468,38,18.094,1006.625,0.0,1,2,1
2025-01-02 02:00:00,2.375,27,19.798,1014.135,62.264,2,2,1
2025-01-02 03:00:00,0.953,7,20.335,1013.987,29.728,3,2,1
2025-01-02 04:00:00,1.621,0,21.172,1016.972,0.0,4,2,1
2025-01-02 05:00:00,3.38,3,21.964,1008.838,0.0,5,2,1
2025-01-02 06:00:00,3.853,328,24.726,1017.983,83.164,6,2,1
2025-01-02 07:00:00,4.447,314,22.267,1016.959,85.264,7,2,1
2025-01-02 08:00:00,4.686,278,22.586,1018.253,0.0,8,2,1
2025-01-02 09:00:00,6.609,267,22.49,1014.339,150.069,9,2,1
2025-01-02 10:00:00,4.021,288,24.271,1017.539,109.529,10,2,1
2025-01-02 11:00:00,2.196,266,24.748,1010.084,0.0,11,2,1
2025-01-02 12:00:00,2.243,278,22.923,1016.636,15.588,12,2,1
2025-01-02 13:00:00,2.607,329,21.546,1012.184,61.981,13,2,1
2025-01-02 14:00:00,2.336,355,20.922,1009.543,0.0,14,2,1
2025-01-02 15:00:00,3.373,357,21.955,1011.125,0.0,15,2,1
2025-01-02 16:00:00,4.923,11,21.286,1014.514,12.357,16,2,1
2025-01-02 17:00:00,5.627,347,20.275,1012.024,135.486,17,2,1
2025-01-02 18:00:00,4.536,318,18.116,1015.626,74.754,18,2,1
2025-01-02 19:00:00,5.946,318,18.595,1009.073,136.352,19,2,1
2025-01-02 20:00:00,3.428,325,18.009,1008.116,0.0,20,2,1
2025-01-02 21:00:00,1.066,344,17.866,1018.614,67.626,21,2,1
2025-01-02 22:00:00,3.339,333,18.584,1017.209,0.0,22,2,1
2025-01-02 23:00:00,0.734,336,17.946,1011.349,37.288,23,2,1
2025-01-03 00:00:00,1.162,339,18.888,1014.485,55.662,0,3,1
2025-01-03 01:00:00,2.816,336,18.66,1017.553,98.825,1,3,1
2025-01-03 02:00:00,2.715,335,19.569,1015.752,2.402,2,3,1
2025-01-03 03:00:00,2.683,319,20.716,1014.939,0.0,3,3,1
2025-01-03 04:00:00,1.653,324,18.991,1017.779,76.729,4,3,1
2025-01-03 05:00:00,2.794,327,21.126,1012.302,80.952,5,3,1
2025-01-03 06:00:00,4.458,319,21.654,1014.588,0.0,6,3,1
2025-01-03 07:00:00,3.985,331,22.05,1014.44,0.0,7,3,1
2025-01-03 08:00:00,2.957,349,22.933,1013.676,72.547,8,3,1
2025-01-03 09:00:00,2.222,0,25.323,1013.325,0.0,9,3,1
2025-01-03 10:00:00,2.537,342,22.555,1014.713,0.0,10,3,1
2025-01-03 11:00:00,4.039,344,24.618,1014.597,0.0,11,3,1
2025-01-03 12:00:00,4.452,327,21.103,1011.349,16.491,12,3,1
2025-01-03 13:00:00,3.221,329,22.215,1016.899,0.0,13,3,1
2025-01-03 14:00:00,1.121,312,22.169,1011.565,12.203,14,3,1
2025-01-03 15:00:00,3.364,335,21.94,1013.839,14.827,15,3,1
2025-01-03 16:00:00,2.456,349,21.31,1013.608,0.0,16,3,1
2025-01-03 17:00:00,3.858,9,20.637,1015.568,114.048,17,3,1
2025-01-03 18:00:00,2.523,28,18.558,1008.137,23.637,18,3,1
2025-01-03 19:00:00,1.704,23,17.824,1017.167,62.067,19,3,1
2025-01-03 20:00:00,2.649,15,18.961,1012.463,0.0,20,3,1
2025-01-03 21:00:00,5.411,46,17.437,1018.154,0.0,21,3,1
2025-01-03 22:00:00,4.407,43,16.07,1013.06,34.881,22,3,1
2025-01-03 23:00:00,3.36,18,16.38,1014.347,102.18,23,3,1
2025-01-04 00:00:00,3.302,36,17.033,1020.231,0.0,0,4,1
2025-01-04 01:00:00,0.907,39,19.239,1013.657,7.886,1,4,1
2025-01-04 02:00:00,0.932,66,19.456,1018.206,0.0,2,4,1
2025-01-04 03:00:00,0.0,70,20.851,1014.606,0.0,3,4,1
2025-01-04 04:00:00,4.14,70,20.29,1015.736,15.642,4,4,1
2025-01-04 05:00:00,5.377,97,21.764,1014.699,17.965,5,4,1
2025-01-04 06:00:00,4.601,69,23.033,1017.033,0.0,6,4,1
2025-01-04 07:00:00,4.173,58,22.509,1012.433,0.0,7,4,1
2025-01-04 08:00:00,2.197,42,23.875,1011.537,0.0,8,4,1
2025-01-04 09:00:00,3.168,2,22.798,1012.574,26.228,9,4,1
2025-01-04 10:00:00,5.845,18,23.222,1014.788,111.968,10,4,1
2025-01-04 11:00:00,4.819,8,23.061,1013.827,53.374,11,4,1
2025-01-04 12:00:00,3.669,24,21.751,1016.62,0.0,12,4,1
2025-01-04 13:00:00,1.875,31,23.264,1018.404,55.327,13,4,1
2025-01-04 14:00:00,4.824,42,21.474,1011.562,59.363,14,4,1
2025-01-04 15:00:00,4.009,34,21.315,1012.288,3.894,15,4,1
2025-01-04 16:00:00,1.686,20,21.097,1010.181,0.0,16,4,1
2025-01-04 17:00:00,1.763,22,20.285,1020.58,0.0,17,4,1
2025-01-04 18:00:00,1.253,38,19.839,1015.403,10.569,18,4,1
2025-01-04 19:00:00,2.286,37,18.324,1015.929,88.949,19,4,1
2025-01-04 20:00:00,2.908,24,17.487,1010.469,62.582,20,4,1
2025-01-04 21:00:00,2.214,2,17.634,1014.486,0.0,21,4,1
2025-01-04 22:00:00,3.412,6,15.64,1016.017,29.873,22,4,1
2025-01-04 23:00:00,2.98,357,16.067,1013.731,0.0,23,4,1
2025-01-05 00:00:00,3.997,356,16.614,1017.71,43.706,0,5,1
2025-01-05 01:00:00,2.744,352,17.51,1021.419,0.0,1,5,1
2025-01-05 02:00:00,6.329,344,19.83,1011.642,168.021,2,5,1
2025-01-05 03:00:00,3.442,349,19.0,1011.417,163.603,3,5,1
2025-01-05 04:00:00,2.236,359,20.413,1011.85,0.0,4,5,1
2025-01-05 05:00:00,1.832,33,23.197,1019.302,160.754,5,5,1
2025-01-05 06:00:00,2.767,47,21.919,1017.61,26.985,6,5,1
2025-01-05 07:00:00,1.455,76,23.83,1014.077,0.0,7,5,1
2025-01-05 08:00:00,3.448,61,22.271,1014.593,0.0,8,5,1
2025-01-05 09:00:00,1.643,32,23.41,1012.034,130.073,9,5,1
2025-01-05 10:00:00,3.484,32,22.582,1017.153,27.504,10,5,1
2025-01-05 11:00:00,2.358,47,23.177,1013.344,0.0,11,5,1
2025-01-05 12:00:00,3.092,60,24.259,1013.703,0.0,12,5,1
2025-01-05 13:00:00,4.414,82,20.672,1016.31,33.238,13,5,1
2025-01-05 14:00:00,6.718,36,22.623,1013.919,173.998,14,5,1
2025-01-05 15:00:00,3.472,59,21.65,1013.778,19.379,15,5,1
2025-01-05 16:00:00,3.368,65,19.871,1014.515,97.718,16,5,1
2025-01-05 17:00:00,2.547,37,18.078,1016.869,0.0,17,5,1
2025-01-05 18:00:00,1.985,50,19.191,1019.423,35.455,18,5,1
2025-01-05 19:00:00,1.861,53,17.871,1016.24,0.0,19,5,1
2025-01-05 20:00:00,3.489,60,18.339,1016.893,0.0,20,5,1
2025-01-05 21:00:00,2.429,78,17.821,1013.884,58.97,21,5,1
2025-01-05 22:00:00,5.183,86,19.651,1012.36,0.0,22,5,1
2025-01-05 23:00:00,3.951,60,17.581,1016.445,0.0,23,5,1
2025-01-06 00:00:00,1.937,58,17.039,1014.99,12.349,0,6,1
2025-01-06 01:00:00,2.074,29,18.987,1010.208,0.0,1,6,1
2025-01-06 02:00:00,1.697,41,19.679,1013.492,0.0,2,6,1
2025-01-06 03:00:00,3.519,66,21.783,1014.227,0.0,3,6,1
2025-01-06 04:00:00,1.424,44,21.935,1012.945,106.185,4,6,1
2025-01-06 05:00:00,1.216,32,22.132,1018.921,25.466,5,6,1
2025-01-06 06:00:00,2.139,16,24.168,1015.916,1.081,6,6,1
2025-01-06 07:00:00,4.023,8,21.584,1018.596,124.49,7,6,1
2025-01-06 08:00:00,5.368,16,22.689,1015.266,102.028,8,6,1
2025-01-06 09:00:00,6.052,8,22.611,1014.72,195.846,9,6,1
2025-01-06 10:00:00,5.345,20,23.32,1011.666,0.0,10,6,1
2025-01-06 11:00:00,4.428,39,21.997,1014.512,0.0,11,6,1
2025-01-06 12:00:00,5.124,59,24.078,1014.515,66.003,12,6,1
2025-01-06 13:00:00,3.069,39,22.543,1010.375,22.799,13,6,1
2025-01-06 14:00:00,1.52,64,20.402,1012.857,68.731,14,6,1
2025-01-06 15:00:00,3.539,91,20.211,1013.506,0.0,15,6,1
2025-01-06 16:00:00,2.415,119,21.026,1015.716,38.698,16,6,1
2025-01-06 17:00:00,3.004,116,20.885,1015.86,54.41,17,6,1
2025-01-06 18:00:00,3.28,103,21.566,1012.732,51.563,18,6,1
2025-01-06 19:00:00,3.397,85,22.069,1015.883,0.0,19,6,1
2025-01-06 20:00:00,4.126,65,18.623,1013.93,33.364,20,6,1
2025-01-06 21:00:00,4.162,65,16.673,1005.867,0.0,21,6,1
2025-01-06 22:00:00,3.391,80,15.236,1013.022,0.0,22,6,1
2025-01-06 23:00:00,2.392,104,18.255,1017.713,0.0,23,6,1
2025-01-07 00:00:00,2.726,95,17.358,1009.422,0.0,0,7,1
2025-01-07 01:00:00,2.074,95,18.34,1014.805,0.0,1,7,1
2025-01-07 02:00:00,2.402,93,18.747,1019.223,0.0,2,7,1
2025-01-07 03:00:00,5.847,82,20.05,1012.186,35.577,3,7,1
2025-01-07 04:00:00,4.281,95,22.278,1014.474,0.0,4,7,1
2025-01-07 05:00:00,4.21,102,21.958,1010.555,113.746,5,7,1
2025-01-07 06:00:00,2.986,105,22.288,1019.349,0.0,6,7,1
2025-01-07 07:00:00,4.694,112,21.834,1014.217,34.461,7,7,1
2025-01-07 08:00:00,5.05,123,21.514,1014.607,0.0,8,7,1
2025-01-07 09:00:00,5.253,134,23.205,1018.53,113.658,9,7,1
2025-01-07 10:00:00,4.733,119,23.79,1016.452,26.695,10,7,1
2025-01-07 11:00:00,5.523,135,25.837,1011.841,29.062,11,7,1
2025-01-07 12:00:00,6.035,140,23.538,1012.526,70.234,12,7,1
2025-01-07 13:00:00,5.015,132,24.056,1015.952,75.446,13,7,1
2025-01-07 14:00:00,4.149,136,21.634,1012.595,0.0,14,7,1
2025-01-07 15:00:00,4.926,142,20.075,1008.116,0.0,15,7,1
2025-01-07 16:00:00,2.99,162,19.558,1014.308,0.0,16,7,1
2025-01-07 17:00:00,2.448,143,19.075,1010.027,0.0,17,7,1
2025-01-07 18:00:00,2.909,167,21.791,1019.316,137.792,18,7,1
2025-01-07 19:00:00,0.998,168,17.653,1014.998,0.0,19,7,1
2025-01-07 20:00:00,3.23,159,19.198,1011.752,54.505,20,7,1
2025-01-07 21:00:00,1.816,150,16.843,1012.372,99.641,21,7,1
2025-01-07 22:00:00,1.873,132,18.979,1008.799,36.884,22,7,1
2025-01-07 23:00:00,2.172,101,18.462,1011.169,0.0,23,7,1
2025-01-08 00:00:00,2.585,114,18.213,1017.506,0.0,0,8,1
2025-01-08 01:00:00,2.327,150,18.857,1021.153,40.998,1,8,1
2025-01-08 02:00:00,2.64,121,18.764,1016.637,90.476,2,8,1
2025-01-08 03:00:00,2.853,104,20.821,1014.181,30.028,3,8,1
2025-01-08 04:00:00,2.596,118,20.521,1013.162,67.84,4,8,1
2025-01-08 05:00:00,2.266,118,20.367,1011.588,142.557,5,8,1
2025-01-08 06:00:00,4.42,133,21.012,1020.637,55.923,6,8,1
2025-01-08 07:00:00,1.573,131,23.351,1013.891,0.0,7,8,1
2025-01-08 08:00:00,2.937,121,25.486,1020.804,2.808,8,8,1
2025-01-08 09:00:00,3.155,117,24.048,1018.638,75.374,9,8,1
2025-01-08 10:00:00,4.296,74,23.779,1009.235,0.0,10,8,1
2025-01-08 11:00:00,2.528,54,24.126,1012.46,82.814,11,8,1
2025-01-08 12:00:00,3.036,71,25.017,1012.45,0.0,12,8,1
2025-01-08 13:00:00,3.609,93,23.207,1014.218,19.141,13,8,1
2025-01-08 14:00:00,5.064,119,21.808,1014.277,10.296,14,8,1
2025-01-08 15:00:00,4.584,127,22.891,1023.446,22.456,15,8,1
2025-01-08 16:00:00,2.566,87,21.298,1011.226,11.685,16,8,1
2025-01-08 17:00:00,2.585,76,21.856,1015.144,0.0,17,8,1
2025-01-08 18:00:00,4.042,100,19.524,1016.307,0.0,18,8,1
2025-01-08 19:00:00,1.995,130,17.237,1014.453,0.0,19,8,1
2025-01-08 20:00:00,2.52,155,16.617,1014.788,0.0,20,8,1
2025-01-08 21:00:00,2.691,151,19.975,1011.323,0.0,21,8,1
2025-01-08 22:00:00,2.264,128,19.997,1014.777,55.65,22,8,1
2025-01-08 23:00:00,5.653,128,17.852,1015.992,120.343,23,8,1
2025-01-09 00:00:00,3.201,129,18.009,1015.429,30.844,0,9,1
2025-01-09 01:00:00,3.448,158,20.728,1016.157,0.0,1,9,1
2025-01-09 02:00:00,2.208,163,18.289,1018.684,0.0,2,9,1
2025-01-09 03:00:00,3.397,164,19.281,1017.257,0.0,3,9,1
2025-01-09 04:00:00,4.296,166,21.907,1014.66,0.0,4,9,1
2025-01-09 05:00:00,3.038,174,21.432,1010.931,35.608,5,9,1
2025-01-09 06:00:00,3.372,186,22.608,1012.646,54.745,6,9,1
2025-01-09 07:00:00,2.633,173,23.016,1013.787,26.006,7,9,1
2025-01-09 08:00:00,2.209,154,24.064,1015.203,69.216,8,9,1
2025-01-09 09:00:00,4.659,179,25.613,1013.011,29.975,9,9,1
2025-01-09 10:00:00,3.673,150,24.099,1011.639,0.0,10,9,1
2025-01-09 11:00:00,1.232,180,24.624,1010.882,48.051,11,9,1
2025-01-09 12:00:00,5.23,146,21.058,1009.493,87.292,12,9,1
2025-01-09 13:00:00,3.523,136,22.954,1013.741,0.0,13,9,1
2025-01-09 14:00:00,3.53,154,21.357,1010.037,21.35,14,9,1
2025-01-09 15:00:00,5.601,154,20.17,1011.445,43.964,15,9,1
2025-01-09 16:00:00,4.102,131,19.798,1013.264,0.0,16,9,1
2025-01-09 17:00:00,3.463,139,19.68,1010.438,24.543,17,9,1
2025-01-09 18:00:00,1.904,141,20.471,1015.585,0.0,18,9,1
2025-01-09 19:00:00,0.811,138,17.183,1016.667,18.052,19,9,1
2025-01-09 20:00:00,2.044,127,18.364,1012.798,0.0,20,9,1
2025-01-09 21:00:00,2.973,127,17.481,1013.135,0.0,21,9,1
2025-01-09 22:00:00,3.159,117,17.603,1016.058,0.0,22,9,1
2025-01-09 23:00:00,2.297,161,19.339,1012.304,66.095,23,9,1
2025-01-10 00:00:00,2.62,157,19.184,1012.085,0.0,0,10,1
2025-01-10 01:00:00,0.638,151,20.648,1018.023,0.0,1,10,1
2025-01-10 02:00:00,2.716,142,19.501,1017.086,20.039,2,10,1
2025-01-10 03:00:00,3.149,175,19.588,1016.238,0.0,3,10,1
2025-01-10 04:00:00,5.492,146,20.935,1017.211,96.786,4,10,1
2025-01-10 05:00:00,4.118,153,22.266,1008.502,0.0,5,10,1
2025-01-10 06:00:00,2.709,149,22.895,1018.495,11.597,6,10,1
2025-01-10 07:00:00,3.397,124,21.98,1015.61,136.038,7,10,1
2025-01-10 08:00:00,3.404,110,23.837,1017.466,0.0,8,10,1
2025-01-10 09:00:00,4.362,116,24.268,1015.595,18.732,9,10,1
2025-01-10 10:00:00,4.253,101,27.08,1014.58,0.0,10,10,1
2025-01-10 11:00:00,2.754,106,26.173,1013.608,0.0,11,10,1
2025-01-10 12:00:00,1.82,138,22.563,1015.535,25.285,12,10,1
2025-01-10 13:00:00,3.651,142,22.736,1013.498,0.0,13,10,1
2025-01-10 14:00:00,5.454,116,20.682,1017.037,83.995,14,10,1
2025-01-10 15:00:00,4.436,101,20.992,1009.674,33.213,15,10,1
2025-01-10 16:00:00,4.831,96,21.3,1012.809,0.0,16,10,1
2025-01-10 17:00:00,5.06,90,21.597,1020.568,85.608,17,10,1
2025-01-10 18:00:00,4.149,93,18.567,1012.555,0.0,18,10,1
2025-01-10 19:00:00,2.49,99,18.058,1013.718,0.0,19,10,1
2025-01-10 20:00:00,3.012,131,15.82,1011.786,12.622,20,10,1
2025-01-10 21:00:00,4.266,131,17.936,1015.441,93.144,21,10,1
2025-01-10 22:00:00,3.844,111,16.791,1012.225,0.0,22,10,1
2025-01-10 23:00:00,3.941,132,17.569,1013.877,10.978,23,10,1
2025-01-11 00:00:00,2.605,155,17.556,1016.966,8.581,0,11,1
2025-01-11 01:00:00,2.521,160,19.001,1012.323,36.155,1,11,1
2025-01-11 02:00:00,2.669,156,17.647,1016.786,65.122,2,11,1
2025-01-11 03:00:00,2.897,168,18.733,1016.886,0.0,3,11,1
2025-01-11 04:00:00,4.492,165,23.829,1017.585,67.144,4,11,1
2025-01-11 05:00:00,1.095,129,20.5,1014.841,73.168,5,11,1
2025-01-11 06:00:00,2.856,140,21.437,1024.143,98.118,6,11,1
2025-01-11 07:00:00,3.42,157,25.556,1017.583,27.859,7,11,1
2025-01-11 08:00:00,2.219,184,27.285,1015.394,8.659,8,11,1
2025-01-11 09:00:00,4.259,171,22.658,1011.792,0.0,9,11,1
2025-01-11 10:00:00,3.363,176,23.687,1014.128,0.0,10,11,1
2025-01-11 11:00:00,3.513,181,24.4,1018.699,0.0,11,11,1
2025-01-11 12:00:00,6.081,183,25.731,1019.548,108.541,12,11,1
2025-01-11 13:00:00,5.899,186,21.967,1018.855,80.23,13,11,1
2025-01-11 14:00:00,5.26,187,22.214,1016.775,73.56,14,11,1
2025-01-11 15:00:00,4.728,191,22.704,1010.653,0.0,15,11,1
2025-01-11 16:00:00,3.809,205,21.513,1015.881,0.0,16,11,1
2025-01-11 17:00:00,5.872,228,19.769,1010.695,194.567,17,11,1
2025-01-11 18:00:00,5.035,215,19.351,1009.957,84.746,18,11,1
2025-01-11 19:00:00,2.86,213,17.264,1015.137,33.89,19,11,1
2025-01-11 20:00:00,1.305,206,18.181,1015.989,21.488,20,11,1
2025-01-11 21:00:00,2.985,196,17.882,1017.13,0.0,21,11,1
2025-01-11 22:00:00,2.763,168,18.414,1015.911,0.0,22,11,1
2025-01-11 23:00:00,1.095,169,17.608,1016.014,25.142,23,11,1
2025-01-12 00:00:00,2.716,178,19.245,1011.451,0.0,0,12,1
2025-01-12 01:00:00,2.488,176,20.4,1014.09,0.0,1,12,1
2025-01-12 02:00:00,3.413,177,20.014,1009.883,0.042,2,12,1
2025-01-12 03:00:00,3.713,185,20.987,1008.394,0.0,3,12,1
2025-01-12 04:00:00,2.722,211,21.409,1016.626,119.426,4,12,1
2025-01-12 05:00:00,3.956,204,22.116,1012.145,103.417,5,12,1
2025-01-12 06:00:00,3.184,184,21.958,1017.022,56.826,6,12,1
2025-01-12 07:00:00,3.128,183,23.802,1017.73,0.0,7,12,1
2025-01-12 08:00:00,3.098,218,23.753,1012.547,105.681,8,12,1
2025-01-12 09:00:00,5.079,198,26.646,1016.175,65.49,9,12,1
2025-01-12 10:00:00,4.148,210,26.088,1012.421,0.0,10,12,1
2025-01-12 11:00:00,5.764,232,24.524,1008.867,76.129,11,12,1
2025-01-12 12:00:00,6.743,190,22.812,1014.774,236.601,12,12,1
2025-01-12 13:00:00,4.11,198,21.887,1012.992,0.0,13,12,1
2025-01-12 14:00:00,0.669,210,24.009,1013.084,7.729,14,12,1
2025-01-12 15:00:00,4.012,206,22.158,1020.33,21.134,15,12,1
2025-01-12 16:00:00,3.381,195,21.638,1009.827,0.0,16,12,1
2025-01-12 17:00:00,2.446,185,18.198,1015.553,0.0,17,12,1
2025-01-12 18:00:00,2.334,180,20.695,1011.42,0.0,18,12,1
2025-01-12 19:00:00,2.378,175,19.53,1017.129,47.777,19,12,1
2025-01-12 20:00:00,4.259,167,17.205,1015.3,0.0,20,12,1
2025-01-12 21:00:00,3.481,162,17.706,1015.542,16.439,21,12,1
2025-01-12 22:00:00,4.472,184,18.523,1011.57,0.0,22,12,1
2025-01-12 23:00:00,3.869,163,18.408,1012.108,0.0,23,12,1
2025-01-13 00:00:00,2.774,132,18.4,1017.17,0.0,0,13,1
2025-01-13 01:00:00,2.375,155,19.132,1019.7,0.0,1,13,1
2025-01-13 02:00:00,3.42,152,19.597,1015.829,10.177,2,13,1
2025-01-13 03:00:00,4.158,146,20.819,1011.696,25.341,3,13,1
2025-01-13 04:00:00,4.72,145,23.182,1015.405,0.0,4,13,1
2025-01-13 05:00:00,3.583,150,19.107,1021.67,0.0,5,13,1
2025-01-13 06:00:00,3.845,141,22.612,1014.695,0.0,6,13,1
2025-01-13 07:00:00,4.519,151,23.706,1018.773,41.434,7,13,1
2025-01-13 08:00:00,3.727,135,24.296,1012.167,0.0,8,13,1
2025-01-13 09:00:00,2.685,130,23.76,1014.262,0.0,9,13,1
2025-01-13 10:00:00,2.775,91,22.164,1016.247,0.0,10,13,1
2025-01-13 11:00:00,3.471,113,24.527,1015.58,95.205,11,13,1
2025-01-13 12:00:00,4.719,111,25.872,1012.089,0.0,12,13,1
2025-01-13 13:00:00,5.759,124,21.453,1011.959,48.559,13,13,1
2025-01-13 14:00:00,3.011,133,23.687,1017.353,5.918,14,13,1
2025-01-13 15:00:00,2.89,144,21.52,1017.963,0.0,15,13,1
2025-01-13 16:00:00,3.007,145,21.06,1018.924,0.0,16,13,1
2025-01-13 17:00:00,4.242,153,19.099,1019.8,0.0,17,13,1
2025-01-13 18:00:00,2.993,137,19.253,1014.792,0.0,18,13,1
2025-01-13 19:00:00,2.582,117,20.616,1013.454,0.0,19,13,1
2025-01-13 20:00:00,1.217,116,19.308,1018.441,92.357,20,13,1
2025-01-13 21:00:00,2.876,105,20.423,1016.527,124.558,21,13,1
2025-01-13 22:00:00,2.622,131,19.691,1011.441,0.0,22,13,1
2025-01-13 23:00:00,1.957,139,18.944,1011.287,0.0,23,13,1
2025-01-14 00:00:00,2.219,127,20.916,1015.846,40.592,0,14,1
2025-01-14 01:00:00,3.948,123,19.856,1013.838,0.0,1,14,1
2025-01-14 02:00:00,2.135,126,20.965,1014.291,0.0,2,14,1
2025-01-14 03:00:00,1.838,126,20.353,1017.588,0.0,3,14,1
2025-01-14 04:00:00,4.269,132,21.569,1016.647,0.0,4,14,1
2025-01-14 05:00:00,3.832,134,21.423,1018.36,0.0,5,14,1
2025-01-14 06:00:00,4.502,110,24.156,1008.576,0.0,6,14,1
2025-01-14 07:00:00,4.53,72,22.153,1015.13,0.0,7,14,1
2025-01-14 08:00:00,4.139,66,24.952,1016.454,61.043,8,14,1
2025-01-14 09:00:00,3.731,77,24.05,1009.79,0.0,9,14,1
2025-01-14 10:00:00,5.005,71,25.75,1012.405,33.512,10,14,1
2025-01-14 11:00:00,5.815,94,25.107,1011.849,0.0,11,14,1
2025-01-14 12:00:00,5.971,94,26.057,1014.435,138.888,12,14,1
2025-01-14 13:00:00,3.362,119,24.243,1019.254,0.0,13,14,1
2025-01-14 14:00:00,5.302,141,20.837,1020.438,104.035,14,14,1
2025-01-14 15:00:00,3.915,161,21.906,1011.927,11.111,15,14,1
2025-01-14 16:00:00,2.89,140,19.8,1015.95,0.0,16,14,1
2025-01-14 17:00:00,3.104,141,19.813,1016.047,0.0,17,14,1
2025-01-14 18:00:00,4.195,164,21.54,1015.533,125.528,18,14,1
2025-01-14 19:00:00,4.095,170,19.894,1015.567,48.768,19,14,1
2025-01-14 20:00:00,3.045,181,17.843,1015.281,47.469,20,14,1
2025-01-14 21:00:00,3.883,157,17.2,1019.433,102.462,21,14,1
2025-01-14 22:00:00,3.303,192,18.39,1017.678,12.424,22,14,1
2025-01-14 23:00:00,2.278,179,17.03,1011.19,74.382,23,14,1
2025-01-15 00:00:00,1.815,144,18.091,1016.738,0.0,0,15,1
2025-01-15 01:00:00,3.0,139,19.776,1017.028,40.567,1,15,1
2025-01-15 02:00:00,2.897,96,21.432,1015.296,0.0,2,15,1
2025-01-15 03:00:00,1.478,77,21.513,1017.745,0.0,3,15,1
2025-01-15 04:00:00,3.694,124,18.813,1014.915,6.477,4,15,1
2025-01-15 05:00:00,3.014,118,22.698,1014.952,0.0,5,15,1
2025-01-15 06:00:00,5.305,93,23.128,1014.715,59.015,6,15,1
2025-01-15 07:00:00,2.722,94,24.137,1008.296,0.0,7,15,1
2025-01-15 08:00:00,3.394,79,26.026,1014.11,0.0,8,15,1
2025-01-15 09:00:00,3.093,96,21.876,1012.346,0.0,9,15,1
2025-01-15 10:00:00,2.728,81,23.708,1010.792,0.0,10,15,1
2025-01-15 11:00:00,3.188,87,24.988,1018.653,46.928,11,15,1
2025-01-15 12:00:00,5.917,67,22.047,1015.864,99.32,12,15,1
2025-01-15 13:00:00,4.88,115,25.211,1014.262,101.722,13,15,1
2025-01-15 14:00:00,3.39,125,23.239,1012.657,28.804,14,15,1
2025-01-15 15:00:00,1.612,123,23.076,1015.24,0.0,15,15,1
2025-01-15 16:00:00,1.04,119,20.594,1017.325,0.0,16,15,1
2025-01-15 17:00:00,2.089,110,21.485,1011.87,0.0,17,15,1
2025-01-15 18:00:00,2.189,97,21.082,1014.337,26.839,18,15,1
2025-01-15 19:00:00,2.574,84,19.481,1016.955,3.29,19,15,1
2025-01-15 20:00:00,0.24,115,19.036,1008.543,0.0,20,15,1
2025-01-15 21:00:00,1.913,106,18.814,1014.178,0.473,21,15,1
2025-01-15 22:00:00,3.693,69,17.388,1013.063,26.493,22,15,1
2025-01-15 23:00:00,4.937,49,18.386,1013.95,0.0,23,15,1
2025-01-16 00:00:00,1.32,67,18.788,1012.826,17.435,0,16,1
2025-01-16 01:00:00,1.454,64,19.936,1014.743,0.0,1,16,1
2025-01-16 02:00:00,1.515,63,21.319,1020.102,60.806,2,16,1
2025-01-16 03:00:00,2.788,85,19.586,1013.359,28.995,3,16,1
2025-01-16 04:00:00,1.749,72,21.486,1015.206,89.611,4,16,1
2025-01-16 05:00:00,4.878,85,24.185,1020.315,0.0,5,16,1
2025-01-16 06:00:00,4.135,74,22.224,1012.681,67.223,6,16,1
2025-01-16 07:00:00,3.822,85,22.727,1019.775,53.351,7,16,1
2025-01-16 08:00:00,5.797,79,24.404,1014.347,62.749,8,16,1
2025-01-16 09:00:00,4.665,76,25.439,1019.676,0.0,9,16,1
2025-01-16 10:00:00,4.827,92,24.505,1016.581,0.0,10,16,1
2025-01-16 11:00:00,3.572,107,25.948,1015.252,0.0,11,16,1
2025-01-16 12:00:00,2.436,105,25.048,1014.134,0.0,12,16,1
2025-01-16 13:00:00,2.893,98,24.524,1012.458,0.0,13,16,1
2025-01-16 14:00:00,6.179,128,23.536,1014.558,195.828,14,16,1
2025-01-16 15:00:00,5.354,140,24.927,1017.023,0.0,15,16,1
2025-01-16 16:00:00,4.555,134,21.107,1014.291,20.962,16,16,1
2025-01-16 17:00:00,2.73,123,18.178,1013.381,23.964,17,16,1
2025-01-16 18:00:00,4.181,143,21.799,1013.578,25.26,18,16,1
2025-01-16 19:00:00,1.922,146,18.727,1017.308,24.491,19,16,1
2025-01-16 20:00:00,0.847,144,18.958,1018.006,52.052,20,16,1
2025-01-16 21:00:00,1.58,147,20.135,1012.329,0.0,21,16,1
2025-01-16 22:00:00,4.658,154,16.576,1012.325,20.605,22,16,1
2025-01-16 23:00:00,5.573,154,17.135,1015.469,43.245,23,16,1
2025-01-17 00:00:00,3.193,177,17.124,1018.892,71.664,0,17,1
2025-01-17 01:00:00,2.214,201,18.598,1017.747,115.493,1,17,1
2025-01-17 02:00:00,0.865,212,20.722,1010.553,0.0,2,17,1
2025-01-17 03:00:00,2.506,238,21.56,1013.517,0.0,3,17,1
2025-01-17 04:00:00,3.254,239,22.043,1011.517,31.361,4,17,1
2025-01-17 05:00:00,4.346,253,20.787,1013.506,67.717,5,17,1
2025-01-17 06:00:00,4.967,272,20.419,1019.122,135.707,6,17,1
2025-01-17 07:00:00,4.014,292,23.854,1010.041,44.292,7,17,1
2025-01-17 08:00:00,4.674,310,23.67,1009.452,93.336,8,17,1
2025-01-17 09:00:00,3.521,323,25.052,1011.823,91.801,9,17,1
2025-01-17 10:00:00,4.62,359,25.409,1015.171,95.292,10,17,1
2025-01-17 11:00:00,3.793,351,24.594,1016.171,50.205,11,17,1
2025-01-17 12:00:00,4.619,349,25.006,1015.621,0.0,12,17,1
2025-01-17 13:00:00,4.744,346,23.864,1017.836,18.289,13,17,1
2025-01-17 14:00:00,4.35,341,23.582,1009.02,25.044,14,17,1
2025-01-17 15:00:00,4.955,306,21.363,1017.874,21.676,15,17,1
2025-01-17 16:00:00,2.311,332,21.213,1013.373,0.0,16,17,1
2025-01-17 17:00:00,1.908,315,20.894,1016.503,86.198,17,17,1
2025-01-17 18:00:00,2.563,319,20.934,1010.339,0.0,18,17,1
2025-01-17 19:00:00,1.307,295,18.878,1014.324,43.948,19,17,1
2025-01-17 20:00:00,1.989,307,19.529,1015.018,17.404,20,17,1
2025-01-17 21:00:00,2.169,294,18.32,1017.776,0.0,21,17,1
2025-01-17 22:00:00,4.115,275,18.432,1009.553,0.0,22,17,1
2025-01-17 23:00:00,3.386,280,19.707,1014.401,0.0,23,17,1
2025-01-18 00:00:00,4.194,269,16.729,1011.03,32.921,0,18,1
2025-01-18 01:00:00,3.668,260,18.071,1015.802,0.0,1,18,1
2025-01-18 02:00:00,2.613,264,18.491,1016.618,0.0,2,18,1
2025-01-18 03:00:00,3.144,280,18.206,1018.148,0.0,3,18,1
2025-01-18 04:00:00,4.12,267,20.973,1012.681,28.892,4,18,1
2025-01-18 05:00:00,5.098,250,23.457,1017.068,23.953,5,18,1
2025-01-18 06:00:00,4.019,252,22.924,1018.369,0.0,6,18,1
2025-01-18 07:00:00,2.046,263,24.102,1009.356,0.0,7,18,1
2025-01-18 08:00:00,1.428,291,25.618,1016.123,0.0,8,18,1
2025-01-18 09:00:00,2.907,273,26.17,1017.162,25.85,9,18,1
2025-01-18 10:00:00,1.122,269,24.559,1013.51,0.0,10,18,1
2025-01-18 11:00:00,5.314,291,26.128,1010.654,0.0,11,18,1
2025-01-18 12:00:00,5.277,328,24.28,1017.115,38.862,12,18,1
2025-01-18 13:00:00,3.798,311,22.659,1010.687,59.314,13,18,1
2025-01-18 14:00:00,2.696,299,22.308,1013.751,2.215,14,18,1
2025-01-18 15:00:00,4.694,307,20.508,1014.166,21.33,15,18,1
2025-01-18 16:00:00,2.759,298,20.438,1016.433,0.0,16,18,1
2025-01-18 17:00:00,2.114,286,20.303,1012.406,0.0,17,18,1
2025-01-18 18:00:00,2.067,292,20.989,1012.232,0.0,18,18,1
2025-01-18 19:00:00,2.944,321,21.491,1014.583,0.0,19,18,1
2025-01-18 20:00:00,3.709,299,17.321,1017.305,66.28,20,18,1
2025-01-18 21:00:00,4.535,327,19.186,1021.148,38.657,21,18,1
2025-01-18 22:00:00,4.584,318,17.4,1009.764,18.8,22,18,1
2025-01-18 23:00:00,3.382,326,19.357,1015.232,16.458,23,18,1
2025-01-19 00:00:00,4.189,356,19.04,1011.002,24.556,0,19,1
2025-01-19 01:00:00,2.555,2,17.506,1017.318,0.0,1,19,1
2025-01-19 02:00:00,0.782,359,21.46,1011.446,0.0,2,19,1
2025-01-19 03:00:00,1.632,12,20.357,1012.238,0.0,3,19,1
2025-01-19 04:00:00,1.871,10,21.222,1012.494,138.128,4,19,1
2025-01-19 05:00:00,2.277,21,21.35,1014.033,56.111,5,19,1
2025-01-19 06:00:00,2.161,19,22.557,1015.231,9.234,6,19,1
2025-01-19 07:00:00,2.815,36,24.454,1015.713,75.129,7,19,1
2025-01-19 08:00:00,4.373,12,24.16,1014.244,77.073,8,19,1
2025-01-19 09:00:00,6.216,356,25.047,1010.272,38.162,9,19,1
2025-01-19 10:00:00,2.906,332,25.152,1016.445,0.0,10,19,1
2025-01-19 11:00:00,2.353,332,26.164,1014.103,0.0,11,19,1
2025-01-19 12:00:00,2.728,306,23.835,1017.747,33.634,12,19,1
2025-01-19 13:00:00,4.591,295,21.968,1012.139,2.158,13,19,1
2025-01-19 14:00:00,4.0,276,24.378,1009.455,0.0,14,19,1
2025-01-19 15:00:00,3.108,304,21.963,1014.16,0.0,15,19,1
2025-01-19 16:00:00,4.357,288,22.917,1018.15,66.804,16,19,1
2025-01-19 17:00:00,4.909,266,21.269,1014.745,0.0,17,19,1
2025-01-19 18:00:00,3.839,272,19.943,1013.663,0.0,18,19,1
2025-01-19 19:00:00,2.455,304,19.921,1011.651,0.0,19,19,1
2025-01-19 20:00:00,3.154,303,21.397,1019.535,0.0,20,19,1
2025-01-19 21:00:00,2.723,304,21.283,1011.173,17.445,21,19,1
2025-01-19 22:00:00,2.525,329,18.808,1012.086,18.488,22,19,1
2025-01-19 23:00:00,2.132,346,19.056,1015.972,0.0,23,19,1
2025-01-20 00:00:00,3.681,355,20.565,1008.668,62.913,0,20,1
2025-01-20 01:00:00,3.456,346,18.765,1018.06,74.812,1,20,1
2025-01-20 02:00:00,4.365,356,20.822,1016.109,5.161,2,20,1
2025-01-20 03:00:00,5.108,333,21.129,1016.934,47.338,3,20,1
2025-01-20 04:00:00,4.459,323,22.317,1015.911,0.0,4,20,1
2025-01-20 05:00:00,3.267,350,21.711,1013.753,34.546,5,20,1
2025-01-20 06:00:00,4.788,14,21.512,1011.047,0.0,6,20,1
2025-01-20 07:00:00,4.739,23,21.53,1013.816,116.817,7,20,1
2025-01-20 08:00:00,7.284,351,23.124,1011.311,335.576,8,20,1
2025-01-20 09:00:00,5.55,331,24.179,1015.695,0.0,9,20,1
2025-01-20 10:00:00,5.483,320,24.443,1016.657,11.288,10,20,1
2025-01-20 11:00:00,5.01,318,26.981,1018.667,52.13,11,20,1
2025-01-20 12:00:00,4.392,297,25.65,1015.352,0.0,12,20,1
2025-01-20 13:00:00,3.959,294,22.663,1017.01,33.152,13,20,1
2025-01-20 14:00:00,4.376,327,23.591,1013.345,0.0,14,20,1
2025-01-20 15:00:00,4.669,336,21.949,1012.801,100.283,15,20,1
2025-01-20 16:00:00,5.373,341,21.316,1015.657,47.91,16,20,1
2025-01-20 17:00:00,4.501,324,21.108,1013.077,145.185,17,20,1
2025-01-20 18:00:00,3.202,296,20.921,1015.044,33.177,18,20,1
2025-01-20 19:00:00,2.819,275,19.172,1011.053,0.0,19,20,1
2025-01-20 20:00:00,1.446,246,20.409,1011.591,114.757,20,20,1
2025-01-20 21:00:00,4.355,249,17.497,1016.143,69.584,21,20,1
2025-01-20 22:00:00,2.715,257,18.809,1016.896,20.908,22,20,1
2025-01-20 23:00:00,3.902,241,22.058,1011.279,38.191,23,20,1
2025-01-21 00:00:00,3.515,245,19.619,1016.221,0.0,0,21,1
2025-01-21 01:00:00,3.471,273,21.577,1012.611,0.0,1,21,1
2025-01-21 02:00:00,3.051,310,20.61,1014.259,0.0,2,21,1
2025-01-21 03:00:00,2.246,325,21.934,1018.46,75.832,3,21,1
2025-01-21 04:00:00,1.897,323,21.949,1016.632,21.764,4,21,1
2025-01-21 05:00:00,5.013,338,22.584,1016.597,123.007,5,21,1
2025-01-21 06:00:00,4.295,3,22.561,1019.936,80.31,6,21,1
2025-01-21 07:00:00,5.344,329,24.611,1012.098,46.373,7,21,1
2025-01-21 08:00:00,6.085,357,23.52,1011.252,166.497,8,21,1
2025-01-21 09:00:00,4.339,349,25.606,1012.043,92.041,9,21,1
2025-01-21 10:00:00,4.782,341,26.175,1013.446,15.294,10,21,1
2025-01-21 11:00:00,4.507,336,25.174,1007.146,0.05,11,21,1
2025-01-21 12:00:00,3.019,343,24.057,1013.587,7.725,12,21,1
2025-01-21 13:00:00,3.605,325,24.44,1012.576,0.0,13,21,1
2025-01-21 14:00:00,4.605,321,22.881,1016.561,30.238,14,21,1
2025-01-21 15:00:00,3.577,332,23.637,1015.267,40.304,15,21,1
2025-01-21 16:00:00,3.325,338,19.537,1012.407,8.069,16,21,1
2025-01-21 17:00:00,3.289,346,20.561,1015.979,19.043,17,21,1
2025-01-21 18:00:00,5.777,342,17.866,1016.379,74.503,18,21,1
2025-01-21 19:00:00,1.926,356,17.863,1011.904,0.0,19,21,1
2025-01-21 20:00:00,3.262,16,20.847,1012.73,91.505,20,21,1
2025-01-21 21:00:00,2.748,36,20.019,1007.533,0.0,21,21,1
2025-01-21 22:00:00,2.087,45,18.016,1010.938,0.0,22,21,1
2025-01-21 23:00:00,2.273,64,17.215,1011.982,74.689,23,21,1
2025-01-22 00:00:00,3.443,81,15.872,1014.404,54.126,0,22,1
2025-01-22 01:00:00,3.938,131,19.283,1011.345,17.809,1,22,1
2025-01-22 02:00:00,3.557,155,23.483,1012.641,42.904,2,22,1
2025-01-22 03:00:00,4.579,155,21.837,1010.506,0.0,3,22,1
2025-01-22 04:00:00,5.232,140,21.424,1014.695,33.44,4,22,1
2025-01-22 05:00:00,5.052,137,23.425,1015.459,100.464,5,22,1
2025-01-22 06:00:00,3.554,133,21.702,1015.389,0.0,6,22,1
2025-01-22 07:00:00,4.385,144,23.816,1014.219,0.0,7,22,1
2025-01-22 08:00:00,4.762,133,24.739,1009.558,22.489,8,22,1
2025-01-22 09:00:00,3.451,156,24.782,1012.322,5.924,9,22,1
2025-01-22 10:00:00,2.209,133,25.9,1012.96,35.616,10,22,1
2025-01-22 11:00:00,1.302,105,25.226,1012.972,0.0,11,22,1
2025-01-22 12:00:00,3.398,104,25.281,1014.407,0.0,12,22,1
2025-01-22 13:00:00,4.29,91,23.147,1018.458,57.901,13,22,1
2025-01-22 14:00:00,2.798,70,24.407,1016.618,0.0,14,22,1
2025-01-22 15:00:00,4.775,60,24.548,1011.219,0.0,15,22,1
2025-01-22 16:00:00,4.268,48,20.648,1016.217,0.0,16,22,1
2025-01-22 17:00:00,5.352,50,19.977,1016.102,100.704,17,22,1
2025-01-22 18:00:00,4.45,41,21.936,1011.763,29.55,18,22,1
2025-01-22 19:00:00,2.385,33,19.505,1016.728,17.061,19,22,1
2025-01-22 20:00:00,3.367,35,20.973,1013.7,16.859,20,22,1
2025-01-22 21:00:00,3.851,55,18.492,1009.952,0.0,21,22,1
2025-01-22 22:00:00,2.557,83,20.704,1015.547,0.0,22,22,1
2025-01-22 23:00:00,1.093,87,19.254,1014.832,0.0,23,22,1
2025-01-23 00:00:00,2.415,93,19.818,1013.469,0.0,0,23,1
2025-01-23 01:00:00,1.627,92,21.892,1014.04,0.0,1,23,1
2025-01-23 02:00:00,3.89,102,20.223,1011.995,15.901,2,23,1
2025-01-23 03:00:00,2.968,111,20.265,1015.983,55.354,3,23,1
2025-01-23 04:00:00,5.241,137,21.636,1014.022,0.0,4,23,1
2025-01-23 05:00:00,1.679,105,23.488,1014.652,0.0,5,23,1
2025-01-23 06:00:00,3.251,103,21.775,1015.224,39.188,6,23,1
2025-01-23 07:00:00,5.368,111,25.017,1010.689,0.0,7,23,1
2025-01-23 08:00:00,3.489,112,24.052,1011.469,0.0,8,23,1
2025-01-23 09:00:00,3.8,97,26.341,1007.523,27.324,9,23,1
2025-01-23 10:00:00,3.67,75,22.156,1015.847,1.626,10,23,1
2025-01-23 11:00:00,3.321,91,23.947,1010.516,37.19,11,23,1
2025-01-23 12:00:00,4.259,79,22.534,1014.55,11.894,12,23,1
2025-01-23 13:00:00,2.743,49,23.06,1015.265,0.0,13,23,1
2025-01-23 14:00:00,3.535,66,23.706,1015.959,0.0,14,23,1
2025-01-23 15:00:00,4.41,76,22.457,1010.54,22.89,15,23,1
2025-01-23 16:00:00,3.733,76,21.587,1013.957,6.821,16,23,1
2025-01-23 17:00:00,2.483,61,20.93,1019.163,0.0,17,23,1
2025-01-23 18:00:00,4.285,61,20.656,1019.295,39.268,18,23,1
2025-01-23 19:00:00,4.404,85,18.604,1017.114,79.167,19,23,1
2025-01-23 20:00:00,2.303,58,20.215,1015.165,0.0,20,23,1
2025-01-23 21:00:00,1.253,32,19.897,1011.137,0.0,21,23,1
2025-01-23 22:00:00,1.257,23,19.498,1016.308,0.0,22,23,1
2025-01-23 23:00:00,2.963,24,19.843,1013.678,0.0,23,23,1
2025-01-24 00:00:00,3.229,17,19.944,1015.803,110.288,0,24,1
2025-01-24 01:00:00,3.956,30,22.535,1012.223,0.0,1,24,1
2025-01-24 02:00:00,2.987,52,20.632,1013.603,0.0,2,24,1
2025-01-24 03:00:00,2.087,59,21.105,1014.614,0.0,3,24,1
2025-01-24 04:00:00,4.035,71,21.35,1014.861,0.0,4,24,1
2025-01-24 05:00:00,3.101,78,21.786,1015.603,0.0,5,24,1
2025-01-24 06:00:00,3.777,80,22.24,1012.384,80.658,6,24,1
2025-01-24 07:00:00,2.119,59,23.265,1010.092,0.0,7,24,1
2025-01-24 08:00:00,2.811,42,24.693,1018.996,0.0,8,24,1
2025-01-24 09:00:00,4.93,20,25.445,1021.59,55.272,9,24,1
2025-01-24 10:00:00,3.682,19,25.17,1015.464,0.0,10,24,1
2025-01-24 11:00:00,5.054,25,24.052,1010.15,16.98,11,24,1
2025-01-24 12:00:00,1.865,1,25.717,1011.802,30.78,12,24,1
2025-01-24 13:00:00,2.82,4,25.018,1015.649,7.519,13,24,1
2025-01-24 14:00:00,3.496,351,23.296,1018.145,0.0,14,24,1
2025-01-24 15:00:00,5.814,334,21.968,1010.483,1.027,15,24,1
2025-01-24 16:00:00,3.097,325,22.629,1013.749,0.0,16,24,1
2025-01-24 17:00:00,4.205,307,21.426,1014.71,0.0,17,24,1
2025-01-24 18:00:00,4.88,320,18.754,1016.716,0.0,18,24,1
2025-01-24 19:00:00,2.934,319,19.812,1013.091,14.806,19,24,1
2025-01-24 20:00:00,2.601,336,19.761,1009.43,0.0,20,24,1
2025-01-24 21:00:00,3.007,330,18.101,1015.985,0.0,21,24,1
2025-01-24 22:00:00,1.222,325,19.343,1017.496,0.0,22,24,1
2025-01-24 23:00:00,1.808,0,17.509,1013.874,0.0,23,24,1
2025-01-25 00:00:00,4.011,334,21.271,1015.306,25.625,0,25,1
2025-01-25 01:00:00,3.908,359,21.671,1012.667,0.0,1,25,1
2025-01-25 02:00:00,3.172,30,20.513,1011.553,0.0,2,25,1
2025-01-25 03:00:00,3.346,46,21.989,1017.17,68.588,3,25,1
2025-01-25 04:00:00,4.06,42,19.442,1015.253,0.0,4,25,1
2025-01-25 05:00:00,4.64,70,21.717,1015.561,92.899,5,25,1
2025-01-25 06:00:00,3.427,66,23.461,1018.597,0.0,6,25,1
2025-01-25 07:00:00,5.559,55,23.125,1010.926,54.945,7,25,1
2025-01-25 08:00:00,6.101,50,25.715,1012.434,91.56,8,25,1
2025-01-25 09:00:00,5.62,42,27.52,1014.564,72.792,9,25,1
2025-01-25 10:00:00,3.765,27,23.777,1012.397,0.0,10,25,1
2025-01-25 11:00:00,2.978,49,24.045,1016.44,5.287,11,25,1
2025-01-25 12:00:00,3.503,37,24.999,1013.528,84.623,12,25,1
2025-01-25 13:00:00,4.069,38,26.144,1011.113,61.763,13,25,1
2025-01-25 14:00:00,2.071,14,22.101,1014.288,58.066,14,25,1
2025-01-25 15:00:00,3.923,17,23.13,1014.601,0.0,15,25,1
2025-01-25 16:00:00,5.316,359,24.236,1016.894,0.0,16,25,1
2025-01-25 17:00:00,4.821,340,19.298,1015.27,33.542,17,25,1
2025-01-25 18:00:00,3.092,340,19.034,1015.474,42.393,18,25,1
2025-01-25 19:00:00,2.277,0,19.465,1015.051,0.0,19,25,1
2025-01-25 20:00:00,3.168,10,18.902,1013.526,0.0,20,25,1
2025-01-25 21:00:00,2.857,21,20.236,1011.942,76.661,21,25,1
2025-01-25 22:00:00,3.393,21,19.486,1014.957,37.934,22,25,1
2025-01-25 23:00:00,3.732,17,17.204,1013.091,59.557,23,25,1
2025-01-26 00:00:00,4.428,33,20.367,1019.127,0.0,0,26,1
2025-01-26 01:00:00,2.146,25,19.561,1018.084,0.0,1,26,1
2025-01-26 02:00:00,3.042,42,22.426,1015.956,52.189,2,26,1
2025-01-26 03:00:00,2.762,66,20.881,1015.193,0.0,3,26,1
2025-01-26 04:00:00,3.095,53,21.65,1013.793,0.0,4,26,1
2025-01-26 05:00:00,4.438,43,23.834,1010.274,0.0,5,26,1
2025-01-26 06:00:00,5.127,35,24.809,1013.409,4.311,6,26,1
2025-01-26 07:00:00,5.958,11,25.029,1014.362,136.935,7,26,1
2025-01-26 08:00:00,5.212,5,22.916,1014.746,0.0,8,26,1
2025-01-26 09:00:00,4.432,31,25.849,1015.466,44.547,9,26,1
2025-01-26 10:00:00,4.065,14,24.028,1016.821,0.0,10,26,1
2025-01-26 11:00:00,2.259,40,25.413,1011.981,0.0,11,26,1
2025-01-26 12:00:00,5.192,34,23.089,1012.008,27.553,12,26,1
2025-01-26 13:00:00,4.182,74,24.827,1018.41,0.0,13,26,1
2025-01-26 14:00:00,4.728,64,22.68,1016.37,1.621,14,26,1
2025-01-26 15:00:00,5.002,64,21.372,1012.885,2.488,15,26,1
2025-01-26 16:00:00,2.758,50,22.988,1013.736,0.0,16,26,1
2025-01-26 17:00:00,2.273,40,21.65,1013.749,72.588,17,26,1
2025-01-26 18:00:00,4.829,66,19.915,1014.152,22.056,18,26,1
2025-01-26 19:00:00,4.093,77,21.795,1015.475,0.0,19,26,1
2025-01-26 20:00:00,2.75,98,19.078,1021.662,0.0,20,26,1
2025-01-26 21:00:00,2.759,76,19.38,1014.627,0.0,21,26,1
2025-01-26 22:00:00,4.106,90,19.599,1016.045,0.0,22,26,1
2025-01-26 23:00:00,4.352,75,18.671,1008.998,50.343,23,26,1
2025-01-27 00:00:00,1.693,53,20.395,1012.569,0.0,0,27,1
2025-01-27 01:00:00,4.446,59,19.695,1017.71,0.0,1,27,1
2025-01-27 02:00:00,4.649,65,20.484,1015.23,18.374,2,27,1
2025-01-27 03:00:00,3.531,68,23.35,1000.856,0.0,3,27,1
2025-01-27 04:00:00,2.093,83,21.246,1016.045,0.0,4,27,1
2025-01-27 05:00:00,4.337,101,20.371,1019.778,58.293,5,27,1
2025-01-27 06:00:00,4.528,130,25.908,1008.036,0.0,6,27,1
2025-01-27 07:00:00,2.485,111,27.632,1018.581,86.693,7,27,1
2025-01-27 08:00:00,3.336,140,24.533,1005.707,58.132,8,27,1
2025-01-27 09:00:00,7.552,176,22.961,1016.837,294.469,9,27,1
2025-01-27 10:00:00,5.391,172,24.978,1013.997,22.154,10,27,1
2025-01-27 11:00:00,3.836,144,24.868,1006.973,29.675,11,27,1
2025-01-27 12:00:00,3.008,121,24.65,1015.362,29.217,12,27,1
2025-01-27 13:00:00,5.888,115,23.036,1017.476,46.504,13,27,1
2025-01-27 14:00:00,5.68,153,24.425,1015.115,0.0,14,27,1
2025-01-27 15:00:00,6.154,155,23.622,1015.778,223.634,15,27,1
2025-01-27 16:00:00,4.854,146,20.419,1012.788,74.348,16,27,1
2025-01-27 17:00:00,5.462,136,22.28,1008.439,58.454,17,27,1
2025-01-27 18:00:00,3.113,114,23.196,1016.099,9.673,18,27,1
2025-01-27 19:00:00,3.395,132,20.341,1019.273,34.385,19,27,1
2025-01-27 20:00:00,3.527,133,19.283,1017.412,41.263,20,27,1
2025-01-27 21:00:00,4.751,173,19.252,1008.06,0.0,21,27,1
2025-01-27 22:00:00,3.875,186,20.095,1009.479,0.0,22,27,1
2025-01-27 23:00:00,2.488,203,17.419,1011.485,0.0,23,27,1
2025-01-28 00:00:00,2.854,201,20.108,1009.209,0.0,0,28,1
2025-01-28 01:00:00,1.021,184,19.948,1014.121,42.394,1,28,1
2025-01-28 02:00:00,0.0,171,23.277,1015.168,0.0,2,28,1
2025-01-28 03:00:00,3.161,149,21.587,1009.697,0.0,3,28,1
2025-01-28 04:00:00,2.918,168,24.578,1016.319,0.0,4,28,1
2025-01-28 05:00:00,3.097,163,22.023,1015.791,8.492,5,28,1
2025-01-28 06:00:00,4.54,182,24.761,1012.344,58.35,6,28,1
2025-01-28 07:00:00,5.778,187,25.037,1013.47,163.979,7,28,1
2025-01-28 08:00:00,5.289,184,24.058,1008.139,25.307,8,28,1
2025-01-28 09:00:00,6.812,165,25.579,1012.991,234.231,9,28,1
2025-01-28 10:00:00,5.716,173,26.887,1014.01,107.526,10,28,1
2025-01-28 11:00:00,5.147,171,24.904,1014.494,63.814,11,28,1
2025-01-28 12:00:00,4.875,190,22.929,1015.125,21.787,12,28,1
2025-01-28 13:00:00,2.982,179,24.433,1014.721,0.0,13,28,1
2025-01-28 14:00:00,4.868,192,22.728,1013.195,0.0,14,28,1
2025-01-28 15:00:00,1.465,224,22.663,1014.847,0.0,15,28,1
2025-01-28 16:00:00,2.381,231,22.196,1016.994,19.09,16,28,1
2025-01-28 17:00:00,3.251,247,19.476,1013.702,0.0,17,28,1
2025-01-28 18:00:00,2.469,260,18.875,1014.941,0.0,18,28,1
2025-01-28 19:00:00,2.486,296,20.795,1013.429,36.564,19,28,1
2025-01-28 20:00:00,5.023,305,19.142,1012.048,18.884,20,28,1
2025-01-28 21:00:00,4.921,320,16.426,1015.557,0.0,21,28,1
2025-01-28 22:00:00,2.78,322,20.38,1012.322,0.0,22,28,1
2025-01-28 23:00:00,2.318,310,19.904,1015.146,45.135,23,28,1
2025-01-29 00:00:00,1.262,291,19.136,1014.036,0.0,0,29,1
2025-01-29 01:00:00,3.249,316,18.918,1013.04,11.566,1,29,1
2025-01-29 02:00:00,2.873,300,22.144,1012.967,0.0,2,29,1
2025-01-29 03:00:00,0.88,316,22.297,1012.427,0.0,3,29,1
2025-01-29 04:00:00,2.731,326,25.518,1009.014,0.0,4,29,1
2025-01-29 05:00:00,3.847,345,23.934,1015.1,0.0,5,29,1
2025-01-29 06:00:00,4.94,338,24.603,1014.646,31.7,6,29,1
2025-01-29 07:00:00,4.222,326,24.536,1016.501,0.0,7,29,1
2025-01-29 08:00:00,3.747,335,26.163,1012.357,60.437,8,29,1
2025-01-29 09:00:00,6.385,332,26.198,1019.638,132.798,9,29,1
2025-01-29 10:00:00,5.012,312,27.016,1012.812,0.0,10,29,1
2025-01-29 11:00:00,5.404,349,24.749,1011.326,111.91,11,29,1
2025-01-29 12:00:00,4.067,337,24.519,1010.971,0.0,12,29,1
2025-01-29 13:00:00,4.997,321,23.961,1008.75,0.0,13,29,1
2025-01-29 14:00:00,2.753,319,24.842,1018.549,0.0,14,29,1
2025-01-29 15:00:00,3.066,344,24.954,1018.065,72.024,15,29,1
2025-01-29 16:00:00,2.19,307,21.825,1015.754,103.008,16,29,1
2025-01-29 17:00:00,2.472,330,21.095,1011.263,0.0,17,29,1
2025-01-29 18:00:00,4.569,316,21.273,1019.385,0.0,18,29,1
2025-01-29 19:00:00,2.986,323,20.003,1012.896,3.84,19,29,1
2025-01-29 20:00:00,3.901,313,20.994,1013.144,0.0,20,29,1
2025-01-29 21:00:00,5.038,351,16.884,1018.263,28.719,21,29,1
2025-01-29 22:00:00,3.58,356,18.528,1015.928,0.0,22,29,1
2025-01-29 23:00:00,4.266,346,18.72,1020.555,29.733,23,29,1
2025-01-30 00:00:00,3.978,343,17.291,1014.66,0.0,0,30,1
2025-01-30 01:00:00,3.457,347,19.424,1012.723,10.933,1,30,1
2025-01-30 02:00:00,4.096,353,20.125,1012.079,0.0,2,30,1
2025-01-30 03:00:00,5.658,2,21.719,1008.373,41.865,3,30,1
2025-01-30 04:00:00,3.435,4,24.076,1013.078,0.0,4,30,1
2025-01-30 05:00:00,2.473,343,23.218,1017.348,0.0,5,30,1
2025-01-30 06:00:00,2.222,339,22.983,1015.71,0.0,6,30,1
2025-01-30 07:00:00,4.574,352,24.75,1013.975,65.444,7,30,1
2025-01-30 08:00:00,5.594,342,26.524,1010.929,56.996,8,30,1
2025-01-30 09:00:00,4.086,357,24.359,1014.595,11.19,9,30,1
2025-01-30 10:00:00,1.809,360,24.503,1016.952,0.0,10,30,1
2025-01-30 11:00:00,2.768,359,26.128,1015.206,0.0,11,30,1
2025-01-30 12:00:00,4.468,22,24.858,1014.414,0.0,12,30,1
2025-01-30 13:00:00,4.262,354,25.395,1011.523,0.0,13,30,1
2025-01-30 14:00:00,4.401,344,23.959,1016.515,25.02,14,30,1
2025-01-30 15:00:00,3.535,8,24.08,1004.518,0.0,15,30,1
2025-01-30 16:00:00,4.902,43,21.216,1015.062,0.0,16,30,1
2025-01-30 17:00:00,4.446,87,21.673,1021.625,0.0,17,30,1
2025-01-30 18:00:00,4.45,90,20.726,1009.389,0.0,18,30,1
2025-01-30 19:00:00,3.84,101,18.921,1013.19,44.844,19,30,1
2025-01-30 20:00:00,3.96,118,18.057,1013.89,42.775,20,30,1
2025-01-30 21:00:00,3.845,143,20.491,1012.526,0.0,21,30,1
2025-01-30 22:00:00,2.163,151,19.182,1017.023,0.0,22,30,1
2025-01-30 23:00:00,3.098,170,18.515,1015.331,15.194,23,30,1
2025-01-31 00:00:00,3.904,181,20.042,1014.332,25.945,0,31,1
2025-01-31 01:00:00,4.632,193,22.017,1016.267,106.268,1,31,1
2025-01-31 02:00:00,4.097,179,18.569,1013.925,3.097,2,31,1
2025-01-31 03:00:00,2.438,176,20.247,1023.415,64.281,3,31,1
2025-01-31 04:00:00,2.197,169,21.716,1014.329,0.0,4,31,1
2025-01-31 05:00:00,2.679,150,25.348,1014.461,0.0,5,31,1
2025-01-31 06:00:00,3.682,123,24.642,1008.744,0.0,6,31,1
2025-01-31 07:00:00,3.768,118,25.822,1012.245,9.819,7,31,1
2025-01-31 08:00:00,2.746,116,23.98,1017.317,35.614,8,31,1
2025-01-31 09:00:00,2.487,120,24.27,1009.869,0.0,9,31,1
2025-01-31 10:00:00,1.338,133,26.216,1007.402,10.356,10,31,1
2025-01-31 11:00:00,0.0,139,25.61,1013.972,33.232,11,31,1
2025-01-31 12:00:00,2.794,137,25.865,1017.987,30.098,12,31,1
2025-01-31 13:00:00,6.47,123,24.476,1014.002,73.914,13,31,1
2025-01-31 14:00:00,6.98,141,24.392,1012.867,254.622,14,31,1
2025-01-31 15:00:00,3.852,142,23.511,1008.3,2.575,15,31,1
2025-01-31 16:00:00,4.016,137,23.474,1015.232,36.061,16,31,1
2025-01-31 17:00:00,2.085,136,22.738,1015.859,0.0,17,31,1
2025-01-31 18:00:00,1.506,125,19.117,1008.53,20.957,18,31,1
2025-01-31 19:00:00,1.331,118,17.766,1017.279,61.008,19,31,1
2025-01-31 20:00:00,2.29,110,21.218,1016.172,0.0,20,31,1
2025-01-31 21:00:00,2.571,107,21.176,1017.272,15.626,21,31,1
2025-01-31 22:00:00,3.113,121,18.461,1015.626,68.742,22,31,1
2025-01-31 23:00:00,3.744,131,17.592,1015.836,0.0,23,31,1
2025-02-01 00:00:00,2.82,161,20.36,1015.397,0.0,0,1,2
2025-02-01 01:00:00,2.999,185,21.863,1016.441,37.182,1,1,2
2025-02-01 02:00:00,1.836,223,23.547,1008.379,78.918,2,1,2
2025-02-01 03:00:00,1.274,236,22.746,1009.332,70.883,3,1,2
2025-02-01 04:00:00,1.033,248,22.461,1011.627,39.324,4,1,2
2025-02-01 05:00:00,3.554,242,22.606,1013.446,0.0,5,1,2
2025-02-01 06:00:00,3.364,260,24.4,1015.0,0.0,6,1,2
2025-02-01 07:00:00,1.658,251,24.625,1014.809,0.0,7,1,2
2025-02-01 08:00:00,3.287,227,24.213,1017.187,2.553,8,1,2
2025-02-01 09:00:00,2.53,257,28.155,1017.281,92.855,9,1,2
2025-02-01 10:00:00,5.68,237,27.904,1011.218,8.196,10,1,2
2025-02-01 11:00:00,4.142,248,26.986,1014.551,128.634,11,1,2
2025-02-01 12:00:00,5.076,235,24.185,1011.292,10.767,12,1,2
2025-02-01 13:00:00,5.798,258,25.81,1013.27,36.121,13,1,2
2025-02-01 14:00:00,3.603,283,24.909,1014.801,47.275,14,1,2
2025-02-01 15:00:00,3.975,295,23.935,1003.609,54.077,15,1,2
2025-02-01 16:00:00,4.525,320,24.123,1021.069,48.563,16,1,2
2025-02-01 17:00:00,4.072,323,22.615,1015.534,0.0,17,1,2
2025-02-01 18:00:00,4.079,5,22.032,1012.048,31.95,18,1,2
2025-02-01 19:00:00,2.018,21,21.311,1019.617,0.0,19,1,2
2025-02-01 20:00:00,3.413,7,20.508,1012.793,0.0,20,1,2
2025-02-01 21:00:00,2.591,11,17.694,1014.233,0.0,21,1,2
2025-02-01 22:00:00,3.236,11,19.869,1012.374,0.0,22,1,2
2025-02-01 23:00:00,4.084,9,19.24,1018.791,62.398,23,1,2
2025-02-02 00:00:00,4.091,343,18.789,1013.479,0.0,0,2,2
2025-02-02 01:00:00,3.775,353,22.848,1014.243,0.0,1,2,2
2025-02-02 02:00:00,4.089,331,23.548,1017.406,0.0,2,2,2
2025-02-02 03:00:00,4.346,288,23.841,1015.55,65.874,3,2,2
2025-02-02 04:00:00,5.477,285,23.297,1013.631,18.094,4,2,2
2025-02-02 05:00:00,4.212,274,25.382,1017.125,69.254,5,2,2
2025-02-02 06:00:00,4.159,261,24.484,1021.41,64.464,6,2,2
2025-02-02 07:00:00,5.144,208,25.311,1014.746,10.172,7,2,2
2025-02-02 08:00:00,3.93,195,24.203,1014.144,4.444,8,2,2
2025-02-02 09:00:00,2.643,195,26.256,1014.306,0.0,9,2,2
2025-02-02 10:00:00,4.379,186,25.918,1017.725,39.166,10,2,2
2025-02-02 11:00:00,4.154,196,24.144,1011.997,0.0,11,2,2
2025-02-02 12:00:00,2.912,224,25.312,1012.959,0.0,12,2,2
2025-02-02 13:00:00,4.425,236,24.772,1009.182,12.748,13,2,2
2025-02-02 14:00:00,5.907,257,26.382,1010.243,0.0,14,2,2
2025-02-02 15:00:00,2.764,280,24.561,1012.241,0.0,15,2,2
2025-02-02 16:00:00,4.676,264,22.721,1013.626,52.747,16,2,2
2025-02-02 17:00:00,1.075,275,22.235,1019.101,7.593,17,2,2
2025-02-02 18:00:00,2.237,296,21.281,1015.402,52.341,18,2,2
2025-02-02 19:00:00,5.071,291,20.386,1011.058,11.27,19,2,2
2025-02-02 20:00:00,3.392,279,18.884,1011.61,0.0,20,2,2
2025-02-02 21:00:00,3.251,291,19.736,1017.918,0.0,21,2,2
2025-02-02 22:00:00,3.93,267,18.957,1017.174,0.0,22,2,2
2025-02-02 23:00:00,1.281,250,18.491,1013.879,108.124,23,2,2
2025-02-03 00:00:00,2.501,241,21.022,1012.424,15.155,0,3,2
2025-02-03 01:00:00,2.937,252,21.383,1017.127,0.0,1,3,2
2025-02-03 02:00:00,5.225,259,19.413,1010.772,0.0,2,3,2
2025-02-03 03:00:00,2.506,280,22.147,1014.928,0.0,3,3,2
2025-02-03 04:00:00,2.726,266,24.269,1020.57,0.0,4,3,2
2025-02-03 05:00:00,2.297,251,25.116,1014.368,41.756,5,3,2
2025-02-03 06:00:00,2.164,263,25.785,1011.425,0.0,6,3,2
2025-02-03 07:00:00,4.727,251,25.198,1014.983,0.0,7,3,2
2025-02-03 08:00:00,4.394,243,24.585,1012.342,0.0,8,3,2
2025-02-03 09:00:00,3.695,212,24.563,1009.57,36.893,9,3,2
2025-02-03 10:00:00,3.561,220,26.343,1015.855,0.0,10,3,2
2025-02-03 11:00:00,3.483,251,26.246,1017.105,0.0,11,3,2
2025-02-03 12:00:00,3.543,235,27.002,1012.819,0.0,12,3,2
2025-02-03 13:00:00,2.604,256,26.272,1012.62,121.324,13,3,2
2025-02-03 14:00:00,3.378,258,24.15,1010.867,67.272,14,3,2
2025-02-03 15:00:00,3.41,229,22.079,1013.302,81.022,15,3,2
2025-02-03 16:00:00,2.843,216,22.408,1012.065,0.0,16,3,2
2025-02-03 17:00:00,3.581,202,22.281,1010.719,0.0,17,3,2
2025-02-03 18:00:00,3.789,199,21.069,1019.429,0.0,18,3,2
2025-02-03 19:00:00,2.822,209,20.02,1015.151,29.911,19,3,2
2025-02-03 20:00:00,2.88,245,20.57,1015.469,58.289,20,3,2
2025-02-03 21:00:00,5.468,222,19.397,1016.402,72.482,21,3,2
2025-02-03 22:00:00,6.214,216,19.182,1016.065,71.946,22,3,2
2025-02-03 23:00:00,2.787,203,20.449,1012.513,0.0,23,3,2
2025-02-04 00:00:00,1.859,183,20.01,1014.526,34.131,0,4,2
2025-02-04 01:00:00,1.441,188,21.291,1012.902,39.604,1,4,2
2025-02-04 02:00:00,3.818,191,21.969,1015.024,9.68,2,4,2
2025-02-04 03:00:00,3.017,161,21.011,1014.734,7.139,3,4,2
2025-02-04 04:00:00,3.611,164,22.581,1012.561,3.537,4,4,2
2025-02-04 05:00:00,5.952,145,25.655,1009.721,100.507,5,4,2
2025-02-04 06:00:00,4.53,148,23.243,1014.147,51.556,6,4,2
2025-02-04 07:00:00,5.013,174,22.696,1013.096,62.844,7,4,2
2025-02-04 08:00:00,5.058,185,23.449,1008.038,31.212,8,4,2
2025-02-04 09:00:00,3.877,191,25.983,1015.232,0.0,9,4,2
2025-02-04 10:00:00,5.438,184,26.051,1016.605,45.542,10,4,2
2025-02-04 11:00:00,3.765,188,25.734,1021.294,0.0,11,4,2
2025-02-04 12:00:00,5.725,201,26.998,1012.535,26.554,12,4,2
2025-02-04 13:00:00,4.094,212,21.828,1012.093,34.551,13,4,2
2025-02-04 14:00:00,3.612,213,24.868,1010.38,0.0,14,4,2
2025-02-04 15:00:00,2.652,220,25.529,1014.335,44.766,15,4,2
2025-02-04 16:00:00,2.41,199,21.522,1014.316,0.0,16,4,2
2025-02-04 17:00:00,2.776,189,21.649,1011.275,45.078,17,4,2
2025-02-04 18:00:00,0.461,205,20.492,1013.184,35.033,18,4,2
2025-02-04 19:00:00,2.119,223,19.725,1007.773,46.361,19,4,2
2025-02-04 20:00:00,2.238,228,19.959,1016.488,0.0,20,4,2
2025-02-04 21:00:00,3.691,258,21.799,1011.397,23.675,21,4,2
2025-02-04 22:00:00,3.69,270,22.225,1013.605,41.771,22,4,2
2025-02-04 23:00:00,2.372,269,19.756,1009.429,0.0,23,4,2
2025-02-05 00:00:00,2.253,250,22.863,1011.917,93.593,0,5,2
2025-02-05 01:00:00,2.521,279,21.125,1012.826,124.627,1,5,2
2025-02-05 02:00:00,4.665,296,23.83,1013.63,68.665,2,5,2
2025-02-05 03:00:00,2.808,331,22.351,1015.104,44.323,3,5,2
2025-02-05 04:00:00,2.444,12,23.4,1017.982,32.382,4,5,2
2025-02-05 05:00:00,1.984,353,24.452,1015.862,0.0,5,5,2
2025-02-05 06:00:00,1.556,333,28.537,1016.551,0.0,6,5,2
2025-02-05 07:00:00,3.594,284,26.342,1018.003,53.8,7,5,2
2025-02-05 08:00:00,4.238,304,24.919,1015.373,0.0,8,5,2
2025-02-05 09:00:00,5.766,319,27.195,1013.554,16.123,9,5,2
2025-02-05 10:00:00,6.034,324,25.664,1016.692,77.3,10,5,2
2025-02-05 11:00:00,7.696,305,25.372,1016.883,407.732,11,5,2
2025-02-05 12:00:00,5.376,306,26.716,1015.61,0.165,12,5,2
2025-02-05 13:00:00,4.361,312,25.158,1009.3,0.0,13,5,2
2025-02-05 14:00:00,2.757,329,24.811,1011.14,0.0,14,5,2
2025-02-05 15:00:00,4.432,337,23.757,1012.84,0.0,15,5,2
2025-02-05 16:00:00,4.19,352,23.364,1016.003,0.0,16,5,2
2025-02-05 17:00:00,4.596,353,22.699,1013.6,0.0,17,5,2
2025-02-05 18:00:00,2.541,16,19.156,1017.075,14.349,18,5,2
2025-02-05 19:00:00,3.47,30,21.682,1017.61,27.095,19,5,2
2025-02-05 20:00:00,3.5,12,19.257,1017.262,27.628,20,5,2
2025-02-05 21:00:00,3.355,40,18.439,1017.281,33.681,21,5,2
2025-02-05 22:00:00,2.313,65,20.035,1010.553,0.0,22,5,2
2025-02-05 23:00:00,4.112,76,20.344,1015.112,0.0,23,5,2
2025-02-06 00:00:00,5.705,84,19.829,1011.796,86.939,0,6,2
2025-02-06 01:00:00,2.636,117,22.164,1008.672,0.0,1,6,2
2025-02-06 02:00:00,3.826,91,20.2,1012.756,51.78,2,6,2
2025-02-06 03:00:00,0.176,116,22.059,1017.593,20.976,3,6,2
2025-02-06 04:00:00,3.191,110,22.626,1015.001,70.634,4,6,2
2025-02-06 05:00:00,1.377,133,24.042,1019.672,0.0,5,6,2
2025-02-06 06:00:00,2.464,138,25.142,1014.151,58.714,6,6,2
2025-02-06 07:00:00,2.029,119,24.196,1020.962,111.907,7,6,2
2025-02-06 08:00:00,3.253,113,26.721,1014.151,3.009,8,6,2
2025-02-06 09:00:00,4.941,134,26.193,1013.686,51.872,9,6,2
2025-02-06 10:00:00,2.436,133,23.912,1009.781,0.0,10,6,2
2025-02-06 11:00:00,3.364,125,23.694,1016.951,49.337,11,6,2
2025-02-06 12:00:00,3.471,117,25.696,1012.112,62.445,12,6,2
2025-02-06 13:00:00,5.865,132,24.94,1011.678,51.167,13,6,2
2025-02-06 14:00:00,5.24,167,24.438,1017.463,71.113,14,6,2
2025-02-06 15:00:00,3.085,132,23.791,1017.094,15.428,15,6,2
2025-02-06 16:00:00,3.079,185,23.315,1017.015,21.495,16,6,2
2025-02-06 17:00:00,5.281,192,23.411,1012.532,86.011,17,6,2
2025-02-06 18:00:00,4.898,206,20.232,1013.466,52.867,18,6,2
2025-02-06 19:00:00,2.777,201,19.561,1013.439,0.0,19,6,2
2025-02-06 20:00:00,2.736,204,19.208,1015.966,45.831,20,6,2
2025-02-06 21:00:00,2.681,211,20.602,1018.28,61.152,21,6,2
2025-02-06 22:00:00,2.265,195,21.683,1014.723,0.0,22,6,2
2025-02-06 23:00:00,0.766,184,19.811,1019.544,0.0,23,6,2
2025-02-07 00:00:00,1.488,208,17.745,1016.264,0.0,0,7,2
2025-02-07 01:00:00,4.148,183,19.207,1012.868,37.41,1,7,2
2025-02-07 02:00:00,3.053,194,20.896,1016.058,67.272,2,7,2
2025-02-07 03:00:00,3.12,190,21.963,1018.69,0.0,3,7,2
2025-02-07 04:00:00,3.541,176,22.923,1019.567,7.897,4,7,2
2025-02-07 05:00:00,6.195,215,24.23,1017.133,104.306,5,7,2
2025-02-07 06:00:00,4.643,201,24.518,1013.649,0.0,6,7,2
2025-02-07 07:00:00,5.507,184,26.749,1012.922,66.896,7,7,2
2025-02-07 08:00:00,3.943,184,25.126,1015.301,0.0,8,7,2
2025-02-07 09:00:00,3.905,173,25.167,1018.594,0.0,9,7,2
2025-02-07 10:00:00,4.255,176,26.842,1014.874,0.0,10,7,2
2025-02-07 11:00:00,3.48,182,24.286,1014.936,32.784,11,7,2
2025-02-07 12:00:00,3.869,189,26.263,1013.726,15.425,12,7,2
2025-02-07 13:00:00,5.2,190,25.413,1012.589,13.157,13,7,2
2025-02-07 14:00:00,3.612,181,24.47,1013.086,2.83,14,7,2
2025-02-07 15:00:00,3.915,196,25.816,1013.979,0.0,15,7,2
2025-02-07 16:00:00,4.709,197,22.383,1018.727,80.683,16,7,2
2025-02-07 17:00:00,3.075,191,24.831,1012.853,0.0,17,7,2
2025-02-07 18:00:00,4.625,221,21.38,1013.73,50.285,18,7,2
2025-02-07 19:00:00,3.832,222,19.52,1010.976,0.0,19,7,2
2025-02-07 20:00:00,3.199,245,20.689,1015.722,44.812,20,7,2
2025-02-07 21:00:00,0.795,270,19.048,1017.672,57.052,21,7,2
2025-02-07 22:00:00,1.847,296,19.372,1018.446,59.648,22,7,2
2025-02-07 23:00:00,3.028,312,20.89,1014.182,80.906,23,7,2
2025-02-08 00:00:00,5.011,315,21.499,1015.248,45.337,0,8,2
2025-02-08 01:00:00,4.348,317,20.591,1013.064,76.878,1,8,2
2025-02-08 02:00:00,4.855,316,23.165,1015.109,112.155,2,8,2
2025-02-08 03:00:00,2.435,280,24.106,1014.467,0.0,3,8,2
2025-02-08 04:00:00,3.016,296,25.221,1013.699,0.0,4,8,2
2025-02-08 05:00:00,4.881,304,24.904,1013.938,0.0,5,8,2
2025-02-08 06:00:00,3.189,322,26.613,1014.88,58.387,6,8,2
2025-02-08 07:00:00,4.891,323,23.318,1012.642,0.0,7,8,2
2025-02-08 08:00:00,5.279,338,25.641,1012.797,0.0,8,8,2
2025-02-08 09:00:00,4.955,316,25.247,1018.647,0.0,9,8,2
2025-02-08 10:00:00,4.206,298,26.496,1021.656,0.0,10,8,2
2025-02-08 11:00:00,3.224,257,25.528,1009.912,15.009,11,8,2
2025-02-08 12:00:00,6.065,258,25.681,1009.746,42.371,12,8,2
2025-02-08 13:00:00,5.621,247,27.634,1010.653,0.0,13,8,2
2025-02-08 14:00:00,5.063,234,24.528,1013.215,29.002,14,8,2
2025-02-08 15:00:00,3.914,243,24.492,1016.212,3.689,15,8,2
2025-02-08 16:00:00,3.94,239,22.936,1015.298,0.0,16,8,2
2025-02-08 17:00:00,3.967,216,22.535,1014.041,0.0,17,8,2
2025-02-08 18:00:00,4.117,265,21.743,1015.112,0.968,18,8,2
2025-02-08 19:00:00,4.432,268,21.675,1011.448,0.0,19,8,2
2025-02-08 20:00:00,2.687,252,22.089,1012.792,0.0,20,8,2
2025-02-08 21:00:00,1.256,243,22.402,1013.464,64.861,21,8,2
2025-02-08 22:00:00,2.526,243,20.731,1008.772,118.06,22,8,2
2025-02-08 23:00:00,0.815,243,21.206,1010.041,0.0,23,8,2
2025-02-09 00:00:00,1.917,270,19.536,1010.111,0.0,0,9,2
2025-02-09 01:00:00,2.111,272,21.317,1015.768,0.0,1,9,2
2025-02-09 02:00:00,3.403,309,23.194,1014.212,10.921,2,9,2
2025-02-09 03:00:00,5.639,305,23.842,1015.309,63.052,3,9,2
2025-02-09 04:00:00,1.966,316,23.837,1007.957,33.588,4,9,2
2025-02-09 05:00:00,5.756,338,25.418,1009.025,194.049,5,9,2
2025-02-09 06:00:00,4.229,2,25.651,1015.466,0.0,6,9,2
2025-02-09 07:00:00,4.521,29,27.101,1005.14,0.0,7,9,2
2025-02-09 08:00:00,2.692,27,26.455,1017.15,84.763,8,9,2
2025-02-09 09:00:00,4.951,30,25.946,1008.006,0.0,9,9,2
2025-02-09 10:00:00,4.634,350,26.841,1016.006,58.578,10,9,2
2025-02-09 11:00:00,4.429,350,22.783,1010.81,44.843,11,9,2
2025-02-09 12:00:00,2.189,12,26.426,1016.623,68.028,12,9,2
2025-02-09 13:00:00,3.727,31,21.082,1023.101,106.576,13,9,2
2025-02-09 14:00:00,5.034,33,22.749,1006.657,46.416,14,9,2
2025-02-09 15:00:00,4.111,67,24.623,1015.562,0.0,15,9,2
2025-02-09 16:00:00,5.314,63,23.873,1008.052,2.275,16,9,2
2025-02-09 17:00:00,5.528,53,21.134,1014.756,174.992,17,9,2
2025-02-09 18:00:00,3.43,48,20.966,1012.856,0.0,18,9,2
2025-02-09 19:00:00,5.202,31,22.867,1013.865,63.648,19,9,2
2025-02-09 20:00:00,3.891,46,20.195,1010.741,0.0,20,9,2
2025-02-09 21:00:00,3.393,55,23.202,1015.818,0.0,21,9,2
2025-02-09 22:00:00,3.239,69,20.443,1009.131,48.827,22,9,2
2025-02-09 23:00:00,3.138,65,21.073,1017.201,1.987,23,9,2
2025-02-10 00:00:00,0.021,67,22.943,1012.199,0.0,0,10,2
2025-02-10 01:00:00,1.872,31,21.666,1009.218,0.0,1,10,2
2025-02-10 02:00:00,1.195,41,20.949,1018.211,0.0,2,10,2
2025-02-10 03:00:00,4.517,46,22.757,1013.224,49.896,3,10,2
2025-02-10 04:00:00,5.666,30,23.626,1019.149,49.651,4,10,2
2025-02-10 05:00:00,5.322,32,22.802,1017.09,0.0,5,10,2
2025-02-10 06:00:00,4.085,31,24.841,1011.032,5.953,6,10,2
2025-02-10 07:00:00,2.919,66,24.856,1013.171,31.969,7,10,2
2025-02-10 08:00:00,3.046,50,27.302,1013.789,0.0,8,10,2
2025-02-10 09:00:00,6.157,59,26.5,1018.005,111.849,9,10,2
2025-02-10 10:00:00,4.184,43,26.185,1014.739,7.659,10,10,2
2025-02-10 11:00:00,1.648,36,26.258,1013.955,0.0,11,10,2
2025-02-10 12:00:00,4.704,44,26.319,1012.827,19.476,12,10,2
2025-02-10 13:00:00,6.185,44,26.286,1013.275,148.319,13,10,2
2025-02-10 14:00:00,6.769,47,23.703,1017.34,238.569,14,10,2
2025-02-10 15:00:00,6.142,56,22.916,1013.437,147.517,15,10,2
2025-02-10 16:00:00,6.007,51,24.711,1012.241,53.493,16,10,2
2025-02-10 17:00:00,4.514,70,22.12,1011.733,46.557,17,10,2
2025-02-10 18:00:00,1.454,68,20.206,1011.765,25.601,18,10,2
2025-02-10 19:00:00,2.762,70,21.841,1009.22,0.0,19,10,2
2025-02-10 20:00:00,3.767,80,21.417,1011.175,0.0,20,10,2
2025-02-10 21:00:00,3.143,87,18.759,1017.922,37.393,21,10,2
2025-02-10 22:00:00,2.839,102,20.806,1012.807,75.73,22,10,2
2025-02-10 23:00:00,1.823,111,21.552,1015.54,0.0,23,10,2
2025-02-11 00:00:00,1.47,123,21.538,1005.939,90.203,0,11,2
2025-02-11 01:00:00,4.671,121,22.352,1015.081,79.763,1,11,2
2025-02-11 02:00:00,5.829,105,20.552,1012.892,86.888,2,11,2
2025-02-11 03:00:00,4.148,83,23.371,1011.931,0.0,3,11,2
2025-02-11 04:00:00,4.049,56,23.391,1013.919,25.349,4,11,2
2025-02-11 05:00:00,2.694,91,23.946,1011.888,0.0,5,11,2
2025-02-11 06:00:00,4.25,55,26.278,1007.004,0.0,6,11,2
2025-02-11 07:00:00,6.158,80,27.607,1016.142,23.069,7,11,2
2025-02-11 08:00:00,3.096,69,28.432,1014.105,0.0,8,11,2
2025-02-11 09:00:00,4.475,94,28.122,1012.434,138.778,9,11,2
2025-02-11 10:00:00,5.058,58,26.478,1010.477,32.154,10,11,2
2025-02-11 11:00:00,5.25,57,26.894,1008.966,48.54,11,11,2
2025-02-11 12:00:00,6.578,87,27.057,1014.047,149.287,12,11,2
2025-02-11 13:00:00,7.411,103,25.777,1018.216,241.665,13,11,2
2025-02-11 14:00:00,4.993,100,25.146,1013.985,9.34,14,11,2
2025-02-11 15:00:00,5.149,68,25.24,1009.227,37.602,15,11,2
2025-02-11 16:00:00,4.403,48,23.4,1014.051,0.0,16,11,2
2025-02-11 17:00:00,3.209,76,21.825,1013.216,0.0,17,11,2
2025-02-11 18:00:00,3.733,73,21.495,1015.968,27.7,18,11,2
2025-02-11 19:00:00,4.244,75,22.155,1015.196,16.824,19,11,2
2025-02-11 20:00:00,3.784,84,20.951,1004.418,23.191,20,11,2
2025-02-11 21:00:00,2.294,64,21.09,1015.011,38.777,21,11,2
2025-02-11 22:00:00,2.242,75,21.42,1010.365,0.0,22,11,2
2025-02-11 23:00:00,2.217,71,20.305,1009.111,0.0,23,11,2
2025-02-12 00:00:00,1.784,80,22.082,1012.759,81.535,0,12,2
2025-02-12 01:00:00,3.022,73,22.134,1014.557,0.0,1,12,2
2025-02-12 02:00:00,3.622,48,20.841,1008.402,0.0,2,12,2
2025-02-12 03:00:00,4.565,44,24.791,1015.438,43.48,3,12,2
2025-02-12 04:00:00,2.877,59,23.239,1015.614,0.0,4,12,2
2025-02-12 05:00:00,2.781,70,22.625,1013.465,0.0,5,12,2
2025-02-12 06:00:00,5.329,74,24.066,1010.721,90.425,6,12,2
2025-02-12 07:00:00,4.297,94,24.692,1010.386,0.0,7,12,2
2025-02-12 08:00:00,4.289,94,26.427,1016.402,0.0,8,12,2
2025-02-12 09:00:00,4.13,99,26.301,1008.79,111.122,9,12,2
2025-02-12 10:00:00,5.632,94,26.291,1016.517,0.0,10,12,2
2025-02-12 11:00:00,6.18,115,27.3,1012.828,101.179,11,12,2
2025-02-12 12:00:00,6.273,124,26.631,1013.037,12.306,12,12,2
2025-02-12 13:00:00,5.004,118,26.097,1008.2,41.229,13,12,2
2025-02-12 14:00:00,3.481,95,25.566,1012.884,0.0,14,12,2
2025-02-12 15:00:00,6.102,118,25.077,1015.165,144.728,15,12,2
2025-02-12 16:00:00,5.602,108,21.028,1009.315,57.595,16,12,2
2025-02-12 17:00:00,3.802,113,22.349,1014.82,76.019,17,12,2
2025-02-12 18:00:00,5.254,159,19.462,1013.591,15.934,18,12,2
2025-02-12 19:00:00,3.351,177,21.523,1011.393,0.0,19,12,2
2025-02-12 20:00:00,4.871,210,21.027,1015.888,36.498,20,12,2
2025-02-12 21:00:00,5.362,204,22.022,1006.717,31.923,21,12,2
2025-02-12 22:00:00,2.712,227,22.127,1014.364,0.0,22,12,2
2025-02-12 23:00:00,3.565,231,21.084,1018.182,0.0,23,12,2
2025-02-13 00:00:00,4.091,241,20.66,1017.591,0.0,0,13,2
2025-02-13 01:00:00,6.419,281,22.348,1014.441,230.281,1,13,2
2025-02-13 02:00:00,3.391,280,21.775,1012.366,39.125,2,13,2
2025-02-13 03:00:00,5.014,284,23.144,1011.364,10.133,3,13,2
2025-02-13 04:00:00,4.031,271,25.11,1012.363,29.819,4,13,2
2025-02-13 05:00:00,2.393,291,24.028,1014.903,0.0,5,13,2
2025-02-13 06:00:00,3.281,285,26.372,1010.85,0.0,6,13,2
2025-02-13 07:00:00,3.828,307,26.817,1015.544,24.076,7,13,2
2025-02-13 08:00:00,2.888,281,25.305,1019.671,9.096,8,13,2
2025-02-13 09:00:00,4.238,294,27.884,1013.086,0.0,9,13,2
2025-02-13 10:00:00,5.468,286,27.62,1009.238,50.729,10,13,2
2025-02-13 11:00:00,5.055,303,26.765,1009.237,49.061,11,13,2
2025-02-13 12:00:00,4.008,306,25.394,1015.601,3.146,12,13,2
2025-02-13 13:00:00,4.071,300,24.772,1013.092,51.743,13,13,2
2025-02-13 14:00:00,4.179,297,24.515,1015.902,23.425,14,13,2
2025-02-13 15:00:00,4.366,285,25.075,1011.67,37.213,15,13,2
2025-02-13 16:00:00,5.334,304,22.496,1015.763,140.151,16,13,2
2025-02-13 17:00:00,4.556,289,23.397,1012.796,59.037,17,13,2
2025-02-13 18:00:00,2.25,288,20.674,1011.074,95.753,18,13,2
2025-02-13 19:00:00,2.35,298,21.321,1012.068,0.0,19,13,2
2025-02-13 20:00:00,3.117,331,21.25,1009.68,0.0,20,13,2
2025-02-13 21:00:00,4.389,334,23.788,1019.239,1.858,21,13,2
2025-02-13 22:00:00,4.951,333,19.135,1012.982,14.109,22,13,2
2025-02-13 23:00:00,5.665,342,22.693,1015.205,147.099,23,13,2
2025-02-14 00:00:00,4.025,308,21.526,1011.607,0.0,0,14,2
2025-02-14 01:00:00,4.27,290,22.345,1010.062,2.995,1,14,2
2025-02-14 02:00:00,1.878,287,22.637,1012.516,22.285,2,14,2
2025-02-14 03:00:00,3.373,278,23.765,1016.521,5.693,3,14,2
2025-02-14 04:00:00,2.245,253,23.828,1011.656,0.0,4,14,2
2025-02-14 05:00:00,3.173,272,26.528,1010.606,19.74,5,14,2
2025-02-14 06:00:00,7.158,280,24.944,1013.684,317.17,6,14,2
2025-02-14 07:00:00,5.433,286,27.448,1014.715,135.826,7,14,2
2025-02-14 08:00:00,3.634,277,25.763,1018.146,2.728,8,14,2
2025-02-14 09:00:00,4.592,282,26.729,1014.279,0.0,9,14,2
2025-02-14 10:00:00,3.889,295,25.581,1015.15,86.914,10,14,2
2025-02-14 11:00:00,3.167,294,27.275,1015.376,0.0,11,14,2
2025-02-14 12:00:00,6.44,306,28.129,1009.759,240.758,12,14,2
2025-02-14 13:00:00,6.259,295,25.797,1010.328,196.421,13,14,2
2025-02-14 14:00:00,5.293,300,25.01,1009.966,124.545,14,14,2
2025-02-14 15:00:00,4.029,324,23.172,1009.221,41.523,15,14,2
2025-02-14 16:00:00,3.593,350,23.454,1015.604,0.0,16,14,2
2025-02-14 17:00:00,5.455,17,21.047,1014.088,0.0,17,14,2
2025-02-14 18:00:00,4.509,26,21.154,1013.456,28.661,18,14,2
2025-02-14 19:00:00,0.186,30,21.924,1005.44,0.0,19,14,2
2025-02-14 20:00:00,5.011,26,22.787,1019.384,10.822,20,14,2
2025-02-14 21:00:00,3.923,358,24.31,1010.535,36.404,21,14,2
2025-02-14 22:00:00,3.705,337,20.17,1019.373,0.0,22,14,2
2025-02-14 23:00:00,4.472,338,22.735,1008.87,0.0,23,14,2
2025-02-15 00:00:00,4.026,340,21.725,1010.726,52.493,0,15,2
2025-02-15 01:00:00,4.254,8,21.756,1006.555,35.031,1,15,2
2025-02-15 02:00:00,3.06,35,23.1,1014.249,0.0,2,15,2
2025-02-15 03:00:00,1.849,26,23.392,1009.859,39.12,3,15,2
2025-02-15 04:00:00,3.313,44,24.231,1009.944,5.329,4,15,2
2025-02-15 05:00:00,5.239,39,24.379,1009.046,110.619,5,15,2
2025-02-15 06:00:00,3.6,55,23.9,1015.495,9.043,6,15,2
2025-02-15 07:00:00,3.096,73,24.323,1015.297,72.819,7,15,2
2025-02-15 08:00:00,5.277,99,27.406,1018.599,0.0,8,15,2
2025-02-15 09:00:00,4.132,94,26.556,1011.106,30.008,9,15,2
2025-02-15 10:00:00,3.864,116,26.238,1013.82,0.0,10,15,2
2025-02-15 11:00:00,3.837,86,26.825,1009.295,0.0,11,15,2
2025-02-15 12:00:00,4.166,113,27.435,1012.158,68.929,12,15,2
2025-02-15 13:00:00,2.488,116,26.192,1011.607,48.9,13,15,2
2025-02-15 14:00:00,3.055,120,24.545,1014.556,0.0,14,15,2
2025-02-15 15:00:00,4.022,87,26.067,1016.214,42.897,15,15,2
2025-02-15 16:00:00,4.207,84,25.71,1016.136,38.532,16,15,2
2025-02-15 17:00:00,5.214,112,23.638,1010.635,0.0,17,15,2
2025-02-15 18:00:00,6.196,108,23.504,1016.159,63.57,18,15,2
2025-02-15 19:00:00,6.019,125,23.228,1013.031,4.67,19,15,2
2025-02-15 20:00:00,5.171,129,22.647,1012.189,15.774,20,15,2
2025-02-15 21:00:00,3.595,152,21.762,1011.038,0.0,21,15,2
2025-02-15 22:00:00,2.49,159,21.678,1011.483,43.835,22,15,2
2025-02-15 23:00:00,2.852,146,21.722,1018.39,14.816,23,15,2
2025-02-16 00:00:00,3.641,151,20.201,1014.03,0.0,0,16,2
2025-02-16 01:00:00,4.217,184,22.865,1013.631,19.42,1,16,2
2025-02-16 02:00:00,4.254,197,21.04,1012.321,0.0,2,16,2
2025-02-16 03:00:00,3.513,199,22.45,1020.446,0.0,3,16,2
2025-02-16 04:00:00,4.436,243,25.748,1017.023,0.0,4,16,2
2025-02-16 05:00:00,5.409,268,25.963,1010.944,84.028,5,16,2
2025-02-16 06:00:00,5.414,287,27.448,1012.287,74.41,6,16,2
2025-02-16 07:00:00,4.486,297,25.936,1012.465,42.284,7,16,2
2025-02-16 08:00:00,3.366,314,25.326,1013.545,0.0,8,16,2
2025-02-16 09:00:00,3.054,332,26.685,1011.004,9.41,9,16,2
2025-02-16 10:00:00,3.206,297,27.162,1014.424,0.0,10,16,2
2025-02-16 11:00:00,4.351,308,26.995,1017.464,0.0,11,16,2
2025-02-16 12:00:00,5.007,309,27.927,1009.167,30.038,12,16,2
2025-02-16 13:00:00,2.946,304,25.628,1009.723,14.429,13,16,2
2025-02-16 14:00:00,3.246,304,25.841,1011.658,0.0,14,16,2
2025-02-16 15:00:00,4.1,280,23.495,1011.797,0.0,15,16,2
2025-02-16 16:00:00,2.943,251,24.441,1019.103,0.0,16,16,2
2025-02-16 17:00:00,3.974,277,23.134,1016.113,56.072,17,16,2
2025-02-16 18:00:00,3.327,289,21.522,1015.941,0.0,18,16,2
2025-02-16 19:00:00,2.52,249,21.541,1012.314,7.732,19,16,2
2025-02-16 20:00:00,3.049,242,21.156,1012.249,13.497,20,16,2
2025-02-16 21:00:00,3.532,262,20.787,1008.752,0.0,21,16,2
2025-02-16 22:00:00,2.212,261,23.172,1015.453,14.741,22,16,2
2025-02-16 23:00:00,2.464,287,21.067,1014.581,0.0,23,16,2
2025-02-17 00:00:00,3.381,310,21.311,1016.909,0.0,0,17,2
2025-02-17 01:00:00,2.313,289,19.593,1012.419,78.89,1,17,2
2025-02-17 02:00:00,1.016,290,21.68,1012.626,82.762,2,17,2
2025-02-17 03:00:00,0.838,286,23.174,1013.561,46.361,3,17,2
2025-02-17 04:00:00,2.186,265,23.447,1015.727,60.522,4,17,2
2025-02-17 05:00:00,1.715,243,26.699,1008.64,0.0,5,17,2
2025-02-17 06:00:00,2.807,232,25.552,1015.259,0.0,6,17,2
2025-02-17 07:00:00,5.595,224,27.894,1012.99,44.202,7,17,2
2025-02-17 08:00:00,3.1,233,26.869,1009.875,132.864,8,17,2
2025-02-17 09:00:00,3.631,256,27.104,1006.797,0.0,9,17,2
2025-02-17 10:00:00,6.63,269,27.019,1012.642,211.129,10,17,2
2025-02-17 11:00:00,5.635,286,26.991,1017.394,86.621,11,17,2
2025-02-17 12:00:00,4.404,285,28.716,1018.075,29.509,12,17,2
2025-02-17 13:00:00,4.198,300,23.364,1014.117,4.886,13,17,2
2025-02-17 14:00:00,4.727,301,23.102,1018.937,0.0,14,17,2
2025-02-17 15:00:00,6.252,297,24.116,1012.922,0.0,15,17,2
2025-02-17 16:00:00,4.066,335,24.004,1015.911,74.793,16,17,2
2025-02-17 17:00:00,2.969,297,24.044,1011.697,0.0,17,17,2
2025-02-17 18:00:00,1.771,267,23.075,1011.507,0.0,18,17,2
2025-02-17 19:00:00,2.968,278,21.448,1011.019,24.088,19,17,2
2025-02-17 20:00:00,1.518,277,22.685,1006.87,23.033,20,17,2
2025-02-17 21:00:00,2.053,255,22.434,1016.912,42.234,21,17,2
2025-02-17 22:00:00,1.665,240,21.353,1011.126,61.364,22,17,2
2025-02-17 23:00:00,3.803,227,22.426,1010.647,0.0,23,17,2
2025-02-18 00:00:00,2.694,247,22.017,1009.454,0.0,0,18,2
2025-02-18 01:00:00,3.425,273,21.522,1012.381,0.0,1,18,2
2025-02-18 02:00:00,1.44,306,23.676,1018.284,45.19,2,18,2
2025-02-18 03:00:00,2.895,281,23.708,1019.275,0.0,3,18,2
2025-02-18 04:00:00,1.951,260,24.358,1008.011,7.051,4,18,2
2025-02-18 05:00:00,2.667,238,26.894,1011.93,51.267,5,18,2
2025-02-18 06:00:00,6.06,265,22.894,1009.891,151.461,6,18,2
2025-02-18 07:00:00,5.807,276,24.732,1015.959,118.878,7,18,2
2025-02-18 08:00:00,4.609,281,25.456,1013.854,73.377,8,18,2
2025-02-18 09:00:00,8.125,289,26.71,1011.084,325.469,9,18,2
2025-02-18 10:00:00,4.583,292,26.906,1013.212,102.836,10,18,2
2025-02-18 11:00:00,5.844,276,25.264,1011.562,100.246,11,18,2
2025-02-18 12:00:00,3.134,289,25.557,1017.837,73.414,12,18,2
2025-02-18 13:00:00,3.688,290,25.2,1014.635,0.0,13,18,2
2025-02-18 14:00:00,2.52,272,28.539,1015.003,0.0,14,18,2
2025-02-18 15:00:00,3.884,286,27.015,1004.993,100.661,15,18,2
2025-02-18 16:00:00,3.976,282,23.579,1012.793,0.0,16,18,2
2025-02-18 17:00:00,3.459,290,22.866,1019.243,0.0,17,18,2
2025-02-18 18:00:00,4.773,292,21.215,1016.972,49.345,18,18,2
2025-02-18 19:00:00,3.171,312,19.706,1007.453,42.527,19,18,2
2025-02-18 20:00:00,3.578,320,21.408,1012.054,60.001,20,18,2
2025-02-18 21:00:00,4.199,308,20.086,1009.389,18.444,21,18,2
2025-02-18 22:00:00,1.701,318,21.116,1018.127,0.0,22,18,2
2025-02-18 23:00:00,1.72,328,19.436,1013.727,38.865,23,18,2
2025-02-19 00:00:00,2.667,341,20.862,1010.632,39.741,0,19,2
2025-02-19 01:00:00,3.686,3,22.46,1013.038,0.0,1,19,2
2025-02-19 02:00:00,5.005,357,23.364,1005.113,105.427,2,19,2
2025-02-19 03:00:00,3.652,12,24.163,1009.681,0.0,3,19,2
2025-02-19 04:00:00,3.217,346,22.857,1013.045,56.929,4,19,2
2025-02-19 05:00:00,2.565,348,26.238,1015.473,0.0,5,19,2
2025-02-19 06:00:00,3.865,347,24.961,1007.112,41.016,6,19,2
2025-02-19 07:00:00,3.684,16,27.279,1011.792,29.14,7,19,2
2025-02-19 08:00:00,3.754,17,26.954,1015.965,0.0,8,19,2
2025-02-19 09:00:00,4.063,32,25.58,1008.581,28.809,9,19,2
2025-02-19 10:00:00,4.955,4,26.918,1013.623,20.803,10,19,2
2025-02-19 11:00:00,3.978,2,27.597,1013.133,42.462,11,19,2
2025-02-19 12:00:00,3.405,352,27.56,1018.079,120.421,12,19,2
2025-02-19 13:00:00,4.554,40,26.15,1012.245,0.0,13,19,2
2025-02-19 14:00:00,0.872,32,27.514,1012.421,0.0,14,19,2
2025-02-19 15:00:00,2.362,37,26.148,1015.5,0.0,15,19,2
2025-02-19 16:00:00,2.095,43,23.851,1008.957,0.0,16,19,2
2025-02-19 17:00:00,4.589,18,24.288,1012.273,0.0,17,19,2
2025-02-19 18:00:00,3.377,13,25.0,1011.568,0.0,18,19,2
2025-02-19 19:00:00,2.728,24,24.434,1012.519,47.984,19,19,2
2025-02-19 20:00:00,3.004,30,20.161,1015.481,0.0,20,19,2
2025-02-19 21:00:00,2.386,354,20.257,1014.598,24.793,21,19,2
2025-02-19 22:00:00,2.358,348,23.086,1010.69,35.116,22,19,2
2025-02-19 23:00:00,2.907,9,20.173,1013.346,17.406,23,19,2
2025-02-20 00:00:00,2.505,24,20.275,1017.348,26.793,0,20,2
2025-02-20 01:00:00,2.417,50,21.784,1010.382,52.21,1,20,2
2025-02-20 02:00:00,1.798,36,23.515,1013.312,2.946,2,20,2
2025-02-20 03:00:00,1.535,63,23.624,1012.297,0.0,3,20,2
2025-02-20 04:00:00,2.966,66,23.747,1012.687,26.75,4,20,2
2025-02-20 05:00:00,3.841,99,24.489,1007.984,34.965,5,20,2
2025-02-20 06:00:00,2.257,103,25.152,1017.109,48.932,6,20,2
2025-02-20 07:00:00,4.38,70,25.55,1010.553,0.0,7,20,2
2025-02-20 08:00:00,5.175,89,29.79,1015.955,23.69,8,20,2
2025-02-20 09:00:00,5.753,85,27.674,1011.012,9.55,9,20,2
2025-02-20 10:00:00,5.214,82,28.447,1011.0,66.219,10,20,2
2025-02-20 11:00:00,5.444,60,26.657,1016.516,88.71,11,20,2
2025-02-20 12:00:00,7.282,93,26.687,1015.858,245.091,12,20,2
2025-02-20 13:00:00,4.968,88,25.549,1013.502,0.0,13,20,2
2025-02-20 14:00:00,3.284,120,22.58,1015.16,32.91,14,20,2
2025-02-20 15:00:00,2.075,116,23.371,1012.011,0.0,15,20,2
2025-02-20 16:00:00,5.346,103,22.072,1012.851,121.582,16,20,2
2025-02-20 17:00:00,6.293,131,20.774,1010.892,217.739,17,20,2
2025-02-20 18:00:00,3.375,134,21.331,1015.589,55.218,18,20,2
2025-02-20 19:00:00,2.537,137,23.757,1010.796,12.796,19,20,2
2025-02-20 20:00:00,2.626,118,21.667,1017.332,100.407,20,20,2
2025-02-20 21:00:00,4.357,114,23.004,1011.929,21.566,21,20,2
2025-02-20 22:00:00,1.98,126,21.883,1012.938,0.0,22,20,2
2025-02-20 23:00:00,0.412,107,22.467,1015.153,0.0,23,20,2
2025-02-21 00:00:00,4.676,101,20.866,1012.888,0.0,0,21,2
2025-02-21 01:00:00,3.974,98,23.082,1011.923,2.713,1,21,2
2025-02-21 02:00:00,3.988,103,23.971,1012.726,28.671,2,21,2
2025-02-21 03:00:00,3.337,134,23.141,1015.498,0.0,3,21,2
2025-02-21 04:00:00,4.017,133,25.285,1010.828,0.0,4,21,2
2025-02-21 05:00:00,2.088,125,26.064,1012.438,11.707,5,21,2
2025-02-21 06:00:00,2.366,179,25.433,1012.847,35.399,6,21,2
2025-02-21 07:00:00,3.663,175,25.344,1015.41,0.0,7,21,2
2025-02-21 08:00:00,1.453,176,25.717,1012.517,13.448,8,21,2
2025-02-21 09:00:00,3.08,174,27.507,1018.241,0.0,9,21,2
2025-02-21 10:00:00,3.585,173,27.861,1012.347,0.0,10,21,2
2025-02-21 11:00:00,3.837,179,26.379,1012.103,0.0,11,21,2
2025-02-21 12:00:00,3.616,200,27.028,1012.303,28.888,12,21,2
2025-02-21 13:00:00,2.983,211,27.175,1008.867,12.722,13,21,2
2025-02-21 14:00:00,1.749,235,26.59,1009.706,0.0,14,21,2
2025-02-21 15:00:00,3.509,258,26.973,1011.224,0.0,15,21,2
2025-02-21 16:00:00,3.448,266,25.863,1016.224,83.475,16,21,2
2025-02-21 17:00:00,2.064,277,22.358,1012.717,29.934,17,21,2
2025-02-21 18:00:00,3.14,301,24.871,1011.363,0.0,18,21,2
2025-02-21 19:00:00,2.959,285,21.616,1016.496,0.0,19,21,2
2025-02-21 20:00:00,2.607,334,23.06,1017.47,0.0,20,21,2
2025-02-21 21:00:00,0.463,329,21.622,1016.583,0.362,21,21,2
2025-02-21 22:00:00,2.985,327,20.981,1010.257,15.177,22,21,2
2025-02-21 23:00:00,1.582,309,19.445,1011.331,31.106,23,21,2
2025-02-22 00:00:00,2.636,292,21.827,1018.197,21.339,0,22,2
2025-02-22 01:00:00,2.025,314,20.667,1013.479,0.0,1,22,2
2025-02-22 02:00:00,2.388,359,24.342,1011.953,0.0,2,22,2
2025-02-22 03:00:00,4.38,353,25.739,1014.911,121.708,3,22,2
2025-02-22 04:00:00,4.431,2,23.743,1015.778,0.0,4,22,2
2025-02-22 05:00:00,5.264,10,25.832,1011.041,0.0,5,22,2
2025-02-22 06:00:00,4.742,32,25.308,1013.414,0.0,6,22,2
2025-02-22 07:00:00,4.768,76,26.022,1015.535,0.0,7,22,2
2025-02-22 08:00:00,2.376,108,28.153,1009.275,51.699,8,22,2
2025-02-22 09:00:00,3.362,108,27.442,1012.793,0.0,9,22,2
2025-02-22 10:00:00,3.838,122,29.642,1009.413,83.175,10,22,2
2025-02-22 11:00:00,5.674,138,26.837,1009.805,62.872,11,22,2
2025-02-22 12:00:00,4.263,142,28.281,1011.066,67.702,12,22,2
2025-02-22 13:00:00,4.643,127,26.693,1014.187,0.0,13,22,2
2025-02-22 14:00:00,4.643,117,26.888,1011.79,0.0,14,22,2
2025-02-22 15:00:00,5.612,142,24.66,1010.81,64.618,15,22,2
2025-02-22 16:00:00,4.321,169,24.356,1012.91,34.442,16,22,2
2025-02-22 17:00:00,4.881,170,23.507,1009.315,12.815,17,22,2
2025-02-22 18:00:00,2.022,179,21.933,1014.042,16.086,18,22,2
2025-02-22 19:00:00,1.08,205,23.133,1016.15,32.367,19,22,2
2025-02-22 20:00:00,0.0,179,22.672,1012.518,0.0,20,22,2
2025-02-22 21:00:00,3.004,175,22.339,1012.148,0.0,21,22,2
2025-02-22 22:00:00,3.799,216,23.405,1013.876,0.0,22,22,2
2025-02-22 23:00:00,4.296,226,23.439,1006.67,0.0,23,22,2
2025-02-23 00:00:00,2.664,210,21.669,1014.305,22.378,0,23,2
2025-02-23 01:00:00,2.316,216,23.072,1022.0,0.0,1,23,2
2025-02-23 02:00:00,2.791,239,22.519,1012.326,0.0,2,23,2
2025-02-23 03:00:00,4.846,197,24.032,1012.337,8.953,3,23,2
2025-02-23 04:00:00,5.919,204,24.065,1014.925,29.226,4,23,2
2025-02-23 05:00:00,5.36,202,27.499,1017.63,73.454,5,23,2
2025-02-23 06:00:00,4.775,177,26.7,1015.619,63.562,6,23,2
2025-02-23 07:00:00,5.86,183,26.6,1006.227,0.0,7,23,2
2025-02-23 08:00:00,4.484,185,28.741,1014.384,0.0,8,23,2
2025-02-23 09:00:00,3.961,189,24.969,1020.41,22.571,9,23,2
2025-02-23 10:00:00,4.143,187,25.223,1014.561,0.0,10,23,2
2025-02-23 11:00:00,3.241,173,28.456,1009.23,43.093,11,23,2
2025-02-23 12:00:00,3.856,151,27.24,1013.54,59.823,12,23,2
2025-02-23 13:00:00,2.923,143,26.962,1008.852,0.0,13,23,2
2025-02-23 14:00:00,5.005,163,24.427,1016.393,0.0,14,23,2
2025-02-23 15:00:00,5.024,172,25.254,1009.826,0.0,15,23,2
2025-02-23 16:00:00,5.929,175,26.906,1012.917,130.544,16,23,2
2025-02-23 17:00:00,2.577,161,24.72,1010.121,110.14,17,23,2
2025-02-23 18:00:00,5.423,159,23.226,1011.055,147.092,18,23,2
2025-02-23 19:00:00,2.231,177,21.897,1017.153,0.0,19,23,2
2025-02-23 20:00:00,1.524,190,21.503,1013.004,0.0,20,23,2
2025-02-23 21:00:00,1.881,186,19.157,1011.017,46.069,21,23,2
2025-02-23 22:00:00,4.164,143,21.955,1009.258,0.0,22,23,2
2025-02-23 23:00:00,3.643,135,22.8,1007.079,27.18,23,23,2
2025-02-24 00:00:00,2.952,131,20.313,1008.878,16.651,0,24,2
2025-02-24 01:00:00,2.146,119,21.915,1012.968,5.115,1,24,2
2025-02-24 02:00:00,1.293,116,21.963,1015.572,56.568,2,24,2
2025-02-24 03:00:00,4.004,135,22.931,1010.951,62.0,3,24,2
2025-02-24 04:00:00,4.617,139,24.934,1017.343,0.0,4,24,2
2025-02-24 05:00:00,5.581,161,23.139,1010.479,7.652,5,24,2
2025-02-24 06:00:00,4.923,138,27.086,1011.918,0.0,6,24,2
2025-02-24 07:00:00,1.334,137,27.852,1009.393,0.0,7,24,2
2025-02-24 08:00:00,1.881,106,27.093,1015.604,0.0,8,24,2
2025-02-24 09:00:00,4.102,103,24.682,1018.924,27.561,9,24,2
2025-02-24 10:00:00,3.912,89,26.529,1007.346,0.0,10,24,2
2025-02-24 11:00:00,3.65,116,29.065,1011.593,0.0,11,24,2
2025-02-24 12:00:00,2.922,128,23.919,1016.426,44.658,12,24,2
2025-02-24 13:00:00,4.995,151,26.33,1008.291,48.243,13,24,2
2025-02-24 14:00:00,5.023,148,24.688,1014.332,21.606,14,24,2
2025-02-24 15:00:00,4.981,134,26.332,1016.296,118.875,15,24,2
2025-02-24 16:00:00,3.543,119,23.776,1012.866,41.133,16,24,2
2025-02-24 17:00:00,3.881,128,24.301,1014.282,0.0,17,24,2
2025-02-24 18:00:00,2.121,165,23.786,1017.914,0.0,18,24,2
2025-02-24 19:00:00,2.82,177,24.712,1018.477,43.361,19,24,2
2025-02-24 20:00:00,0.186,175,21.819,1012.446,11.157,20,24,2
2025-02-24 21:00:00,0.358,176,22.248,1011.035,0.0,21,24,2
2025-02-24 22:00:00,1.797,180,19.949,1009.872,49.209,22,24,2
2025-02-24 23:00:00,5.348,221,23.299,1015.563,115.46,23,24,2
2025-02-25 00:00:00,1.714,248,21.376,1008.453,64.976,0,25,2
2025-02-25 01:00:00,1.226,257,22.121,1011.811,84.851,1,25,2
2025-02-25 02:00:00,2.827,263,23.411,1012.877,113.806,2,25,2
2025-02-25 03:00:00,5.233,273,22.299,1011.06,135.173,3,25,2
2025-02-25 04:00:00,4.33,286,25.229,1013.408,27.153,4,25,2
2025-02-25 05:00:00,4.74,283,26.886,1020.262,7.637,5,25,2
2025-02-25 06:00:00,3.806,272,26.785,1012.204,0.0,6,25,2
2025-02-25 07:00:00,3.423,295,25.125,1011.262,0.867,7,25,2
2025-02-25 08:00:00,4.084,300,27.33,1015.615,33.086,8,25,2
2025-02-25 09:00:00,3.525,322,28.635,1013.287,2.9,9,25,2
2025-02-25 10:00:00,4.983,356,25.556,1016.887,0.0,10,25,2
2025-02-25 11:00:00,2.792,9,26.381,1013.063,0.0,11,25,2
2025-02-25 12:00:00,4.936,20,28.389,1011.823,59.837,12,25,2
2025-02-25 13:00:00,4.603,82,27.156,1007.217,0.0,13,25,2
2025-02-25 14:00:00,4.125,90,26.683,1007.709,13.73,14,25,2
2025-02-25 15:00:00,2.224,75,27.683,1007.061,23.739,15,25,2
2025-02-25 16:00:00,2.252,74,25.234,1013.707,61.488,16,25,2
2025-02-25 17:00:00,4.638,106,24.69,1008.482,108.603,17,25,2
2025-02-25 18:00:00,3.665,87,26.445,1016.335,0.0,18,25,2
2025-02-25 19:00:00,3.79,78,22.337,1012.659,11.75,19,25,2
2025-02-25 20:00:00,2.396,102,21.19,1011.836,11.829,20,25,2
2025-02-25 21:00:00,2.844,102,22.395,1010.037,35.716,21,25,2
2025-02-25 22:00:00,1.395,104,22.343,1014.435,29.557,22,25,2
2025-02-25 23:00:00,2.602,128,21.323,1010.155,78.375,23,25,2
2025-02-26 00:00:00,3.321,120,21.135,1009.548,0.0,0,26,2
2025-02-26 01:00:00,3.546,98,25.651,1016.07,23.533,1,26,2
2025-02-26 02:00:00,2.29,77,23.914,1013.568,26.808,2,26,2
2025-02-26 03:00:00,2.631,92,23.38,1011.8,0.0,3,26,2
2025-02-26 04:00:00,3.872,101,26.138,1014.429,0.0,4,26,2
2025-02-26 05:00:00,3.541,93,25.679,1012.531,0.0,5,26,2
2025-02-26 06:00:00,3.475,77,26.215,1013.654,0.0,6,26,2
2025-02-26 07:00:00,6.092,77,27.792,1010.054,188.652,7,26,2
2025-02-26 08:00:00,3.76,102,26.013,1018.716,22.112,8,26,2
2025-02-26 09:00:00,5.419,91,28.252,1010.766,2.37,9,26,2
2025-02-26 10:00:00,3.436,84,30.19,1017.173,0.0,10,26,2
2025-02-26 11:00:00,4.891,67,28.315,1011.938,54.648,11,26,2
2025-02-26 12:00:00,5.407,65,26.971,1014.926,84.549,12,26,2
2025-02-26 13:00:00,4.124,76,26.308,1014.707,0.0,13,26,2
2025-02-26 14:00:00,2.816,119,25.781,1015.945,33.202,14,26,2
2025-02-26 15:00:00,1.424,127,25.232,1009.983,0.0,15,26,2
2025-02-26 16:00:00,2.412,131,24.303,1015.731,58.697,16,26,2
2025-02-26 17:00:00,3.917,151,25.085,1018.044,57.231,17,26,2
2025-02-26 18:00:00,2.432,168,21.197,1011.729,0.0,18,26,2
2025-02-26 19:00:00,3.182,162,23.713,1012.609,0.0,19,26,2
2025-02-26 20:00:00,1.513,208,21.776,1010.934,111.72,20,26,2
2025-02-26 21:00:00,2.323,212,22.419,1011.465,51.271,21,26,2
2025-02-26 22:00:00,1.485,221,20.549,1017.639,0.0,22,26,2
2025-02-26 23:00:00,2.427,235,23.634,1009.492,0.0,23,26,2
2025-02-27 00:00:00,2.262,246,23.953,1009.614,11.427,0,27,2
2025-02-27 01:00:00,1.465,278,24.115,1017.273,0.0,1,27,2
2025-02-27 02:00:00,1.897,272,21.789,1014.314,0.0,2,27,2
2025-02-27 03:00:00,1.823,291,25.338,1018.801,0.0,3,27,2
2025-02-27 04:00:00,1.481,299,25.61,1011.089,0.0,4,27,2
2025-02-27 05:00:00,4.255,321,23.968,1012.819,68.955,5,27,2
2025-02-27 06:00:00,3.622,322,26.574,1010.458,101.753,6,27,2
2025-02-27 07:00:00,1.418,320,27.639,1012.87,0.0,7,27,2
2025-02-27 08:00:00,2.623,338,28.316,1007.118,0.0,8,27,2
2025-02-27 09:00:00,4.86,349,28.126,1014.495,43.599,9,27,2
2025-02-27 10:00:00,3.707,339,28.328,1013.41,90.955,10,27,2
2025-02-27 11:00:00,5.948,7,29.609,1012.267,64.3,11,27,2
2025-02-27 12:00:00,3.95,25,28.978,1011.269,49.626,12,27,2
2025-02-27 13:00:00,4.817,28,23.561,1009.756,0.0,13,27,2
2025-02-27 14:00:00,5.633,24,25.977,1014.623,63.073,14,27,2
2025-02-27 15:00:00,5.12,35,25.424,1008.927,0.0,15,27,2
2025-02-27 16:00:00,2.736,51,22.738,1013.976,0.596,16,27,2
2025-02-27 17:00:00,2.332,27,24.183,1018.663,0.0,17,27,2
2025-02-27 18:00:00,4.503,38,24.86,1016.896,44.969,18,27,2
2025-02-27 19:00:00,2.816,54,21.459,1007.925,97.793,19,27,2
2025-02-27 20:00:00,4.214,16,22.72,1010.83,0.0,20,27,2
2025-02-27 21:00:00,2.972,24,20.952,1013.704,0.0,21,27,2
2025-02-27 22:00:00,3.177,41,21.179,1012.229,0.0,22,27,2
2025-02-27 23:00:00,1.47,56,23.897,1008.242,16.462,23,27,2
2025-02-28 00:00:00,1.828,75,21.891,1013.53,11.105,0,28,2
2025-02-28 01:00:00,1.686,74,23.602,1012.344,0.0,1,28,2
2025-02-28 02:00:00,2.985,60,21.445,1018.117,81.824,2,28,2
2025-02-28 03:00:00,3.356,32,26.662,1011.615,7.643,3,28,2
2025-02-28 04:00:00,4.021,56,25.931,1015.879,0.0,4,28,2
2025-02-28 05:00:00,3.268,73,25.76,1008.573,0.0,5,28,2
2025-02-28 06:00:00,2.647,99,27.378,1009.29,0.0,6,28,2
2025-02-28 07:00:00,3.844,91,25.594,1014.539,20.103,7,28,2
2025-02-28 08:00:00,2.941,110,29.151,1015.626,13.498,8,28,2
2025-02-28 09:00:00,5.151,88,27.609,1009.502,0.0,9,28,2
2025-02-28 10:00:00,4.545,77,27.818,1012.447,9.643,10,28,2
2025-02-28 11:00:00,4.122,84,27.334,1008.23,0.0,11,28,2
2025-02-28 12:00:00,4.874,101,26.894,1011.831,0.0,12,28,2
2025-02-28 13:00:00,4.45,136,27.919,1014.885,0.0,13,28,2
2025-02-28 14:00:00,2.414,136,26.749,1011.07,22.279,14,28,2
2025-02-28 15:00:00,2.338,125,26.487,1011.627,0.0,15,28,2
2025-02-28 16:00:00,4.631,113,24.914,1008.985,0.0,16,28,2
2025-02-28 17:00:00,4.126,105,24.77,1010.429,0.0,17,28,2
2025-02-28 18:00:00,1.804,150,22.943,1017.649,0.0,18,28,2
2025-02-28 19:00:00,3.271,168,25.523,1012.593,50.915,19,28,2
2025-02-28 20:00:00,2.596,193,20.519,1009.368,11.365,20,28,2
2025-02-28 21:00:00,1.936,193,23.648,1011.43,0.0,21,28,2
2025-02-28 22:00:00,1.362,198,23.711,1007.582,16.967,22,28,2
2025-02-28 23:00:00,3.626,215,21.186,1009.332,75.906,23,28,2
2025-03-01 00:00:00,0.965,211,25.301,1016.389,26.973,0,1,3
2025-03-01 01:00:00,1.45,210,24.326,1011.881,14.311,1,1,3
2025-03-01 02:00:00,2.787,203,24.94,1017.981,35.119,2,1,3
2025-03-01 03:00:00,4.999,200,24.545,1012.022,19.182,3,1,3
2025-03-01 04:00:00,4.657,206,25.031,1012.2,26.047,4,1,3
2025-03-01 05:00:00,3.065,196,25.811,1014.231,0.0,5,1,3
2025-03-01 06:00:00,5.409,206,27.24,1004.291,0.0,6,1,3
2025-03-01 07:00:00,2.97,216,29.051,1012.923,18.856,7,1,3
2025-03-01 08:00:00,4.146,217,28.034,1012.161,24.321,8,1,3
2025-03-01 09:00:00,4.862,207,26.988,1016.767,6.888,9,1,3
2025-03-01 10:00:00,3.569,214,29.136,1015.202,57.614,10,1,3
2025-03-01 11:00:00,4.982,210,29.114,1008.907,0.0,11,1,3
2025-03-01 12:00:00,4.03,215,28.46,1016.035,0.0,12,1,3
2025-03-01 13:00:00,5.063,239,28.064,1011.521,0.0,13,1,3
2025-03-01 14:00:00,2.404,221,26.201,1009.595,0.0,14,1,3
2025-03-01 15:00:00,3.94,265,24.674,1012.9,21.571,15,1,3
2025-03-01 16:00:00,3.46,268,23.967,1011.7,0.0,16,1,3
2025-03-01 17:00:00,4.972,280,22.275,1016.924,82.1,17,1,3
2025-03-01 18:00:00,3.961,271,23.814,1013.33,56.202,18,1,3
2025-03-01 19:00:00,5.001,296,22.831,1012.925,0.0,19,1,3
2025-03-01 20:00:00,4.383,298,21.956,1015.01,0.0,20,1,3
2025-03-01 21:00:00,3.373,296,18.672,1015.587,29.585,21,1,3
2025-03-01 22:00:00,4.049,290,20.657,1014.659,58.093,22,1,3
2025-03-01 23:00:00,4.259,290,23.637,1016.567,0.0,23,1,3
2025-03-02 00:00:00,3.972,302,21.912,1014.068,18.806,0,2,3
2025-03-02 01:00:00,0.75,310,23.648,1012.745,0.0,1,2,3
2025-03-02 02:00:00,1.291,314,22.189,1015.959,0.0,2,2,3
2025-03-02 03:00:00,4.29,306,26.321,1011.969,67.744,3,2,3
2025-03-02 04:00:00,2.346,297,25.203,1012.341,165.537,4,2,3
2025-03-02 05:00:00,4.303,293,26.494,1017.406,0.0,5,2,3
2025-03-02 06:00:00,4.863,306,29.646,1017.107,0.0,6,2,3
2025-03-02 07:00:00,3.516,323,29.273,1012.217,0.0,7,2,3
2025-03-02 08:00:00,1.723,342,27.532,1010.881,3.634,8,2,3
2025-03-02 09:00:00,2.861,347,27.453,1016.631,0.0,9,2,3
2025-03-02 10:00:00,6.323,359,27.84,1014.643,75.028,10,2,3
2025-03-02 11:00:00,4.079,0,28.704,1013.188,0.0,11,2,3
2025-03-02 12:00:00,3.414,334,27.632,1011.276,22.003,12,2,3
2025-03-02 13:00:00,2.916,335,26.778,1013.237,0.0,13,2,3
2025-03-02 14:00:00,5.22,333,28.37,1012.176,0.0,14,2,3
2025-03-02 15:00:00,4.187,319,25.736,1010.249,0.0,15,2,3
2025-03-02 16:00:00,3.293,313,27.852,1012.629,0.0,16,2,3
2025-03-02 17:00:00,5.22,320,24.43,1013.038,0.0,17,2,3
2025-03-02 18:00:00,4.758,304,25.755,1011.115,0.0,18,2,3
2025-03-02 19:00:00,2.765,296,23.444,1014.953,35.4,19,2,3
2025-03-02 20:00:00,1.667,329,23.723,1016.108,0.0,20,2,3
2025-03-02 21:00:00,3.971,305,21.433,1015.151,0.0,21,2,3
2025-03-02 22:00:00,3.356,306,21.213,1011.413,56.534,22,2,3
2025-03-02 23:00:00,1.339,290,22.928,1014.509,22.92,23,2,3
2025-03-03 00:00:00,0.432,281,23.979,1012.408,0.0,0,3,3
2025-03-03 01:00:00,0.955,282,23.346,1008.467,0.0,1,3,3
2025-03-03 02:00:00,1.061,269,22.398,1014.192,0.0,2,3,3
2025-03-03 03:00:00,0.27,284,23.046,1012.613,37.23,3,3,3
2025-03-03 04:00:00,1.222,313,23.746,1019.955,0.0,4,3,3
2025-03-03 05:00:00,1.866,333,24.108,1016.546,0.0,5,3,3
2025-03-03 06:00:00,2.728,356,27.069,1014.308,0.0,6,3,3
2025-03-03 07:00:00,5.605,336,28.886,1012.922,0.0,7,3,3
2025-03-03 08:00:00,4.386,336,27.967,1012.665,86.531,8,3,3
2025-03-03 09:00:00,4.184,349,25.536,1009.163,42.126,9,3,3
2025-03-03 10:00:00,4.946,8,28.085,1006.957,0.0,10,3,3
2025-03-03 11:00:00,4.352,44,27.98,1009.556,18.679,11,3,3
2025-03-03 12:00:00,4.875,68,30.357,1012.031,75.047,12,3,3
2025-03-03 13:00:00,4.858,89,25.587,1005.858,23.861,13,3,3
2025-03-03 14:00:00,4.592,141,26.224,1010.541,99.037,14,3,3
2025-03-03 15:00:00,7.444,147,28.003,1011.431,452.362,15,3,3
2025-03-03 16:00:00,6.115,147,25.715,1011.528,94.29,16,3,3
2025-03-03 17:00:00,3.264,155,25.081,1010.189,0.0,17,3,3
2025-03-03 18:00:00,3.882,143,23.834,1011.15,0.0,18,3,3
2025-03-03 19:00:00,2.627,149,23.494,1017.346,0.0,19,3,3
2025-03-03 20:00:00,3.541,123,23.584,1014.161,69.18,20,3,3
2025-03-03 21:00:00,1.664,118,21.414,1010.493,0.0,21,3,3
2025-03-03 22:00:00,1.314,121,23.374,1011.969,48.145,22,3,3
2025-03-03 23:00:00,2.853,143,20.812,1012.089,59.205,23,3,3
2025-03-04 00:00:00,4.119,168,23.269,1009.802,0.0,0,4,3
2025-03-04 01:00:00,4.01,155,23.595,1009.799,0.0,1,4,3
2025-03-04 02:00:00,4.457,197,23.284,1015.138,106.854,2,4,3
2025-03-04 03:00:00,4.152,204,24.734,1010.847,1.479,3,4,3
2025-03-04 04:00:00,3.941,213,24.794,1008.822,0.0,4,4,3
2025-03-04 05:00:00,3.224,189,25.026,1011.977,0.0,5,4,3
2025-03-04 06:00:00,4.633,183,26.596,1012.46,7.169,6,4,3
2025-03-04 07:00:00,5.453,207,26.294,1006.188,133.631,7,4,3
2025-03-04 08:00:00,4.57,215,28.453,1011.984,51.162,8,4,3
2025-03-04 09:00:00,4.301,222,26.951,1014.71,17.768,9,4,3
2025-03-04 10:00:00,6.227,231,29.251,1013.46,205.4,10,4,3
2025-03-04 11:00:00,5.015,210,26.84,1018.795,105.771,11,4,3
2025-03-04 12:00:00,4.716,213,27.245,1015.859,36.165,12,4,3
2025-03-04 13:00:00,5.039,243,26.669,1016.453,183.05,13,4,3
2025-03-04 14:00:00,4.396,267,28.366,1020.506,0.0,14,4,3
2025-03-04 15:00:00,3.254,270,26.435,1014.381,60.45,15,4,3
2025-03-04 16:00:00,4.143,303,25.004,1012.595,0.0,16,4,3
2025-03-04 17:00:00,3.824,285,25.086,1015.027,51.665,17,4,3
2025-03-04 18:00:00,5.755,272,21.25,1010.428,61.618,18,4,3
2025-03-04 19:00:00,5.05,310,23.129,1012.429,56.074,19,4,3
2025-03-04 20:00:00,3.127,325,25.131,1010.163,131.465,20,4,3
2025-03-04 21:00:00,3.949,325,22.627,1013.3,55.384,21,4,3
2025-03-04 22:00:00,3.681,329,22.485,1010.15,27.337,22,4,3
2025-03-04 23:00:00,4.729,319,23.2,1010.045,0.0,23,4,3
2025-03-05 00:00:00,2.975,329,24.032,1013.278,10.353,0,5,3
2025-03-05 01:00:00,3.277,337,21.066,1011.624,0.0,1,5,3
2025-03-05 02:00:00,3.122,342,22.088,1006.255,48.79,2,5,3
2025-03-05 03:00:00,3.356,326,25.096,1007.671,47.56,3,5,3
2025-03-05 04:00:00,2.466,336,24.766,1008.596,0.0,4,5,3
2025-03-05 05:00:00,3.986,331,27.969,1009.388,94.796,5,5,3
2025-03-05 06:00:00,4.425,318,26.725,1013.281,93.938,6,5,3
2025-03-05 07:00:00,5.683,346,25.38,1012.694,75.313,7,5,3
2025-03-05 08:00:00,4.704,29,26.626,1015.233,47.839,8,5,3
2025-03-05 09:00:00,4.004,69,25.114,1014.296,0.0,9,5,3
2025-03-05 10:00:00,5.207,86,28.198,1015.253,20.465,10,5,3
2025-03-05 11:00:00,3.793,86,28.114,1013.863,0.0,11,5,3
2025-03-05 12:00:00,5.479,90,27.497,1012.666,23.673,12,5,3
2025-03-05 13:00:00,5.974,102,28.796,1015.335,80.815,13,5,3
2025-03-05 14:00:00,6.256,99,28.296,1014.796,22.254,14,5,3
2025-03-05 15:00:00,5.232,128,25.917,1013.166,68.73,15,5,3
2025-03-05 16:00:00,3.788,96,22.779,1015.851,57.859,16,5,3
2025-03-05 17:00:00,3.877,96,25.311,1005.0,1.752,17,5,3
2025-03-05 18:00:00,4.09,115,24.528,1011.166,0.0,18,5,3
2025-03-05 19:00:00,2.958,105,23.634,1011.12,0.0,19,5,3
2025-03-05 20:00:00,4.666,106,23.994,1015.495,0.0,20,5,3
2025-03-05 21:00:00,4.275,122,21.153,1016.752,0.0,21,5,3
2025-03-05 22:00:00,2.405,154,24.896,1007.687,79.856,22,5,3
2025-03-05 23:00:00,4.974,136,21.473,1016.271,0.0,23,5,3
2025-03-06 00:00:00,3.768,116,23.939,1008.454,0.0,0,6,3
2025-03-06 01:00:00,2.057,104,21.52,1008.544,45.626,1,6,3
2025-03-06 02:00:00,1.884,81,23.072,1011.265,0.0,2,6,3
2025-03-06 03:00:00,4.597,60,26.745,1011.013,0.0,3,6,3
2025-03-06 04:00:00,5.983,47,25.393,1007.293,199.166,4,6,3
2025-03-06 05:00:00,5.622,74,27.484,1013.918,80.226,5,6,3
2025-03-06 06:00:00,5.99,73,27.469,1014.006,139.494,6,6,3
2025-03-06 07:00:00,6.11,78,27.657,1015.13,126.523,7,6,3
2025-03-06 08:00:00,5.493,66,29.867,1010.668,59.271,8,6,3
2025-03-06 09:00:00,5.11,82,28.211,1011.849,100.198,9,6,3
2025-03-06 10:00:00,5.277,121,26.424,1011.877,143.809,10,6,3
2025-03-06 11:00:00,5.574,110,27.458,1017.032,0.0,11,6,3
2025-03-06 12:00:00,3.954,146,28.75,1003.465,0.881,12,6,3
2025-03-06 13:00:00,5.074,157,28.058,1009.097,27.324,13,6,3
2025-03-06 14:00:00,6.194,162,25.059,1011.985,86.988,14,6,3
2025-03-06 15:00:00,4.54,174,25.334,1008.711,66.341,15,6,3
2025-03-06 16:00:00,3.762,186,24.724,1011.193,15.652,16,6,3
2025-03-06 17:00:00,4.29,224,24.213,1011.59,113.487,17,6,3
2025-03-06 18:00:00,3.037,238,22.292,1009.995,60.515,18,6,3
2025-03-06 19:00:00,1.745,253,22.591,1012.161,75.059,19,6,3
2025-03-06 20:00:00,4.058,250,22.024,1013.852,0.0,20,6,3
2025-03-06 21:00:00,2.89,270,23.559,1011.259,0.0,21,6,3
2025-03-06 22:00:00,3.002,258,23.538,1010.608,0.0,22,6,3
2025-03-06 23:00:00,2.299,265,22.531,1011.471,72.772,23,6,3
2025-03-07 00:00:00,4.256,322,22.651,1011.876,0.0,0,7,3
2025-03-07 01:00:00,4.453,282,23.795,1006.677,0.0,1,7,3
2025-03-07 02:00:00,3.337,291,23.29,1013.283,0.0,2,7,3
2025-03-07 03:00:00,1.998,301,23.63,1010.545,151.416,3,7,3
2025-03-07 04:00:00,2.641,302,24.659,1015.683,0.0,4,7,3
2025-03-07 05:00:00,4.033,303,25.796,1013.671,33.06,5,7,3
2025-03-07 06:00:00,4.173,310,25.87,1015.408,0.0,6,7,3
2025-03-07 07:00:00,4.246,310,28.059,1008.865,59.494,7,7,3
2025-03-07 08:00:00,4.49,319,29.187,1010.784,0.0,8,7,3
2025-03-07 09:00:00,5.277,315,26.672,1008.171,0.0,9,7,3
2025-03-07 10:00:00,4.661,356,28.672,1009.783,0.0,10,7,3
2025-03-07 11:00:00,5.044,356,28.24,1015.654,41.435,11,7,3
2025-03-07 12:00:00,3.498,10,28.58,1016.361,0.0,12,7,3
2025-03-07 13:00:00,7.02,3,27.649,1008.454,302.878,13,7,3
2025-03-07 14:00:00,4.819,25,25.277,1010.523,47.924,14,7,3
2025-03-07 15:00:00,4.564,43,24.77,1011.67,0.0,15,7,3
2025-03-07 16:00:00,4.779,55,25.539,1013.655,73.642,16,7,3
2025-03-07 17:00:00,3.597,41,25.968,1006.619,0.0,17,7,3
2025-03-07 18:00:00,3.567,32,21.368,1007.089,0.0,18,7,3
2025-03-07 19:00:00,3.424,67,23.841,1013.367,49.525,19,7,3
2025-03-07 20:00:00,2.229,58,24.407,1006.051,0.0,20,7,3
2025-03-07 21:00:00,3.319,74,22.531,1010.558,40.523,21,7,3
2025-03-07 22:00:00,1.222,62,23.309,1012.384,0.0,22,7,3
2025-03-07 23:00:00,4.438,85,21.944,1013.145,0.0,23,7,3
2025-03-08 00:00:00,4.391,78,23.059,1011.403,116.616,0,8,3
2025-03-08 01:00:00,4.248,66,21.763,1010.73,0.0,1,8,3
2025-03-08 02:00:00,1.548,58,21.538,1014.361,52.575,2,8,3
2025-03-08 03:00:00,1.862,53,26.219,1012.683,15.358,3,8,3
2025-03-08 04:00:00,4.592,65,24.686,1009.887,34.369,4,8,3
2025-03-08 05:00:00,8.781,71,26.092,1011.941,622.763,5,8,3
2025-03-08 06:00:00,6.866,56,25.684,1012.977,175.41,6,8,3
2025-03-08 07:00:00,6.184,60,26.254,1016.982,192.017,7,8,3
2025-03-08 08:00:00,5.476,44,28.184,1014.187,101.703,8,8,3
2025-03-08 09:00:00,3.748,61,27.782,1015.471,0.0,9,8,3
2025-03-08 10:00:00,5.356,81,29.177,1009.996,0.0,10,8,3
2025-03-08 11:00:00,3.483,86,29.127,1010.255,0.0,11,8,3
2025-03-08 12:00:00,2.734,96,28.636,1011.122,53.982,12,8,3
2025-03-08 13:00:00,2.369,133,28.032,1011.397,64.828,13,8,3
2025-03-08 14:00:00,4.759,135,28.996,1008.804,48.325,14,8,3
2025-03-08 15:00:00,4.242,123,25.084,1015.625,0.0,15,8,3
2025-03-08 16:00:00,4.138,138,25.519,1014.478,46.406,16,8,3
2025-03-08 17:00:00,3.842,123,26.173,1010.911,73.667,17,8,3
2025-03-08 18:00:00,2.341,124,25.623,1013.753,9.546,18,8,3
2025-03-08 19:00:00,2.259,118,21.801,1012.496,108.889,19,8,3
2025-03-08 20:00:00,2.187,110,22.686,1013.987,0.0,20,8,3
2025-03-08 21:00:00,1.183,110,24.425,1007.795,37.664,21,8,3
2025-03-08 22:00:00,1.844,131,23.34,1011.391,0.0,22,8,3
2025-03-08 23:00:00,1.378,156,23.103,1011.654,58.22,23,8,3
2025-03-09 00:00:00,3.15,178,23.021,1013.628,33.719,0,9,3
2025-03-09 01:00:00,3.869,189,23.328,1009.871,101.342,1,9,3
2025-03-09 02:00:00,1.933,189,24.777,1004.257,27.484,2,9,3
2025-03-09 03:00:00,2.555,152,24.865,1008.512,0.0,3,9,3
2025-03-09 04:00:00,5.351,164,25.897,1011.574,16.986,4,9,3
2025-03-09 05:00:00,3.123,128,26.814,1011.948,0.0,5,9,3
2025-03-09 06:00:00,4.148,98,26.614,1016.808,0.0,6,9,3
2025-03-09 07:00:00,4.23,100,28.665,1013.505,80.184,7,9,3
2025-03-09 08:00:00,5.494,110,31.97,1012.001,120.404,8,9,3
2025-03-09 09:00:00,5.066,107,26.606,1011.659,0.0,9,9,3
2025-03-09 10:00:00,4.14,140,29.192,1015.069,7.05,10,9,3
2025-03-09 11:00:00,4.43,153,27.753,1009.986,13.177,11,9,3
2025-03-09 12:00:00,4.524,154,29.024,1011.336,0.0,12,9,3
2025-03-09 13:00:00,4.306,184,27.882,1008.489,31.646,13,9,3
2025-03-09 14:00:00,2.745,217,28.097,1016.013,80.347,14,9,3
2025-03-09 15:00:00,5.083,231,27.856,1012.934,80.893,15,9,3
2025-03-09 16:00:00,5.519,222,25.896,1009.634,129.968,16,9,3
2025-03-09 17:00:00,3.104,217,26.253,1011.413,0.0,17,9,3
2025-03-09 18:00:00,3.049,196,21.373,1013.286,2.008,18,9,3
2025-03-09 19:00:00,2.998,200,25.496,1011.005,0.0,19,9,3
2025-03-09 20:00:00,1.808,186,23.591,1010.153,13.169,20,9,3
2025-03-09 21:00:00,0.527,185,24.169,1009.794,18.12,21,9,3
2025-03-09 22:00:00,1.439,195,21.346,1012.774,52.791,22,9,3
2025-03-09 23:00:00,2.078,164,21.952,1010.682,72.242,23,9,3
2025-03-10 00:00:00,1.052,146,23.538,1010.324,37.894,0,10,3
2025-03-10 01:00:00,2.63,142,23.848,1007.677,0.0,1,10,3
2025-03-10 02:00:00,4.354,146,24.851,1011.918,0.0,2,10,3
2025-03-10 03:00:00,4.646,142,26.549,1011.141,43.455,3,10,3
2025-03-10 04:00:00,3.746,142,23.91,1010.72,83.922,4,10,3
2025-03-10 05:00:00,1.612,134,27.968,1012.281,0.0,5,10,3
2025-03-10 06:00:00,3.988,113,27.518,1013.929,0.0,6,10,3
2025-03-10 07:00:00,4.223,108,27.861,1013.79,120.678,7,10,3
2025-03-10 08:00:00,4.721,109,26.788,1013.343,43.731,8,10,3
2025-03-10 09:00:00,6.699,108,29.422,1010.963,174.113,9,10,3
2025-03-10 10:00:00,4.215,115,25.987,1009.984,0.0,10,10,3
2025-03-10 11:00:00,1.069,128,29.523,1008.553,0.892,11,10,3
2025-03-10 12:00:00,2.128,145,26.621,1009.906,37.779,12,10,3
2025-03-10 13:00:00,4.192,139,27.97,1011.744,33.274,13,10,3
2025-03-10 14:00:00,4.254,116,27.12,1009.326,0.0,14,10,3
2025-03-10 15:00:00,2.742,144,27.929,1011.973,0.0,15,10,3
2025-03-10 16:00:00,1.899,156,25.531,1008.789,0.0,16,10,3
2025-03-10 17:00:00,2.722,144,24.142,1006.702,91.529,17,10,3
2025-03-10 18:00:00,1.835,154,23.658,1014.143,49.218,18,10,3
2025-03-10 19:00:00,3.461,178,25.195,1010.262,0.0,19,10,3
2025-03-10 20:00:00,2.813,214,23.865,1009.174,0.0,20,10,3
2025-03-10 21:00:00,2.276,224,22.493,1008.404,15.28,21,10,3
2025-03-10 22:00:00,1.902,248,22.607,1012.954,0.0,22,10,3
2025-03-10 23:00:00,2.938,231,21.148,1015.81,0.0,23,10,3
2025-03-11 00:00:00,3.035,235,23.908,1010.404,0.0,0,11,3
2025-03-11 01:00:00,3.299,234,21.836,1010.966,0.0,1,11,3
2025-03-11 02:00:00,3.438,245,25.493,1014.828,9.248,2,11,3
2025-03-11 03:00:00,3.296,279,25.482,1006.182,0.0,3,11,3
2025-03-11 04:00:00,2.264,289,28.972,1017.514,137.308,4,11,3
2025-03-11 05:00:00,2.406,277,25.558,1018.945,32.684,5,11,3
2025-03-11 06:00:00,2.966,259,27.464,1003.494,0.0,6,11,3
2025-03-11 07:00:00,6.095,294,30.343,1011.321,19.317,7,11,3
2025-03-11 08:00:00,3.286,308,30.062,1009.456,21.98,8,11,3
2025-03-11 09:00:00,3.524,321,28.062,1010.819,0.0,9,11,3
2025-03-11 10:00:00,4.245,320,29.232,1010.358,79.917,10,11,3
2025-03-11 11:00:00,4.034,330,28.827,1014.048,19.348,11,11,3
2025-03-11 12:00:00,5.532,317,28.829,1011.275,0.0,12,11,3
2025-03-11 13:00:00,4.378,329,27.147,1008.88,0.0,13,11,3
2025-03-11 14:00:00,4.011,313,27.235,1011.097,0.0,14,11,3
2025-03-11 15:00:00,4.996,312,24.687,1013.157,52.557,15,11,3
2025-03-11 16:00:00,6.341,306,25.987,1008.062,72.731,16,11,3
2025-03-11 17:00:00,6.185,252,25.594,1006.674,121.946,17,11,3
2025-03-11 18:00:00,4.231,251,24.072,1017.591,0.0,18,11,3
2025-03-11 19:00:00,3.578,240,21.809,1009.686,1.031,19,11,3
2025-03-11 20:00:00,3.375,241,24.487,1011.201,20.539,20,11,3
2025-03-11 21:00:00,3.346,246,23.473,1010.42,80.531,21,11,3
2025-03-11 22:00:00,2.144,283,22.098,1013.257,13.507,22,11,3
2025-03-11 23:00:00,3.789,294,22.772,1016.931,0.0,23,11,3
2025-03-12 00:00:00,3.496,305,21.72,1013.28,82.555,0,12,3
2025-03-12 01:00:00,3.162,319,22.796,1006.986,0.0,1,12,3
2025-03-12 02:00:00,1.722,340,24.024,1007.388,42.546,2,12,3
2025-03-12 03:00:00,2.891,353,26.88,1010.344,0.0,3,12,3
2025-03-12 04:00:00,1.141,2,25.419,1010.736,4.993,4,12,3
2025-03-12 05:00:00,2.21,20,27.726,1006.375,0.0,5,12,3
2025-03-12 06:00:00,2.706,342,27.02,1013.999,17.724,6,12,3
2025-03-12 07:00:00,3.964,24,28.562,1008.282,47.175,7,12,3
2025-03-12 08:00:00,6.305,58,28.541,1016.021,92.61,8,12,3
2025-03-12 09:00:00,5.639,67,30.024,1017.003,30.349,9,12,3
2025-03-12 10:00:00,6.48,47,28.4,1010.796,158.368,10,12,3
2025-03-12 11:00:00,5.846,74,27.016,1012.858,30.488,11,12,3
2025-03-12 12:00:00,6.175,67,26.911,1007.845,20.78,12,12,3
2025-03-12 13:00:00,7.075,82,27.426,1013.412,241.837,13,12,3
2025-03-12 14:00:00,4.31,64,25.922,1010.046,1.466,14,12,3
2025-03-12 15:00:00,3.237,109,27.176,1008.279,0.0,15,12,3
2025-03-12 16:00:00,4.455,88,25.345,1010.673,38.783,16,12,3
2025-03-12 17:00:00,3.949,94,27.982,1010.143,39.12,17,12,3
2025-03-12 18:00:00,3.914,61,22.339,1010.565,0.0,18,12,3
2025-03-12 19:00:00,3.244,65,24.07,1014.39,0.0,19,12,3
2025-03-12 20:00:00,2.525,62,22.026,1009.185,0.0,20,12,3
2025-03-12 21:00:00,4.763,88,22.522,1016.746,50.585,21,12,3
2025-03-12 22:00:00,2.309,85,23.218,1007.565,7.502,22,12,3
2025-03-12 23:00:00,3.552,111,20.397,1016.387,0.0,23,12,3
2025-03-13 00:00:00,3.782,98,23.883,1008.418,0.0,0,13,3
2025-03-13 01:00:00,1.487,98,26.388,1011.465,33.98,1,13,3
2025-03-13 02:00:00,1.683,98,24.203,1009.997,0.0,2,13,3
2025-03-13 03:00:00,2.042,112,25.796,1010.436,41.399,3,13,3
2025-03-13 04:00:00,3.689,124,27.495,1013.872,49.448,4,13,3
2025-03-13 05:00:00,3.28,142,26.839,1015.967,0.0,5,13,3
2025-03-13 06:00:00,3.599,152,27.047,1015.039,52.956,6,13,3
2025-03-13 07:00:00,2.244,169,25.611,1010.253,7.613,7,13,3
2025-03-13 08:00:00,6.258,158,29.558,1012.02,130.213,8,13,3
2025-03-13 09:00:00,5.045,170,28.919,1009.121,0.0,9,13,3
2025-03-13 10:00:00,5.193,204,27.905,1008.493,0.0,10,13,3
2025-03-13 11:00:00,4.062,179,29.133,1008.029,0.0,11,13,3
2025-03-13 12:00:00,3.55,193,27.947,1010.155,0.0,12,13,3
2025-03-13 13:00:00,6.285,210,27.508,1012.216,129.675,13,13,3
2025-03-13 14:00:00,2.689,241,28.227,1005.732,8.539,14,13,3
2025-03-13 15:00:00,3.946,259,25.156,1011.329,18.728,15,13,3
2025-03-13 16:00:00,2.52,266,27.238,1016.016,0.0,16,13,3
2025-03-13 17:00:00,2.857,279,23.534,1014.833,38.025,17,13,3
2025-03-13 18:00:00,2.57,271,23.707,1009.712,99.511,18,13,3
2025-03-13 19:00:00,1.958,269,26.212,1007.277,0.0,19,13,3
2025-03-13 20:00:00,2.832,250,24.81,1012.847,0.0,20,13,3
2025-03-13 21:00:00,0.042,282,23.309,1004.515,0.0,21,13,3
2025-03-13 22:00:00,1.679,295,21.998,1014.798,4.701,22,13,3
2025-03-13 23:00:00,2.452,284,22.63,1010.827,0.0,23,13,3
2025-03-14 00:00:00,1.256,294,23.764,1016.888,0.0,0,14,3
2025-03-14 01:00:00,4.222,320,24.227,1006.213,0.0,1,14,3
2025-03-14 02:00:00,2.838,343,24.716,1014.149,56.11,2,14,3
2025-03-14 03:00:00,2.902,332,25.525,1011.093,70.499,3,14,3
2025-03-14 04:00:00,2.635,281,26.085,1010.401,87.994,4,14,3
2025-03-14 05:00:00,3.263,293,25.383,1007.285,12.511,5,14,3
2025-03-14 06:00:00,5.193,282,27.202,1013.182,0.0,6,14,3
2025-03-14 07:00:00,7.277,298,29.517,1013.423,251.551,7,14,3
2025-03-14 08:00:00,6.069,320,27.225,1016.75,20.361,8,14,3
2025-03-14 09:00:00,6.15,345,28.905,1014.418,23.708,9,14,3
2025-03-14 10:00:00,6.948,21,28.214,1009.613,219.191,10,14,3
2025-03-14 11:00:00,5.536,48,29.192,1008.383,82.831,11,14,3
2025-03-14 12:00:00,6.581,85,28.259,1007.289,255.942,12,14,3
2025-03-14 13:00:00,5.976,115,29.993,1015.814,82.2,13,14,3
2025-03-14 14:00:00,4.955,147,28.184,1009.06,0.0,14,14,3
2025-03-14 15:00:00,4.759,151,25.266,1015.835,11.801,15,14,3
2025-03-14 16:00:00,2.079,133,26.865,1012.969,0.0,16,14,3
2025-03-14 17:00:00,3.513,183,24.359,1012.384,0.0,17,14,3
2025-03-14 18:00:00,1.738,189,23.887,1010.474,18.906,18,14,3
2025-03-14 19:00:00,0.95,216,24.358,1013.376,0.0,19,14,3
2025-03-14 20:00:00,2.683,211,22.945,1011.348,7.19,20,14,3
2025-03-14 21:00:00,1.663,234,24.341,1010.287,35.836,21,14,3
2025-03-14 22:00:00,2.556,195,22.275,1013.482,78.086,22,14,3
2025-03-14 23:00:00,2.996,193,22.6,1010.962,17.071,23,14,3
2025-03-15 00:00:00,3.203,196,22.966,1008.925,57.401,0,15,3
2025-03-15 01:00:00,2.069,210,23.58,1013.12,0.0,1,15,3
2025-03-15 02:00:00,3.854,235,26.221,1011.128,0.0,2,15,3
2025-03-15 03:00:00,3.399,221,26.393,1012.787,74.355,3,15,3
2025-03-15 04:00:00,3.98,238,28.471,1009.959,0.0,4,15,3
2025-03-15 05:00:00,2.414,265,29.911,1007.693,0.0,5,15,3
2025-03-15 06:00:00,3.205,312,26.662,1016.526,62.095,6,15,3
2025-03-15 07:00:00,5.048,330,28.581,1015.96,18.47,7,15,3
2025-03-15 08:00:00,5.601,327,27.532,1013.972,45.935,8,15,3
2025-03-15 09:00:00,3.827,309,28.276,1010.157,0.0,9,15,3
2025-03-15 10:00:00,3.591,347,28.518,1010.419,7.148,10,15,3
2025-03-15 11:00:00,3.021,5,27.867,1015.467,59.735,11,15,3
2025-03-15 12:00:00,3.202,10,27.54,1010.259,50.861,12,15,3
2025-03-15 13:00:00,2.357,347,28.123,1009.423,0.63,13,15,3
2025-03-15 14:00:00,3.455,335,26.193,1016.937,60.413,14,15,3
2025-03-15 15:00:00,4.595,352,27.927,1011.177,32.671,15,15,3
2025-03-15 16:00:00,3.214,3,25.035,1016.626,47.286,16,15,3
2025-03-15 17:00:00,3.437,334,28.737,1007.125,0.0,17,15,3
2025-03-15 18:00:00,3.232,351,24.115,1012.875,95.664,18,15,3
2025-03-15 19:00:00,4.513,328,24.145,1017.534,24.469,19,15,3
2025-03-15 20:00:00,2.909,358,22.057,1011.41,0.0,20,15,3
2025-03-15 21:00:00,2.352,6,25.394,1010.528,91.274,21,15,3
2025-03-15 22:00:00,1.811,3,24.624,1007.817,0.278,22,15,3
2025-03-15 23:00:00,1.284,26,23.776,1014.567,0.0,23,15,3
2025-03-16 00:00:00,3.043,38,22.213,1008.936,0.0,0,16,3
2025-03-16 01:00:00,2.898,67,24.588,1010.962,24.173,1,16,3
2025-03-16 02:00:00,3.149,74,23.632,1007.543,0.0,2,16,3
2025-03-16 03:00:00,4.735,82,27.47,1015.917,0.0,3,16,3
2025-03-16 04:00:00,5.435,82,27.467,1014.711,17.184,4,16,3
2025-03-16 05:00:00,2.364,92,27.381,1011.152,0.0,5,16,3
2025-03-16 06:00:00,4.136,128,25.051,1007.784,0.0,6,16,3
2025-03-16 07:00:00,4.344,124,27.393,1015.854,54.983,7,16,3
2025-03-16 08:00:00,3.723,141,29.845,1010.148,16.151,8,16,3
2025-03-16 09:00:00,4.508,130,30.741,1007.931,32.737,9,16,3
2025-03-16 10:00:00,2.45,98,30.682,1005.96,33.583,10,16,3
2025-03-16 11:00:00,5.468,107,27.301,1009.308,43.854,11,16,3
2025-03-16 12:00:00,5.338,119,29.24,1006.882,0.0,12,16,3
2025-03-16 13:00:00,3.66,122,29.591,1009.378,100.219,13,16,3
2025-03-16 14:00:00,3.359,100,25.74,1013.479,51.168,14,16,3
2025-03-16 15:00:00,1.874,111,26.983,1010.12,88.705,15,16,3
2025-03-16 16:00:00,2.871,121,26.541,1012.313,56.9,16,16,3
2025-03-16 17:00:00,2.872,110,25.081,1009.076,0.0,17,16,3
2025-03-16 18:00:00,1.775,91,22.51,1011.442,0.0,18,16,3
2025-03-16 19:00:00,3.717,92,23.744,1017.009,0.0,19,16,3
2025-03-16 20:00:00,4.819,109,23.295,1010.201,54.932,20,16,3
2025-03-16 21:00:00,3.598,122,23.245,1012.4,0.0,21,16,3
2025-03-16 22:00:00,2.833,111,22.681,1006.55,0.0,22,16,3
2025-03-16 23:00:00,3.42,119,22.964,1015.807,0.0,23,16,3
2025-03-17 00:00:00,3.1,140,23.857,1009.74,0.0,0,17,3
2025-03-17 01:00:00,1.824,124,24.942,1014.323,0.0,1,17,3
2025-03-17 02:00:00,1.983,130,24.688,1010.802,0.0,2,17,3
2025-03-17 03:00:00,2.547,159,25.299,1013.006,46.756,3,17,3
2025-03-17 04:00:00,3.476,141,26.682,1013.185,0.0,4,17,3
2025-03-17 05:00:00,3.63,167,25.037,1009.814,0.0,5,17,3
2025-03-17 06:00:00,4.039,201,28.623,1014.447,14.098,6,17,3
2025-03-17 07:00:00,2.296,202,28.648,1008.895,47.98,7,17,3
2025-03-17 08:00:00,4.352,201,29.143,1013.505,0.0,8,17,3
2025-03-17 09:00:00,4.336,225,30.514,1010.001,88.933,9,17,3
2025-03-17 10:00:00,7.311,227,27.083,1012.22,211.505,10,17,3
2025-03-17 11:00:00,4.911,190,26.919,1009.786,0.0,11,17,3
2025-03-17 12:00:00,4.934,194,29.282,1011.322,0.0,12,17,3
2025-03-17 13:00:00,7.774,208,28.44,1007.948,282.242,13,17,3
2025-03-17 14:00:00,5.585,227,28.009,1011.914,79.035,14,17,3
2025-03-17 15:00:00,4.472,216,26.514,1011.304,0.0,15,17,3
2025-03-17 16:00:00,2.935,216,27.085,1009.551,0.0,16,17,3
2025-03-17 17:00:00,5.201,239,26.636,1011.007,58.527,17,17,3
2025-03-17 18:00:00,2.717,243,25.389,1011.574,45.317,18,17,3
2025-03-17 19:00:00,3.617,221,23.897,1009.323,58.623,19,17,3
2025-03-17 20:00:00,2.77,249,21.234,1010.785,48.141,20,17,3
2025-03-17 21:00:00,2.744,250,24.421,1008.155,0.0,21,17,3
2025-03-17 22:00:00,1.266,275,24.899,1018.209,15.185,22,17,3
2025-03-17 23:00:00,3.953,255,24.345,1014.349,30.44,23,17,3
2025-03-18 00:00:00,2.972,258,22.924,1011.916,0.0,0,18,3
2025-03-18 01:00:00,1.626,272,25.294,1014.613,9.061,1,18,3
2025-03-18 02:00:00,4.107,276,26.161,1005.159,0.0,2,18,3
2025-03-18 03:00:00,2.992,260,27.736,1003.424,0.0,3,18,3
2025-03-18 04:00:00,3.715,222,25.594,1009.899,21.731,4,18,3
2025-03-18 05:00:00,4.661,255,27.145,1006.961,98.945,5,18,3
2025-03-18 06:00:00,4.672,265,29.022,1010.387,79.774,6,18,3
2025-03-18 07:00:00,1.724,291,28.792,1011.714,36.347,7,18,3
2025-03-18 08:00:00,4.197,313,27.829,1013.858,10.433,8,18,3
2025-03-18 09:00:00,4.162,329,29.933,1007.682,1.225,9,18,3
2025-03-18 10:00:00,3.937,329,30.195,1012.296,0.0,10,18,3
2025-03-18 11:00:00,4.134,343,29.468,1011.14,0.0,11,18,3
2025-03-18 12:00:00,2.455,13,29.292,1012.139,0.0,12,18,3
2025-03-18 13:00:00,3.934,20,28.213,1009.537,34.332,13,18,3
2025-03-18 14:00:00,2.545,60,29.654,1015.246,51.972,14,18,3
2025-03-18 15:00:00,3.232,38,26.062,1010.786,40.553,15,18,3
2025-03-18 16:00:00,3.844,14,25.658,1016.419,67.113,16,18,3
2025-03-18 17:00:00,4.97,37,25.605,1008.726,29.349,17,18,3
2025-03-18 18:00:00,3.029,28,25.938,1013.325,0.0,18,18,3
2025-03-18 19:00:00,4.892,70,22.488,1010.918,19.768,19,18,3
2025-03-18 20:00:00,4.813,99,22.266,1010.114,0.0,20,18,3
2025-03-18 21:00:00,3.126,133,21.128,1012.994,36.189,21,18,3
2025-03-18 22:00:00,1.749,154,23.547,1010.199,0.0,22,18,3
2025-03-18 23:00:00,0.9,143,22.304,1003.111,0.0,23,18,3
2025-03-19 00:00:00,2.611,118,23.592,1001.833,38.149,0,19,3
2025-03-19 01:00:00,2.055,150,25.353,1014.839,0.0,1,19,3
2025-03-19 02:00:00,4.18,128,24.433,1014.712,58.533,2,19,3
2025-03-19 03:00:00,2.81,162,26.217,1016.684,0.0,3,19,3
2025-03-19 04:00:00,2.232,179,26.361,1010.969,16.86,4,19,3
2025-03-19 05:00:00,3.477,183,28.297,1007.144,0.0,5,19,3
2025-03-19 06:00:00,2.951,196,28.769,1009.763,45.504,6,19,3
2025-03-19 07:00:00,3.698,210,27.967,1011.056,0.0,7,19,3
2025-03-19 08:00:00,5.167,212,29.042,1008.0,0.0,8,19,3
2025-03-19 09:00:00,4.723,243,30.762,1015.967,59.316,9,19,3
2025-03-19 10:00:00,4.633,273,30.047,1017.74,0.0,10,19,3
2025-03-19 11:00:00,4.717,281,27.76,1012.456,12.952,11,19,3
2025-03-19 12:00:00,2.544,276,29.89,1010.989,0.0,12,19,3
2025-03-19 13:00:00,4.189,305,27.296,1007.137,56.053,13,19,3
2025-03-19 14:00:00,4.376,274,29.649,1015.661,25.726,14,19,3
2025-03-19 15:00:00,5.177,287,28.446,1011.25,49.613,15,19,3
2025-03-19 16:00:00,4.987,306,26.785,1010.154,0.0,16,19,3
2025-03-19 17:00:00,3.869,296,25.855,1012.465,29.914,17,19,3
2025-03-19 18:00:00,4.798,319,24.707,1009.264,0.0,18,19,3
2025-03-19 19:00:00,3.456,324,25.174,1011.462,0.0,19,19,3
2025-03-19 20:00:00,3.539,320,23.467,1006.694,0.0,20,19,3
2025-03-19 21:00:00,2.845,343,23.93,1014.283,0.0,21,19,3
2025-03-19 22:00:00,3.46,329,24.628,1010.708,58.886,22,19,3
2025-03-19 23:00:00,2.678,350,23.046,1014.498,12.468,23,19,3
2025-03-20 00:00:00,4.765,320,23.388,1010.343,0.0,0,20,3
2025-03-20 01:00:00,5.916,331,23.2,1010.537,93.015,1,20,3
2025-03-20 02:00:00,5.053,337,23.999,1007.309,35.622,2,20,3
2025-03-20 03:00:00,5.643,333,23.819,1013.225,68.65,3,20,3
2025-03-20 04:00:00,2.411,345,27.669,1008.318,9.753,4,20,3
2025-03-20 05:00:00,1.627,349,29.735,1009.487,0.0,5,20,3
2025-03-20 06:00:00,2.767,12,29.983,1010.949,5.86,6,20,3
2025-03-20 07:00:00,3.672,27,26.919,1011.31,0.0,7,20,3
2025-03-20 08:00:00,3.793,41,30.187,1005.828,33.275,8,20,3
2025-03-20 09:00:00,2.25,52,31.289,1010.254,0.0,9,20,3
2025-03-20 10:00:00,5.012,49,29.1,1013.332,91.681,10,20,3
2025-03-20 11:00:00,7.077,49,29.631,1009.811,87.017,11,20,3
2025-03-20 12:00:00,6.725,59,26.767,1010.272,261.988,12,20,3
2025-03-20 13:00:00,6.337,61,28.991,1011.433,31.404,13,20,3
2025-03-20 14:00:00,5.144,86,26.751,1010.568,0.0,14,20,3
2025-03-20 15:00:00,3.426,93,27.53,1007.854,16.698,15,20,3
2025-03-20 16:00:00,3.802,105,24.637,1010.837,35.732,16,20,3
2025-03-20 17:00:00,6.134,85,26.391,1013.928,86.064,17,20,3
2025-03-20 18:00:00,3.935,107,26.26,1007.792,51.76,18,20,3
2025-03-20 19:00:00,2.985,102,23.493,1009.823,0.0,19,20,3
2025-03-20 20:00:00,4.372,89,22.621,1006.801,0.0,20,20,3
2025-03-20 21:00:00,4.818,124,21.133,1013.77,3.678,21,20,3
2025-03-20 22:00:00,2.589,142,23.335,1010.669,0.0,22,20,3
2025-03-20 23:00:00,2.524,165,23.096,1008.395,0.0,23,20,3
2025-03-21 00:00:00,2.239,179,22.339,1011.147,0.0,0,21,3
2025-03-21 01:00:00,2.853,183,25.249,1007.259,0.0,1,21,3
2025-03-21 02:00:00,4.32,183,24.808,1007.77,67.145,2,21,3
2025-03-21 03:00:00,2.704,202,24.794,1006.49,0.0,3,21,3
2025-03-21 04:00:00,4.478,228,26.2,1007.67,0.0,4,21,3
2025-03-21 05:00:00,4.044,232,28.922,1014.942,70.209,5,21,3
2025-03-21 06:00:00,6.59,275,29.069,1008.671,178.073,6,21,3
2025-03-21 07:00:00,5.226,277,28.787,1012.269,69.193,7,21,3
2025-03-21 08:00:00,4.408,257,30.133,1008.361,34.665,8,21,3
2025-03-21 09:00:00,4.994,231,28.262,1013.149,53.095,9,21,3
2025-03-21 10:00:00,4.185,206,29.76,1007.792,105.833,10,21,3
2025-03-21 11:00:00,2.263,204,29.759,1010.988,5.035,11,21,3
2025-03-21 12:00:00,3.411,205,28.685,1011.029,0.0,12,21,3
2025-03-21 13:00:00,3.716,223,29.266,1017.854,36.43,13,21,3
2025-03-21 14:00:00,2.199,228,27.163,1012.761,0.0,14,21,3
2025-03-21 15:00:00,3.353,249,27.975,1009.091,0.0,15,21,3
2025-03-21 16:00:00,1.314,255,27.245,1012.925,20.36,16,21,3
2025-03-21 17:00:00,2.502,261,22.311,1017.285,0.0,17,21,3
2025-03-21 18:00:00,3.439,256,26.532,1005.981,0.0,18,21,3
2025-03-21 19:00:00,3.455,287,20.848,1008.343,26.509,19,21,3
2025-03-21 20:00:00,2.773,265,23.319,1010.16,0.0,20,21,3
2025-03-21 21:00:00,2.848,276,25.023,1009.619,53.536,21,21,3
2025-03-21 22:00:00,2.019,278,23.347,1009.872,0.0,22,21,3
2025-03-21 23:00:00,2.648,297,22.107,1006.957,0.0,23,21,3
2025-03-22 00:00:00,2.919,302,22.959,1015.006,104.833,0,22,3
2025-03-22 01:00:00,1.954,308,26.009,1006.526,0.0,1,22,3
2025-03-22 02:00:00,3.063,309,23.114,1010.193,0.0,2,22,3
2025-03-22 03:00:00,3.517,339,27.512,1013.932,102.313,3,22,3
2025-03-22 04:00:00,3.292,344,26.871,1010.704,0.0,4,22,3
2025-03-22 05:00:00,6.323,24,26.277,1007.856,196.336,5,22,3
2025-03-22 06:00:00,4.487,34,27.717,1006.748,46.694,6,22,3
2025-03-22 07:00:00,3.852,40,27.794,1010.104,1.648,7,22,3
2025-03-22 08:00:00,3.584,43,30.501,1008.523,0.0,8,22,3
2025-03-22 09:00:00,2.945,59,30.606,1011.41,0.0,9,22,3
2025-03-22 10:00:00,4.693,54,27.73,1006.59,0.0,10,22,3
2025-03-22 11:00:00,3.698,62,29.17,1013.233,13.89,11,22,3
2025-03-22 12:00:00,3.495,68,28.284,1011.141,13.138,12,22,3
2025-03-22 13:00:00,3.414,79,30.367,1011.364,135.852,13,22,3
2025-03-22 14:00:00,2.795,91,26.552,1015.117,15.453,14,22,3
2025-03-22 15:00:00,1.611,104,29.36,1009.481,34.658,15,22,3
2025-03-22 16:00:00,2.59,111,26.614,1008.617,64.073,16,22,3
2025-03-22 17:00:00,4.315,145,24.489,1009.151,37.326,17,22,3
2025-03-22 18:00:00,3.969,158,24.362,1010.217,0.0,18,22,3
2025-03-22 19:00:00,5.305,210,23.615,1010.521,38.472,19,22,3
2025-03-22 20:00:00,4.704,216,22.6,1008.302,0.0,20,22,3
2025-03-22 21:00:00,4.17,239,23.979,1004.725,30.038,21,22,3
2025-03-22 22:00:00,5.51,231,22.326,1009.111,46.7,22,22,3
2025-03-22 23:00:00,3.65,262,21.322,1011.874,35.365,23,22,3
2025-03-23 00:00:00,3.244,255,23.887,1011.127,0.0,0,23,3
2025-03-23 01:00:00,3.076,269,22.684,1014.316,8.078,1,23,3
2025-03-23 02:00:00,4.889,270,24.588,1016.584,109.769,2,23,3
2025-03-23 03:00:00,3.807,284,25.137,1012.996,0.0,3,23,3
2025-03-23 04:00:00,2.827,285,25.963,1014.865,101.365,4,23,3
2025-03-23 05:00:00,4.059,276,30.18,1013.018,13.19,5,23,3
2025-03-23 06:00:00,2.972,277,28.555,1015.848,0.0,6,23,3
2025-03-23 07:00:00,4.291,310,29.38,1016.27,14.016,7,23,3
2025-03-23 08:00:00,4.683,324,27.401,1013.571,0.0,8,23,3
2025-03-23 09:00:00,4.195,306,29.013,1012.837,0.0,9,23,3
2025-03-23 10:00:00,4.955,331,30.122,1010.102,74.071,10,23,3
2025-03-23 11:00:00,2.857,320,28.495,1010.594,120.599,11,23,3
2025-03-23 12:00:00,4.058,339,30.481,1009.704,30.464,12,23,3
2025-03-23 13:00:00,3.679,354,27.442,1012.582,30.845,13,23,3
2025-03-23 14:00:00,7.301,10,27.899,1008.557,256.703,14,23,3
2025-03-23 15:00:00,5.259,49,26.802,1010.144,101.725,15,23,3
2025-03-23 16:00:00,3.613,40,26.922,1003.652,0.0,16,23,3
2025-03-23 17:00:00,2.053,56,25.186,1015.887,14.697,17,23,3
2025-03-23 18:00:00,4.505,84,24.921,1010.056,0.0,18,23,3
2025-03-23 19:00:00,3.277,78,24.364,1012.085,0.0,19,23,3
2025-03-23 20:00:00,2.269,70,23.32,1015.091,20.204,20,23,3
2025-03-23 21:00:00,3.16,70,24.518,1011.619,49.91,21,23,3
2025-03-23 22:00:00,3.76,81,24.156,1015.051,52.886,22,23,3
2025-03-23 23:00:00,3.92,61,23.903,1006.993,0.0,23,23,3
2025-03-24 00:00:00,3.277,76,23.896,1017.833,0.0,0,24,3
2025-03-24 01:00:00,3.278,56,25.874,1013.903,32.199,1,24,3
2025-03-24 02:00:00,3.441,85,25.278,1011.269,0.0,2,24,3
2025-03-24 03:00:00,3.717,100,25.93,1014.917,50.423,3,24,3
2025-03-24 04:00:00,4.027,140,27.204,1007.135,0.0,4,24,3
2025-03-24 05:00:00,5.026,157,29.885,1009.775,22.134,5,24,3
2025-03-24 06:00:00,4.284,157,26.949,1014.974,5.281,6,24,3
2025-03-24 07:00:00,3.158,148,30.08,1005.04,26.439,7,24,3
2025-03-24 08:00:00,3.67,158,27.331,1012.323,0.0,8,24,3
2025-03-24 09:00:00,4.947,163,30.129,1012.238,0.0,9,24,3
2025-03-24 10:00:00,2.489,190,31.824,1016.549,9.42,10,24,3
2025-03-24 11:00:00,1.716,179,30.381,1005.892,28.954,11,24,3
2025-03-24 12:00:00,4.552,221,29.666,1015.47,68.531,12,24,3
2025-03-24 13:00:00,6.114,249,28.283,1008.963,86.047,13,24,3
2025-03-24 14:00:00,3.338,251,28.35,1009.3,42.798,14,24,3
2025-03-24 15:00:00,3.907,289,27.273,1006.975,29.326,15,24,3
2025-03-24 16:00:00,3.397,280,25.852,1007.378,72.952,16,24,3
2025-03-24 17:00:00,3.263,289,25.677,1011.852,0.0,17,24,3
2025-03-24 18:00:00,3.743,271,25.554,1007.304,0.0,18,24,3
2025-03-24 19:00:00,1.941,310,23.797,1012.862,0.0,19,24,3
2025-03-24 20:00:00,1.468,286,23.303,1008.652,4.865,20,24,3
2025-03-24 21:00:00,2.163,266,22.373,1007.002,28.501,21,24,3
2025-03-24 22:00:00,2.518,260,24.409,1009.058,0.0,22,24,3
2025-03-24 23:00:00,1.488,289,24.733,1011.651,0.0,23,24,3
2025-03-25 00:00:00,3.369,312,24.76,1009.733,47.923,0,25,3
2025-03-25 01:00:00,2.64,320,26.145,1010.667,0.0,1,25,3
2025-03-25 02:00:00,2.477,344,25.736,1012.653,0.0,2,25,3
2025-03-25 03:00:00,3.337,347,26.838,1013.812,104.981,3,25,3
2025-03-25 04:00:00,3.262,360,27.512,1009.634,0.0,4,25,3
2025-03-25 05:00:00,4.477,34,27.808,1007.432,78.438,5,25,3
2025-03-25 06:00:00,2.962,35,27.99,1010.793,56.169,6,25,3
2025-03-25 07:00:00,2.058,27,31.882,1011.977,0.0,7,25,3
2025-03-25 08:00:00,3.118,41,29.13,1006.182,0.0,8,25,3
2025-03-25 09:00:00,3.965,60,29.138,1007.893,0.91,9,25,3
2025-03-25 10:00:00,2.793,67,30.523,1008.407,10.007,10,25,3
2025-03-25 11:00:00,2.261,91,30.166,1009.941,0.0,11,25,3
2025-03-25 12:00:00,3.878,93,27.845,1008.281,0.0,12,25,3
2025-03-25 13:00:00,3.271,101,30.372,1012.686,0.0,13,25,3
2025-03-25 14:00:00,2.197,113,28.269,1005.749,0.0,14,25,3
2025-03-25 15:00:00,4.526,124,26.312,1005.825,0.0,15,25,3
2025-03-25 16:00:00,3.325,158,28.291,1009.563,0.0,16,25,3
2025-03-25 17:00:00,4.857,170,26.845,1010.038,26.99,17,25,3
2025-03-25 18:00:00,3.935,170,23.868,1006.201,0.0,18,25,3
2025-03-25 19:00:00,3.824,185,26.92,1008.744,0.0,19,25,3
2025-03-25 20:00:00,3.103,209,25.131,1009.361,0.0,20,25,3
2025-03-25 21:00:00,0.0,228,24.063,1009.385,0.0,21,25,3
2025-03-25 22:00:00,0.672,246,25.918,1011.02,70.138,22,25,3
2025-03-25 23:00:00,2.035,224,24.339,1008.58,0.0,23,25,3
2025-03-26 00:00:00,3.053,185,24.516,1014.921,36.729,0,26,3
2025-03-26 01:00:00,0.954,213,24.263,1011.952,76.055,1,26,3
2025-03-26 02:00:00,2.349,226,26.397,1008.066,0.0,2,26,3
2025-03-26 03:00:00,1.675,231,27.007,1010.771,0.0,3,26,3
2025-03-26 04:00:00,3.136,249,27.233,1010.86,95.087,4,26,3
2025-03-26 05:00:00,3.446,289,27.039,1014.132,12.909,5,26,3
2025-03-26 06:00:00,4.551,320,28.851,1008.687,33.458,6,26,3
2025-03-26 07:00:00,5.401,343,29.21,1012.79,25.203,7,26,3
2025-03-26 08:00:00,5.08,333,28.14,1010.613,68.851,8,26,3
2025-03-26 09:00:00,5.516,325,28.239,1014.962,53.664,9,26,3
2025-03-26 10:00:00,4.314,288,30.749,1014.36,0.0,10,26,3
2025-03-26 11:00:00,7.591,305,26.81,1011.079,321.284,11,26,3
2025-03-26 12:00:00,3.988,330,29.845,1009.701,0.0,12,26,3
2025-03-26 13:00:00,3.566,357,28.519,1012.008,6.79,13,26,3
2025-03-26 14:00:00,4.994,14,30.02,1009.946,0.0,14,26,3
2025-03-26 15:00:00,5.183,17,27.121,1015.529,61.714,15,26,3
2025-03-26 16:00:00,4.82,12,27.724,1010.723,22.766,16,26,3
2025-03-26 17:00:00,4.79,3,25.686,1009.271,0.0,17,26,3
2025-03-26 18:00:00,1.48,6,25.59,1009.109,0.0,18,26,3
2025-03-26 19:00:00,4.512,355,25.739,1006.849,45.859,19,26,3
2025-03-26 20:00:00,3.329,31,23.853,1012.157,63.26,20,26,3
2025-03-26 21:00:00,4.535,13,25.339,1008.028,0.0,21,26,3
2025-03-26 22:00:00,1.104,15,22.885,1013.782,0.0,22,26,3
2025-03-26 23:00:00,2.61,347,24.57,1006.609,107.304,23,26,3
2025-03-27 00:00:00,2.166,358,25.724,1010.792,0.0,0,27,3
2025-03-27 01:00:00,3.377,2,25.915,1013.861,5.216,1,27,3
2025-03-27 02:00:00,3.555,1,28.066,1003.954,0.0,2,27,3
2025-03-27 03:00:00,3.772,351,25.587,1016.465,13.442,3,27,3
2025-03-27 04:00:00,2.323,357,25.628,1009.135,94.33,4,27,3
2025-03-27 05:00:00,3.133,353,26.861,1010.834,13.998,5,27,3
2025-03-27 06:00:00,3.383,356,29.555,1012.125,58.763,6,27,3
2025-03-27 07:00:00,4.36,36,29.958,1012.589,9.913,7,27,3
2025-03-27 08:00:00,5.347,45,29.93,1011.232,0.0,8,27,3
2025-03-27 09:00:00,4.781,60,28.725,1013.403,0.0,9,27,3
2025-03-27 10:00:00,3.006,57,31.059,1011.968,0.0,10,27,3
2025-03-27 11:00:00,4.039,48,28.53,1015.693,15.714,11,27,3
2025-03-27 12:00:00,7.236,53,31.057,1011.978,315.554,12,27,3
2025-03-27 13:00:00,7.113,104,32.589,1016.305,235.828,13,27,3
2025-03-27 14:00:00,1.68,104,28.957,1013.114,0.0,14,27,3
2025-03-27 15:00:00,3.311,116,28.48,1004.993,0.0,15,27,3
2025-03-27 16:00:00,4.719,107,26.409,1018.244,36.538,16,27,3
2025-03-27 17:00:00,3.766,63,24.057,1008.688,0.0,17,27,3
2025-03-27 18:00:00,3.009,54,24.797,1014.897,0.0,18,27,3
2025-03-27 19:00:00,2.867,102,23.611,1010.491,49.509,19,27,3
2025-03-27 20:00:00,3.66,118,22.739,1013.594,0.0,20,27,3
2025-03-27 21:00:00,1.883,153,26.277,1008.345,0.0,21,27,3
2025-03-27 22:00:00,3.945,152,24.472,1012.288,0.0,22,27,3
2025-03-27 23:00:00,3.165,115,24.739,1009.651,39.938,23,27,3
2025-03-28 00:00:00,1.913,101,24.313,1015.071,9.103,0,28,3
2025-03-28 01:00:00,3.925,114,24.982,1011.65,0.0,1,28,3
2025-03-28 02:00:00,1.586,124,26.99,1013.141,0.0,2,28,3
2025-03-28 03:00:00,2.069,129,26.53,1003.841,0.0,3,28,3
2025-03-28 04:00:00,2.326,125,27.986,1010.077,16.622,4,28,3
2025-03-28 05:00:00,5.66,147,27.885,1011.565,60.685,5,28,3
2025-03-28 06:00:00,3.615,143,28.418,1011.004,0.0,6,28,3
2025-03-28 07:00:00,1.381,154,27.739,1013.217,2.546,7,28,3
2025-03-28 08:00:00,2.569,163,27.501,1009.236,0.0,8,28,3
2025-03-28 09:00:00,4.226,162,29.825,1010.48,0.0,9,28,3
2025-03-28 10:00:00,5.19,152,30.273,1013.877,95.902,10,28,3
2025-03-28 11:00:00,7.235,150,28.523,1003.497,221.196,11,28,3
2025-03-28 12:00:00,6.881,189,29.691,1012.102,206.471,12,28,3
2025-03-28 13:00:00,5.315,215,29.291,1009.332,0.0,13,28,3
2025-03-28 14:00:00,3.488,239,25.997,1007.597,0.0,14,28,3
2025-03-28 15:00:00,5.686,230,26.749,1011.343,7.682,15,28,3
2025-03-28 16:00:00,3.987,210,27.555,1014.016,0.0,16,28,3
2025-03-28 17:00:00,2.976,235,26.76,1013.451,133.22,17,28,3
2025-03-28 18:00:00,2.797,257,24.203,1009.928,13.724,18,28,3
2025-03-28 19:00:00,1.66,265,25.179,1012.961,67.431,19,28,3
2025-03-28 20:00:00,2.094,264,25.769,1012.938,47.042,20,28,3
2025-03-28 21:00:00,2.422,243,25.209,1010.071,54.078,21,28,3
2025-03-28 22:00:00,3.588,264,24.097,1008.254,0.0,22,28,3
2025-03-28 23:00:00,2.662,291,23.789,1008.428,88.352,23,28,3
2025-03-29 00:00:00,1.362,284,23.994,1012.77,46.568,0,29,3
2025-03-29 01:00:00,0.603,276,25.816,1010.13,2.273,1,29,3
2025-03-29 02:00:00,2.522,304,26.132,1007.118,14.481,2,29,3
2025-03-29 03:00:00,3.088,298,27.39,1005.202,0.0,3,29,3
2025-03-29 04:00:00,2.67,336,27.573,1012.752,2.873,4,29,3
2025-03-29 05:00:00,2.763,340,29.168,1008.616,0.0,5,29,3
2025-03-29 06:00:00,3.905,339,29.008,1011.247,23.532,6,29,3
2025-03-29 07:00:00,5.547,345,30.434,1013.975,152.406,7,29,3
2025-03-29 08:00:00,3.685,344,30.985,1006.33,0.0,8,29,3
2025-03-29 09:00:00,4.16,9,29.239,1010.121,68.066,9,29,3
2025-03-29 10:00:00,5.363,30,28.1,1009.744,23.519,10,29,3
2025-03-29 11:00:00,3.775,55,31.984,1011.396,71.345,11,29,3
2025-03-29 12:00:00,4.118,64,30.106,1013.974,0.0,12,29,3
2025-03-29 13:00:00,4.154,61,27.235,1006.268,27.696,13,29,3
2025-03-29 14:00:00,2.623,66,27.793,1011.966,0.0,14,29,3
2025-03-29 15:00:00,3.726,64,28.839,1013.351,0.0,15,29,3
2025-03-29 16:00:00,3.807,96,26.796,1009.697,97.357,16,29,3
2025-03-29 17:00:00,4.307,120,25.747,1009.844,0.0,17,29,3
2025-03-29 18:00:00,2.337,124,27.334,1011.512,4.614,18,29,3
2025-03-29 19:00:00,2.956,113,23.798,1011.291,0.0,19,29,3
2025-03-29 20:00:00,4.632,146,23.65,1012.003,0.0,20,29,3
2025-03-29 21:00:00,5.896,154,24.596,1011.94,70.832,21,29,3
2025-03-29 22:00:00,5.339,157,24.745,1007.31,10.193,22,29,3
2025-03-29 23:00:00,2.316,190,25.011,1013.227,0.0,23,29,3
2025-03-30 00:00:00,3.22,186,25.907,1013.679,0.0,0,30,3
2025-03-30 01:00:00,2.488,186,25.558,1010.737,0.0,1,30,3
2025-03-30 02:00:00,3.212,187,26.55,1005.696,6.933,2,30,3
2025-03-30 03:00:00,2.334,169,26.388,1009.835,0.0,3,30,3
2025-03-30 04:00:00,1.087,180,27.555,1010.762,0.0,4,30,3
2025-03-30 05:00:00,2.385,172,28.379,1006.745,0.0,5,30,3
2025-03-30 06:00:00,4.161,167,29.217,1009.099,30.985,6,30,3
2025-03-30 07:00:00,4.356,160,30.484,1005.951,0.0,7,30,3
2025-03-30 08:00:00,4.654,155,30.67,1012.001,43.171,8,30,3
2025-03-30 09:00:00,4.614,145,30.322,1010.677,37.653,9,30,3
2025-03-30 10:00:00,4.868,155,29.364,1005.242,0.0,10,30,3
2025-03-30 11:00:00,5.11,158,30.277,1011.233,30.563,11,30,3
2025-03-30 12:00:00,4.247,164,29.829,1010.009,51.837,12,30,3
2025-03-30 13:00:00,4.329,212,29.589,1011.728,0.0,13,30,3
2025-03-30 14:00:00,6.187,215,31.362,1009.004,99.396,14,30,3
2025-03-30 15:00:00,4.844,231,27.348,1007.775,85.102,15,30,3
2025-03-30 16:00:00,4.176,249,27.703,1007.866,0.0,16,30,3
2025-03-30 17:00:00,3.9,253,27.708,1008.564,27.814,17,30,3
2025-03-30 18:00:00,3.314,263,25.835,1010.235,0.0,18,30,3
2025-03-30 19:00:00,2.755,269,27.925,1010.623,0.0,19,30,3
2025-03-30 20:00:00,3.212,278,24.219,1009.607,24.604,20,30,3
2025-03-30 21:00:00,2.459,273,24.796,1008.909,0.0,21,30,3
2025-03-30 22:00:00,2.58,270,23.383,1009.125,0.0,22,30,3
2025-03-30 23:00:00,1.861,276,24.058,1017.702,23.613,23,30,3
2025-03-31 00:00:00,2.672,246,25.176,1007.789,12.421,0,31,3
2025-03-31 01:00:00,3.532,278,26.398,1008.428,0.0,1,31,3
2025-03-31 02:00:00,2.974,322,26.409,1019.983,0.0,2,31,3
2025-03-31 03:00:00,0.829,331,28.274,1011.365,34.566,3,31,3
2025-03-31 04:00:00,3.243,348,27.429,1005.962,0.0,4,31,3
2025-03-31 05:00:00,3.612,12,27.915,1012.63,30.769,5,31,3
2025-03-31 06:00:00,2.579,355,32.267,1007.371,20.912,6,31,3
2025-03-31 07:00:00,4.395,16,30.094,1012.829,0.0,7,31,3
2025-03-31 08:00:00,2.589,14,29.204,1009.469,58.991,8,31,3
2025-03-31 09:00:00,4.893,61,29.5,1008.782,0.0,9,31,3
2025-03-31 10:00:00,4.42,63,29.267,1014.929,74.919,10,31,3
2025-03-31 11:00:00,1.741,85,31.383,1011.801,72.671,11,31,3
2025-03-31 12:00:00,3.67,87,29.489,1013.021,58.739,12,31,3
2025-03-31 13:00:00,3.574,132,29.573,1011.406,0.0,13,31,3
2025-03-31 14:00:00,3.291,128,28.701,1008.768,140.169,14,31,3
2025-03-31 15:00:00,2.888,154,28.918,1011.936,8.351,15,31,3
2025-03-31 16:00:00,3.341,171,26.244,1013.729,13.393,16,31,3
2025-03-31 17:00:00,2.947,184,25.199,1010.506,0.0,17,31,3
2025-03-31 18:00:00,1.115,194,26.05,1015.507,0.0,18,31,3
2025-03-31 19:00:00,4.0,187,25.904,1012.653,74.673,19,31,3
2025-03-31 20:00:00,3.088,146,25.135,1010.738,0.0,20,31,3
2025-03-31 21:00:00,2.153,171,23.499,1010.856,50.579,21,31,3
2025-03-31 22:00:00,1.345,168,25.218,1010.513,63.775,22,31,3
2025-03-31 23:00:00,3.25,195,23.651,1006.348,33.236,23,31,3
2025-04-01 00:00:00,1.498,207,24.314,1009.754,0.0,0,1,4
2025-04-01 01:00:00,2.628,234,24.313,1010.688,0.0,1,1,4
2025-04-01 02:00:00,2.247,254,27.65,1008.776,0.0,2,1,4
2025-04-01 03:00:00,2.293,215,27.585,1011.037,0.0,3,1,4
2025-04-01 04:00:00,1.762,232,28.332,1010.088,44.149,4,1,4
2025-04-01 05:00:00,2.274,231,29.873,1012.345,0.0,5,1,4
2025-04-01 06:00:00,3.292,257,32.46,1012.014,0.0,6,1,4
2025-04-01 07:00:00,4.001,273,27.632,1010.526,0.0,7,1,4
2025-04-01 08:00:00,3.16,289,29.244,1005.923,66.859,8,1,4
2025-04-01 09:00:00,3.765,290,29.656,1015.396,0.0,9,1,4
2025-04-01 10:00:00,5.136,279,29.44,1009.599,136.339,10,1,4
2025-04-01 11:00:00,2.664,277,29.029,1009.782,0.0,11,1,4
2025-04-01 12:00:00,3.751,250,29.629,1008.997,13.424,12,1,4
2025-04-01 13:00:00,2.967,245,28.023,1008.559,0.0,13,1,4
2025-04-01 14:00:00,2.518,224,29.242,1014.656,114.097,14,1,4
2025-04-01 15:00:00,3.78,204,28.165,1014.182,11.535,15,1,4
2025-04-01 16:00:00,3.143,212,27.9,1011.357,117.054,16,1,4
2025-04-01 17:00:00,2.036,227,27.161,1009.702,0.0,17,1,4
2025-04-01 18:00:00,4.471,232,26.567,1011.882,95.244,18,1,4
2025-04-01 19:00:00,4.676,229,24.797,1010.246,23.091,19,1,4
2025-04-01 20:00:00,1.36,217,27.344,1009.454,46.016,20,1,4
2025-04-01 21:00:00,0.733,217,24.814,1011.039,0.0,21,1,4
2025-04-01 22:00:00,2.859,208,22.233,1008.701,19.163,22,1,4
2025-04-01 23:00:00,2.52,212,23.403,1010.781,0.0,23,1,4
2025-04-02 00:00:00,4.474,190,22.913,1010.559,25.259,0,2,4
2025-04-02 01:00:00,4.14,208,25.528,1011.756,0.0,1,2,4
2025-04-02 02:00:00,3.746,203,26.004,1008.089,0.0,2,2,4
2025-04-02 03:00:00,2.201,215,26.325,1012.077,60.259,3,2,4
2025-04-02 04:00:00,3.561,236,30.08,1007.228,30.724,4,2,4
2025-04-02 05:00:00,2.097,247,29.097,1008.229,0.0,5,2,4
2025-04-02 06:00:00,4.719,267,30.018,1008.36,0.0,6,2,4
2025-04-02 07:00:00,4.672,235,28.627,1006.731,43.525,7,2,4
2025-04-02 08:00:00,3.326,232,28.993,1012.994,87.087,8,2,4
2025-04-02 09:00:00,4.842,257,30.501,1007.04,0.0,9,2,4
2025-04-02 10:00:00,7.035,272,30.73,1007.85,343.648,10,2,4
2025-04-02 11:00:00,4.934,311,28.156,1013.713,25.131,11,2,4
2025-04-02 12:00:00,5.12,347,29.834,1008.235,0.0,12,2,4
2025-04-02 13:00:00,4.001,358,29.561,1009.382,0.0,13,2,4
2025-04-02 14:00:00,4.155,359,28.643,1006.911,47.518,14,2,4
2025-04-02 15:00:00,2.271,347,27.189,1012.446,7.126,15,2,4
2025-04-02 16:00:00,3.273,344,26.737,1012.487,81.593,16,2,4
2025-04-02 17:00:00,3.521,342,26.401,1012.164,0.0,17,2,4
2025-04-02 18:00:00,5.492,337,26.014,1011.559,60.29,18,2,4
2025-04-02 19:00:00,1.878,326,26.032,1010.168,0.372,19,2,4
2025-04-02 20:00:00,2.346,339,26.157,1008.374,0.0,20,2,4
2025-04-02 21:00:00,4.223,14,24.241,1007.502,0.0,21,2,4
2025-04-02 22:00:00,3.022,36,23.982,1013.816,0.0,22,2,4
2025-04-02 23:00:00,2.697,36,25.193,1012.241,9.606,23,2,4
2025-04-03 00:00:00,1.841,60,25.795,1007.789,16.642,0,3,4
2025-04-03 01:00:00,1.499,72,25.046,1009.989,13.892,1,3,4
2025-04-03 02:00:00,0.44,77,27.159,1008.969,66.329,2,3,4
2025-04-03 03:00:00,1.575,81,28.123,1006.485,0.0,3,3,4
2025-04-03 04:00:00,1.648,83,29.278,1010.402,0.0,4,3,4
2025-04-03 05:00:00,3.073,100,30.632,1008.623,55.934,5,3,4
2025-04-03 06:00:00,2.622,108,28.167,1007.012,0.0,6,3,4
2025-04-03 07:00:00,2.949,100,29.822,1005.432,0.0,7,3,4
2025-04-03 08:00:00,3.189,92,30.266,1005.178,0.0,8,3,4
2025-04-03 09:00:00,3.81,103,30.4,1008.755,0.0,9,3,4
2025-04-03 10:00:00,3.509,116,29.804,1009.614,0.0,10,3,4
2025-04-03 11:00:00,2.814,116,28.661,1007.243,0.0,11,3,4
2025-04-03 12:00:00,3.892,101,30.222,1011.822,38.021,12,3,4
2025-04-03 13:00:00,5.321,129,28.683,1009.673,40.715,13,3,4
2025-04-03 14:00:00,4.625,153,29.065,1011.6,42.046,14,3,4
2025-04-03 15:00:00,3.449,123,27.272,1009.321,0.0,15,3,4
2025-04-03 16:00:00,3.507,153,26.125,1007.508,50.091,16,3,4
2025-04-03 17:00:00,1.182,155,26.955,1010.212,0.0,17,3,4
2025-04-03 18:00:00,2.498,164,26.146,1006.081,0.0,18,3,4
2025-04-03 19:00:00,2.505,190,26.062,1011.488,17.414,19,3,4
2025-04-03 20:00:00,1.792,225,27.543,1007.058,42.206,20,3,4
2025-04-03 21:00:00,1.691,249,24.988,1012.624,0.0,21,3,4
2025-04-03 22:00:00,2.002,259,25.172,1008.854,65.956,22,3,4
2025-04-03 23:00:00,3.699,240,23.435,1013.057,0.0,23,3,4
2025-04-04 00:00:00,4.373,209,23.577,1006.424,45.868,0,4,4
2025-04-04 01:00:00,2.318,230,27.526,1007.759,95.963,1,4,4
2025-04-04 02:00:00,2.202,260,25.162,1010.935,2.02,2,4,4
2025-04-04 03:00:00,2.296,251,25.754,1013.304,0.0,3,4,4
2025-04-04 04:00:00,3.944,252,27.74,1014.792,0.0,4,4,4
2025-04-04 05:00:00,3.842,247,28.45,1009.916,91.65,5,4,4
2025-04-04 06:00:00,3.877,242,28.183,1015.305,24.546,6,4,4
2025-04-04 07:00:00,4.517,267,29.499,1008.923,130.146,7,4,4
2025-04-04 08:00:00,3.525,276,31.787,1013.088,15.866,8,4,4
2025-04-04 09:00:00,5.536,277,29.61,1006.965,20.777,9,4,4
2025-04-04 10:00:00,4.667,330,28.97,1011.053,0.0,10,4,4
2025-04-04 11:00:00,3.42,310,31.635,1002.767,3.639,11,4,4
2025-04-04 12:00:00,3.719,325,30.761,1006.427,0.0,12,4,4
2025-04-04 13:00:00,5.447,312,28.92,1011.192,25.023,13,4,4
2025-04-04 14:00:00,4.023,315,27.123,1005.855,0.0,14,4,4
2025-04-04 15:00:00,5.04,323,27.391,1011.073,42.773,15,4,4
2025-04-04 16:00:00,3.439,344,27.438,1012.511,107.092,16,4,4
2025-04-04 17:00:00,2.631,345,28.132,1008.288,3.015,17,4,4
2025-04-04 18:00:00,3.88,344,24.781,1006.885,0.0,18,4,4
2025-04-04 19:00:00,2.401,344,25.325,1008.369,0.0,19,4,4
2025-04-04 20:00:00,3.771,330,25.79,1006.895,16.007,20,4,4
2025-04-04 21:00:00,3.594,347,21.857,1009.488,5.845,21,4,4
2025-04-04 22:00:00,2.079,358,25.889,1010.098,89.345,22,4,4
2025-04-04 23:00:00,2.493,10,23.369,1008.874,52.804,23,4,4
2025-04-05 00:00:00,2.089,14,25.578,1014.738,51.156,0,5,4
2025-04-05 01:00:00,3.039,16,25.981,1007.557,0.0,1,5,4
2025-04-05 02:00:00,5.196,43,27.63,1013.889,95.722,2,5,4
2025-04-05 03:00:00,3.4,67,27.726,1006.591,0.0,3,5,4
2025-04-05 04:00:00,3.977,98,24.993,1009.933,56.32,4,5,4
2025-04-05 05:00:00,3.707,110,27.674,1013.264,0.0,5,5,4
2025-04-05 06:00:00,3.747,140,29.491,1013.109,0.0,6,5,4
2025-04-05 07:00:00,3.661,138,29.689,1008.454,33.574,7,5,4
2025-04-05 08:00:00,2.94,140,30.943,1011.38,76.865,8,5,4
2025-04-05 09:00:00,4.157,167,31.582,1010.978,0.0,9,5,4
2025-04-05 10:00:00,3.883,188,31.431,1008.095,88.261,10,5,4
2025-04-05 11:00:00,3.103,188,30.305,1011.563,0.0,11,5,4
2025-04-05 12:00:00,5.04,175,28.013,1015.302,0.0,12,5,4
2025-04-05 13:00:00,4.565,177,29.176,1011.13,4.891,13,5,4
2025-04-05 14:00:00,3.957,170,29.579,1011.414,0.0,14,5,4
2025-04-05 15:00:00,5.461,207,27.034,1011.731,15.077,15,5,4
2025-04-05 16:00:00,2.176,226,28.32,1005.332,7.352,16,5,4
2025-04-05 17:00:00,4.559,218,27.882,1011.095,0.0,17,5,4
2025-04-05 18:00:00,2.727,205,26.235,1006.664,0.0,18,5,4
2025-04-05 19:00:00,3.269,196,21.808,1007.945,15.381,19,5,4
2025-04-05 20:00:00,2.423,191,23.504,1016.201,0.0,20,5,4
2025-04-05 21:00:00,1.685,193,27.036,1008.955,0.0,21,5,4
2025-04-05 22:00:00,3.969,219,24.051,1007.494,0.0,22,5,4
2025-04-05 23:00:00,5.316,207,22.465,1013.172,0.0,23,5,4
2025-04-06 00:00:00,3.373,254,26.719,1006.794,42.185,0,6,4
2025-04-06 01:00:00,3.433,243,25.758,1008.295,94.214,1,6,4
2025-04-06 02:00:00,3.211,223,27.711,1013.385,58.584,2,6,4
2025-04-06 03:00:00,5.166,259,27.455,1009.766,54.054,3,6,4
2025-04-06 04:00:00,1.498,288,28.453,1004.953,0.0,4,6,4
2025-04-06 05:00:00,3.302,290,29.109,1011.269,0.0,5,6,4
2025-04-06 06:00:00,2.745,302,30.219,1008.448,58.136,6,6,4
2025-04-06 07:00:00,0.81,315,32.713,1014.257,0.0,7,6,4
2025-04-06 08:00:00,2.581,323,31.592,1007.819,0.0,8,6,4
2025-04-06 09:00:00,5.773,305,28.796,1012.791,115.344,9,6,4
2025-04-06 10:00:00,3.977,266,31.294,1014.965,0.0,10,6,4
2025-04-06 11:00:00,5.076,256,31.989,1007.085,54.159,11,6,4
2025-04-06 12:00:00,5.884,294,31.729,1009.058,103.835,12,6,4
2025-04-06 13:00:00,4.703,333,29.268,1010.803,0.0,13,6,4
2025-04-06 14:00:00,4.395,334,30.535,1007.065,14.009,14,6,4
2025-04-06 15:00:00,2.081,322,29.513,1010.448,0.0,15,6,4
2025-04-06 16:00:00,2.362,332,30.707,1008.963,22.885,16,6,4
2025-04-06 17:00:00,4.191,345,25.949,1008.902,42.644,17,6,4
2025-04-06 18:00:00,3.683,0,25.531,1009.784,23.026,18,6,4
2025-04-06 19:00:00,3.751,321,25.175,1009.851,5.476,19,6,4
2025-04-06 20:00:00,3.401,22,24.507,1010.129,16.106,20,6,4
2025-04-06 21:00:00,5.577,48,23.762,1007.841,0.0,21,6,4
2025-04-06 22:00:00,3.217,50,21.449,1007.972,0.0,22,6,4
2025-04-06 23:00:00,4.776,43,24.382,1009.282,0.0,23,6,4
2025-04-07 00:00:00,3.599,66,25.736,1009.426,57.439,0,7,4
2025-04-07 01:00:00,5.061,80,25.207,1008.244,66.2,1,7,4
2025-04-07 02:00:00,2.257,87,28.764,1010.532,37.422,2,7,4
2025-04-07 03:00:00,3.072,101,27.194,1004.116,94.243,3,7,4
2025-04-07 04:00:00,2.79,104,29.508,1007.369,0.0,4,7,4
2025-04-07 05:00:00,3.44,117,29.043,1008.721,0.0,5,7,4
2025-04-07 06:00:00,5.024,136,30.43,1006.992,7.461,6,7,4
2025-04-07 07:00:00,4.687,148,30.371,1014.448,0.0,7,7,4
2025-04-07 08:00:00,5.648,159,32.126,1009.617,0.0,8,7,4
2025-04-07 09:00:00,3.863,190,30.816,1010.091,36.339,9,7,4
2025-04-07 10:00:00,3.159,167,31.409,1008.111,0.0,10,7,4
2025-04-07 11:00:00,3.913,158,31.115,1009.513,0.0,11,7,4
2025-04-07 12:00:00,4.077,164,29.996,1005.915,0.0,12,7,4
2025-04-07 13:00:00,3.912,156,30.322,1009.051,0.0,13,7,4
2025-04-07 14:00:00,2.891,154,31.874,1006.749,48.711,14,7,4
2025-04-07 15:00:00,4.938,183,28.132,1008.728,27.959,15,7,4
2025-04-07 16:00:00,3.687,186,28.179,1001.881,0.0,16,7,4
2025-04-07 17:00:00,5.21,159,28.414,1006.176,89.1,17,7,4
2025-04-07 18:00:00,3.95,157,27.565,1013.952,42.979,18,7,4
2025-04-07 19:00:00,4.154,164,25.612,1012.052,0.0,19,7,4
2025-04-07 20:00:00,4.013,170,22.291,1013.518,17.463,20,7,4
2025-04-07 21:00:00,2.299,185,25.506,1013.724,0.0,21,7,4
2025-04-07 22:00:00,3.065,199,22.157,1011.579,0.0,22,7,4
2025-04-07 23:00:00,5.091,202,26.723,1008.202,134.256,23,7,4
2025-04-08 00:00:00,3.829,186,25.551,1006.372,8.771,0,8,4
2025-04-08 01:00:00,4.217,184,27.053,1012.924,0.0,1,8,4
2025-04-08 02:00:00,4.182,178,25.414,1009.677,10.297,2,8,4
2025-04-08 03:00:00,3.829,178,25.37,1016.966,50.059,3,8,4
2025-04-08 04:00:00,3.695,196,28.327,1008.388,0.0,4,8,4
2025-04-08 05:00:00,4.195,209,28.744,1015.402,0.0,5,8,4
2025-04-08 06:00:00,4.733,229,28.903,1009.013,54.202,6,8,4
2025-04-08 07:00:00,2.594,228,30.193,1013.492,0.0,7,8,4
2025-04-08 08:00:00,3.843,261,33.859,1014.574,56.592,8,8,4
2025-04-08 09:00:00,3.831,279,31.805,1006.415,0.0,9,8,4
2025-04-08 10:00:00,3.637,286,32.128,1008.028,0.0,10,8,4
2025-04-08 11:00:00,5.532,302,31.743,1006.385,0.0,11,8,4
2025-04-08 12:00:00,3.796,295,32.172,1005.794,0.0,12,8,4
2025-04-08 13:00:00,2.423,263,29.663,1011.485,71.372,13,8,4
2025-04-08 14:00:00,4.418,258,26.782,1008.894,67.502,14,8,4
2025-04-08 15:00:00,2.414,277,28.285,1009.641,63.323,15,8,4
2025-04-08 16:00:00,1.061,284,28.705,1011.152,0.0,16,8,4
2025-04-08 17:00:00,3.757,287,25.796,1003.911,0.0,17,8,4
2025-04-08 18:00:00,3.64,277,26.04,1013.344,19.63,18,8,4
2025-04-08 19:00:00,3.844,247,24.823,1008.436,41.465,19,8,4
2025-04-08 20:00:00,2.755,278,27.009,1011.081,0.0,20,8,4
2025-04-08 21:00:00,1.24,280,25.84,1011.346,0.0,21,8,4
2025-04-08 22:00:00,0.928,278,25.657,1013.596,0.0,22,8,4
2025-04-08 23:00:00,1.861,271,25.76,1009.169,91.203,23,8,4
2025-04-09 00:00:00,1.022,299,25.357,1003.036,0.0,0,9,4
2025-04-09 01:00:00,2.617,320,26.144,1009.578,1.721,1,9,4
2025-04-09 02:00:00,2.327,308,25.128,1010.009,4.6,2,9,4
2025-04-09 03:00:00,3.08,334,24.663,1006.304,60.811,3,9,4
2025-04-09 04:00:00,3.409,337,28.248,1009.849,0.0,4,9,4
2025-04-09 05:00:00,3.91,331,29.227,1008.324,66.838,5,9,4
2025-04-09 06:00:00,4.33,331,30.998,1005.378,0.0,6,9,4
2025-04-09 07:00:00,3.616,322,32.031,1011.421,64.918,7,9,4
2025-04-09 08:00:00,4.094,304,32.476,1007.715,0.0,8,9,4
2025-04-09 09:00:00,4.387,323,29.66,1008.187,3.426,9,9,4
2025-04-09 10:00:00,1.467,324,30.5,1008.019,89.399,10,9,4
2025-04-09 11:00:00,4.075,341,31.36,1013.113,42.6,11,9,4
2025-04-09 12:00:00,4.332,352,33.489,1009.284,31.064,12,9,4
2025-04-09 13:00:00,4.842,6,31.721,1009.644,0.0,13,9,4
2025-04-09 14:00:00,2.8,336,30.645,1008.085,0.0,14,9,4
2025-04-09 15:00:00,3.152,326,28.1,1010.795,73.954,15,9,4
2025-04-09 16:00:00,2.255,342,26.725,1013.455,25.979,16,9,4
2025-04-09 17:00:00,3.948,325,27.96,1011.35,51.925,17,9,4
2025-04-09 18:00:00,1.896,337,24.984,1011.467,4.059,18,9,4
2025-04-09 19:00:00,1.66,317,25.421,1011.225,0.0,19,9,4
2025-04-09 20:00:00,3.163,323,25.122,1005.266,42.181,20,9,4
2025-04-09 21:00:00,2.233,357,26.906,1006.778,14.264,21,9,4
2025-04-09 22:00:00,1.539,15,24.504,1008.792,0.0,22,9,4
2025-04-09 23:00:00,3.407,348,22.141,1007.229,0.0,23,9,4
2025-04-10 00:00:00,4.069,8,26.06,1006.136,56.563,0,10,4
2025-04-10 01:00:00,4.073,46,25.121,1003.713,28.239,1,10,4
2025-04-10 02:00:00,4.299,102,26.654,1005.29,0.0,2,10,4
2025-04-10 03:00:00,3.232,116,27.236,1008.56,64.9,3,10,4
2025-04-10 04:00:00,3.037,97,27.792,1009.122,13.41,4,10,4
2025-04-10 05:00:00,2.592,110,29.839,1006.951,14.487,5,10,4
2025-04-10 06:00:00,3.514,144,27.76,1009.567,49.063,6,10,4
2025-04-10 07:00:00,3.132,146,29.577,1008.028,36.786,7,10,4
2025-04-10 08:00:00,3.22,170,31.466,1012.602,16.188,8,10,4
2025-04-10 09:00:00,4.515,160,30.173,1008.845,1.138,9,10,4
2025-04-10 10:00:00,5.656,172,29.045,1011.419,172.284,10,10,4
2025-04-10 11:00:00,5.139,133,31.639,1009.94,0.0,11,10,4
2025-04-10 12:00:00,6.56,121,31.851,1005.124,185.077,12,10,4
2025-04-10 13:00:00,4.096,126,29.944,1009.058,0.0,13,10,4
2025-04-10 14:00:00,1.917,125,27.001,1005.623,25.009,14,10,4
2025-04-10 15:00:00,4.043,107,29.465,1009.006,71.515,15,10,4
2025-04-10 16:00:00,2.904,103,25.845,1007.095,0.0,16,10,4
2025-04-10 17:00:00,2.979,114,27.437,1010.476,33.101,17,10,4
2025-04-10 18:00:00,1.155,118,25.293,1005.303,14.606,18,10,4
2025-04-10 19:00:00,1.446,125,24.368,1009.374,0.0,19,10,4
2025-04-10 20:00:00,0.744,144,24.782,1011.047,69.195,20,10,4
2025-04-10 21:00:00,1.666,143,24.828,1012.053,39.115,21,10,4
2025-04-10 22:00:00,1.961,173,24.209,1007.037,0.0,22,10,4
2025-04-10 23:00:00,2.597,161,25.827,1009.383,60.698,23,10,4
2025-04-11 00:00:00,4.134,201,24.971,1009.806,0.0,0,11,4
2025-04-11 01:00:00,4.035,226,27.188,1013.895,2.317,1,11,4
2025-04-11 02:00:00,1.437,225,26.992,1004.81,0.0,2,11,4
2025-04-11 03:00:00,3.263,225,26.554,1006.52,41.385,3,11,4
2025-04-11 04:00:00,3.403,234,27.133,1017.667,0.0,4,11,4
2025-04-11 05:00:00,3.335,250,26.966,1008.434,41.849,5,11,4
2025-04-11 06:00:00,3.528,275,30.0,1003.581,33.202,6,11,4
2025-04-11 07:00:00,3.971,256,29.824,1007.506,0.0,7,11,4
2025-04-11 08:00:00,3.186,269,27.85,1000.947,100.657,8,11,4
2025-04-11 09:00:00,3.597,236,30.319,1009.976,0.0,9,11,4
2025-04-11 10:00:00,5.35,238,29.946,1011.683,0.0,10,11,4
2025-04-11 11:00:00,3.764,270,32.779,1006.519,48.623,11,11,4
2025-04-11 12:00:00,2.859,250,28.511,1007.841,0.0,12,11,4
2025-04-11 13:00:00,3.629,227,28.319,1012.025,82.923,13,11,4
2025-04-11 14:00:00,2.571,236,30.738,1004.003,5.596,14,11,4
2025-04-11 15:00:00,1.445,266,30.297,1005.289,0.0,15,11,4
2025-04-11 16:00:00,2.545,277,26.995,1008.569,0.0,16,11,4
2025-04-11 17:00:00,4.836,248,26.359,1006.997,0.0,17,11,4
2025-04-11 18:00:00,3.74,223,27.149,1008.372,22.465,18,11,4
2025-04-11 19:00:00,3.515,230,23.019,1005.462,0.0,19,11,4
2025-04-11 20:00:00,0.684,214,23.131,1009.896,27.615,20,11,4
2025-04-11 21:00:00,2.642,222,24.762,1008.806,0.0,21,11,4
2025-04-11 22:00:00,2.831,231,26.893,1010.901,0.0,22,11,4
2025-04-11 23:00:00,2.003,228,24.649,1009.855,28.014,23,11,4
2025-04-12 00:00:00,2.715,266,25.677,1009.797,34.293,0,12,4
2025-04-12 01:00:00,2.984,282,27.422,1004.838,63.019,1,12,4
2025-04-12 02:00:00,1.736,309,29.233,1010.655,0.0,2,12,4
2025-04-12 03:00:00,3.034,331,26.749,1008.185,0.0,3,12,4
2025-04-12 04:00:00,4.569,334,28.202,1008.678,0.0,4,12,4
2025-04-12 05:00:00,3.556,336,31.179,1012.322,9.553,5,12,4
2025-04-12 06:00:00,2.62,336,27.875,1007.019,0.0,6,12,4
2025-04-12 07:00:00,3.23,354,31.533,1013.231,0.0,7,12,4
2025-04-12 08:00:00,4.717,348,29.525,1013.511,0.0,8,12,4
2025-04-12 09:00:00,2.884,23,31.135,1011.436,16.135,9,12,4
2025-04-12 10:00:00,4.415,15,30.786,1006.235,9.498,10,12,4
2025-04-12 11:00:00,3.483,24,29.789,1002.618,28.214,11,12,4
2025-04-12 12:00:00,4.222,25,29.425,1012.414,0.212,12,12,4
2025-04-12 13:00:00,3.485,22,30.431,1009.511,0.0,13,12,4
2025-04-12 14:00:00,3.165,67,30.651,1006.942,10.535,14,12,4
2025-04-12 15:00:00,5.362,64,28.564,1012.698,0.0,15,12,4
2025-04-12 16:00:00,2.582,64,28.023,1006.593,31.304,16,12,4
2025-04-12 17:00:00,3.732,57,27.854,1007.905,0.0,17,12,4
2025-04-12 18:00:00,5.41,63,25.294,1010.752,57.423,18,12,4
2025-04-12 19:00:00,4.631,67,26.749,1005.837,26.164,19,12,4
2025-04-12 20:00:00,1.957,52,26.398,1008.849,88.085,20,12,4
2025-04-12 21:00:00,1.069,50,28.274,1012.445,20.987,21,12,4
2025-04-12 22:00:00,1.341,66,24.633,1009.811,4.027,22,12,4
2025-04-12 23:00:00,2.459,90,24.673,1012.92,0.0,23,12,4
2025-04-13 00:00:00,2.908,96,26.528,1012.502,44.131,0,13,4
2025-04-13 01:00:00,1.38,102,27.094,1009.125,0.0,1,13,4
2025-04-13 02:00:00,1.423,101,26.112,1002.091,0.0,2,13,4
2025-04-13 03:00:00,1.61,97,27.007,1005.784,0.0,3,13,4
2025-04-13 04:00:00,2.515,86,28.921,1011.391,10.532,4,13,4
2025-04-13 05:00:00,5.427,63,28.049,1004.451,1.004,5,13,4
2025-04-13 06:00:00,3.142,56,29.258,1008.121,0.0,6,13,4
2025-04-13 07:00:00,2.471,78,30.456,1010.117,0.0,7,13,4
2025-04-13 08:00:00,2.177,76,31.991,1013.51,0.0,8,13,4
2025-04-13 09:00:00,4.194,75,30.335,1007.376,73.377,9,13,4
2025-04-13 10:00:00,4.119,74,28.915,1007.171,0.0,10,13,4
2025-04-13 11:00:00,3.128,102,28.688,1008.944,111.866,11,13,4
2025-04-13 12:00:00,3.404,91,29.143,1010.154,0.0,12,13,4
2025-04-13 13:00:00,2.951,101,28.573,1008.639,31.912,13,13,4
2025-04-13 14:00:00,3.976,105,29.32,1012.249,10.061,14,13,4
2025-04-13 15:00:00,6.952,112,27.342,1006.704,105.161,15,13,4
2025-04-13 16:00:00,5.343,122,27.145,1009.462,0.0,16,13,4
2025-04-13 17:00:00,3.954,128,26.288,1010.437,0.0,17,13,4
2025-04-13 18:00:00,2.717,148,25.98,1007.901,54.655,18,13,4
2025-04-13 19:00:00,1.417,153,27.498,1011.62,0.0,19,13,4
2025-04-13 20:00:00,3.282,190,26.258,1009.548,0.0,20,13,4
2025-04-13 21:00:00,3.745,196,25.218,1011.468,10.503,21,13,4
2025-04-13 22:00:00,2.529,171,24.58,1009.684,26.007,22,13,4
2025-04-13 23:00:00,4.049,188,24.752,1010.231,28.323,23,13,4
2025-04-14 00:00:00,3.179,200,26.046,1007.128,0.0,0,14,4
2025-04-14 01:00:00,3.813,206,26.86,1007.133,0.0,1,14,4
2025-04-14 02:00:00,3.547,207,25.713,1012.699,30.222,2,14,4
2025-04-14 03:00:00,3.019,174,27.582,1010.932,78.822,3,14,4
2025-04-14 04:00:00,2.073,144,25.881,1005.957,0.0,4,14,4
2025-04-14 05:00:00,2.825,179,29.344,1009.568,0.0,5,14,4
2025-04-14 06:00:00,4.333,174,30.713,1001.904,0.0,6,14,4
2025-04-14 07:00:00,3.388,197,30.06,1007.304,21.871,7,14,4
2025-04-14 08:00:00,4.275,174,33.023,1011.909,0.0,8,14,4
2025-04-14 09:00:00,2.89,161,30.051,1008.65,77.396,9,14,4
2025-04-14 10:00:00,4.633,179,31.435,1009.379,65.428,10,14,4
2025-04-14 11:00:00,4.677,183,30.992,999.976,25.598,11,14,4
2025-04-14 12:00:00,2.932,198,30.582,1007.849,0.0,12,14,4
2025-04-14 13:00:00,3.442,203,30.059,1010.04,0.0,13,14,4
2025-04-14 14:00:00,4.858,205,29.682,1010.421,0.0,14,14,4
2025-04-14 15:00:00,2.695,198,29.834,1011.913,0.0,15,14,4
2025-04-14 16:00:00,2.091,182,29.689,1008.395,10.495,16,14,4
2025-04-14 17:00:00,2.919,213,27.263,1008.529,11.629,17,14,4
2025-04-14 18:00:00,5.592,247,27.535,1005.029,0.0,18,14,4
2025-04-14 19:00:00,3.112,234,25.116,1008.412,44.258,19,14,4
2025-04-14 20:00:00,3.549,219,26.431,1005.241,1.457,20,14,4
2025-04-14 21:00:00,3.341,218,24.332,1003.482,19.808,21,14,4
2025-04-14 22:00:00,2.248,229,26.49,1005.77,40.965,22,14,4
2025-04-14 23:00:00,2.74,231,27.972,1013.552,0.0,23,14,4
2025-04-15 00:00:00,2.207,245,25.553,1008.139,69.24,0,15,4
2025-04-15 01:00:00,2.188,249,23.574,1009.61,0.0,1,15,4
2025-04-15 02:00:00,0.761,252,26.191,1007.41,83.19,2,15,4
2025-04-15 03:00:00,2.284,301,29.064,1003.579,0.0,3,15,4
2025-04-15 04:00:00,3.959,297,29.029,1011.759,82.198,4,15,4
2025-04-15 05:00:00,3.661,332,29.435,1002.434,0.0,5,15,4
2025-04-15 06:00:00,4.881,2,31.055,1007.286,162.346,6,15,4
2025-04-15 07:00:00,4.809,16,31.025,1008.786,0.0,7,15,4
2025-04-15 08:00:00,4.152,348,32.351,1009.642,63.268,8,15,4
2025-04-15 09:00:00,3.365,354,32.259,1006.771,0.0,9,15,4
2025-04-15 10:00:00,3.322,350,33.047,1003.436,39.436,10,15,4
2025-04-15 11:00:00,2.193,356,31.513,1006.547,0.0,11,15,4
2025-04-15 12:00:00,3.194,342,31.835,1006.704,0.0,12,15,4
2025-04-15 13:00:00,3.944,0,29.874,1006.631,0.0,13,15,4
2025-04-15 14:00:00,5.913,23,28.878,1011.86,220.566,14,15,4
2025-04-15 15:00:00,5.084,49,30.911,1005.309,33.132,15,15,4
2025-04-15 16:00:00,3.093,47,28.342,1009.853,0.0,16,15,4
2025-04-15 17:00:00,1.66,33,28.278,1009.425,16.643,17,15,4
2025-04-15 18:00:00,2.485,45,26.752,1011.832,37.927,18,15,4
2025-04-15 19:00:00,3.804,82,25.301,1008.551,0.0,19,15,4
2025-04-15 20:00:00,2.941,89,25.571,1011.324,0.0,20,15,4
2025-04-15 21:00:00,3.46,102,27.016,1008.434,0.0,21,15,4
2025-04-15 22:00:00,2.747,103,25.894,1010.253,66.143,22,15,4
2025-04-15 23:00:00,3.532,99,23.312,1004.441,5.989,23,15,4
2025-04-16 00:00:00,1.134,116,25.487,1000.96,80.477,0,16,4
2025-04-16 01:00:00,4.088,119,28.389,1010.008,66.42,1,16,4
2025-04-16 02:00:00,1.999,132,26.637,1010.169,0.0,2,16,4
2025-04-16 03:00:00,3.617,146,25.47,1010.302,0.0,3,16,4
2025-04-16 04:00:00,3.035,158,30.683,1007.3,0.0,4,16,4
2025-04-16 05:00:00,3.154,173,30.001,1013.344,28.969,5,16,4
2025-04-16 06:00:00,3.177,163,29.806,1007.495,3.313,6,16,4
2025-04-16 07:00:00,3.875,152,30.043,1010.138,37.108,7,16,4
2025-04-16 08:00:00,4.436,157,32.234,1010.659,57.253,8,16,4
2025-04-16 09:00:00,5.387,162,30.55,1014.031,74.839,9,16,4
2025-04-16 10:00:00,6.147,158,32.644,1007.924,86.864,10,16,4
2025-04-16 11:00:00,5.173,168,31.778,1006.916,62.382,11,16,4
2025-04-16 12:00:00,6.429,190,31.088,1004.381,257.264,12,16,4
2025-04-16 13:00:00,4.923,217,30.463,1013.532,0.0,13,16,4
2025-04-16 14:00:00,5.488,248,29.435,1010.139,80.724,14,16,4
2025-04-16 15:00:00,4.823,230,30.163,1010.234,121.791,15,16,4
2025-04-16 16:00:00,3.363,214,27.09,1018.225,0.0,16,16,4
2025-04-16 17:00:00,3.602,214,25.411,1009.85,55.824,17,16,4
2025-04-16 18:00:00,3.922,221,27.386,1004.968,65.105,18,16,4
2025-04-16 19:00:00,3.29,222,26.808,1008.287,0.0,19,16,4
2025-04-16 20:00:00,3.495,217,26.18,1005.951,39.599,20,16,4
2025-04-16 21:00:00,4.003,217,25.828,1007.687,0.0,21,16,4
2025-04-16 22:00:00,3.096,231,24.888,1007.667,0.0,22,16,4
2025-04-16 23:00:00,0.0,212,26.357,1007.114,0.0,23,16,4
2025-04-17 00:00:00,3.748,259,25.735,1004.62,73.659,0,17,4
2025-04-17 01:00:00,2.739,265,25.71,1013.578,0.0,1,17,4
2025-04-17 02:00:00,1.886,289,26.564,1009.697,0.0,2,17,4
2025-04-17 03:00:00,1.367,284,30.1,1008.124,0.0,3,17,4
2025-04-17 04:00:00,2.223,300,26.373,1011.073,0.0,4,17,4
2025-04-17 05:00:00,2.369,307,29.826,1010.214,0.0,5,17,4
2025-04-17 06:00:00,2.344,328,27.92,1009.627,0.0,6,17,4
2025-04-17 07:00:00,2.518,330,30.403,1010.855,6.472,7,17,4
2025-04-17 08:00:00,4.071,2,30.459,1009.202,26.355,8,17,4
2025-04-17 09:00:00,6.378,341,28.743,1010.811,198.518,9,17,4
2025-04-17 10:00:00,5.784,2,31.777,1011.06,85.618,10,17,4
2025-04-17 11:00:00,5.956,9,30.716,1009.288,59.967,11,17,4
2025-04-17 12:00:00,4.269,357,28.319,1008.139,0.0,12,17,4
2025-04-17 13:00:00,4.228,36,31.34,1013.391,22.314,13,17,4
2025-04-17 14:00:00,4.506,75,31.411,1007.367,4.481,14,17,4
2025-04-17 15:00:00,3.245,43,30.741,1009.974,0.0,15,17,4
2025-04-17 16:00:00,2.985,51,28.603,1010.042,14.439,16,17,4
2025-04-17 17:00:00,4.246,69,27.457,1006.972,34.833,17,17,4
2025-04-17 18:00:00,4.797,82,28.287,1006.377,33.528,18,17,4
2025-04-17 19:00:00,3.68,115,28.114,1007.739,0.0,19,17,4
2025-04-17 20:00:00,1.763,144,27.008,1007.324,0.0,20,17,4
2025-04-17 21:00:00,2.098,154,24.253,1004.426,0.0,21,17,4
2025-04-17 22:00:00,0.84,200,25.559,1006.846,46.654,22,17,4
2025-04-17 23:00:00,2.159,222,25.983,1009.599,0.0,23,17,4
2025-04-18 00:00:00,2.802,221,23.661,1012.524,0.0,0,18,4
2025-04-18 01:00:00,2.455,216,26.901,1010.389,63.777,1,18,4
2025-04-18 02:00:00,3.01,244,29.708,1000.927,0.0,2,18,4
2025-04-18 03:00:00,3.494,235,28.486,1010.65,2.361,3,18,4
2025-04-18 04:00:00,3.586,233,30.266,1007.051,27.709,4,18,4
2025-04-18 05:00:00,2.067,234,29.488,1010.085,0.177,5,18,4
2025-04-18 06:00:00,2.794,246,29.89,1008.683,0.0,6,18,4
2025-04-18 07:00:00,3.911,248,31.033,1008.148,24.095,7,18,4
2025-04-18 08:00:00,5.72,230,30.044,1008.419,142.477,8,18,4
2025-04-18 09:00:00,4.256,256,30.131,1008.659,50.165,9,18,4
2025-04-18 10:00:00,4.777,254,32.873,1012.759,0.0,10,18,4
2025-04-18 11:00:00,5.34,296,32.861,1008.667,161.139,11,18,4
2025-04-18 12:00:00,4.269,307,29.692,1011.982,0.0,12,18,4
2025-04-18 13:00:00,5.419,335,31.537,1011.546,0.0,13,18,4
2025-04-18 14:00:00,5.775,352,29.628,1010.727,115.609,14,18,4
2025-04-18 15:00:00,5.993,20,29.403,1003.366,112.626,15,18,4
2025-04-18 16:00:00,4.884,36,28.767,1012.076,26.607,16,18,4
2025-04-18 17:00:00,6.583,45,28.637,1007.352,118.878,17,18,4
2025-04-18 18:00:00,3.584,70,26.835,1010.873,73.851,18,18,4
2025-04-18 19:00:00,5.643,120,27.83,1005.808,57.643,19,18,4
2025-04-18 20:00:00,4.649,120,26.062,1005.171,0.0,20,18,4
2025-04-18 21:00:00,4.906,140,26.174,1014.655,91.027,21,18,4
2025-04-18 22:00:00,3.03,145,24.36,1005.855,12.061,22,18,4
2025-04-18 23:00:00,3.745,159,28.089,1012.164,62.713,23,18,4
2025-04-19 00:00:00,4.654,165,26.437,1009.007,46.704,0,19,4
2025-04-19 01:00:00,2.107,131,27.235,1007.391,131.539,1,19,4
2025-04-19 02:00:00,2.423,133,25.093,1008.517,0.0,2,19,4
2025-04-19 03:00:00,0.353,156,26.772,1004.749,0.885,3,19,4
2025-04-19 04:00:00,2.059,147,30.025,1008.611,39.591,4,19,4
2025-04-19 05:00:00,2.007,169,29.655,1005.404,0.0,5,19,4
2025-04-19 06:00:00,2.806,178,27.722,1007.465,44.145,6,19,4
2025-04-19 07:00:00,6.797,180,31.863,1011.428,21.845,7,19,4
2025-04-19 08:00:00,6.806,202,30.412,1009.414,183.886,8,19,4
2025-04-19 09:00:00,3.256,219,33.023,1004.205,0.0,9,19,4
2025-04-19 10:00:00,4.45,232,31.289,1011.206,2.932,10,19,4
2025-04-19 11:00:00,5.134,256,31.502,1008.631,0.0,11,19,4
2025-04-19 12:00:00,4.031,265,32.337,1007.025,53.617,12,19,4
2025-04-19 13:00:00,4.218,241,29.34,1010.892,0.0,13,19,4
2025-04-19 14:00:00,4.312,239,28.582,1008.15,18.879,14,19,4
2025-04-19 15:00:00,2.374,212,28.801,1005.155,0.0,15,19,4
2025-04-19 16:00:00,1.989,229,29.249,1014.195,27.52,16,19,4
2025-04-19 17:00:00,3.121,250,25.889,1008.6,78.709,17,19,4
2025-04-19 18:00:00,3.275,272,24.776,1008.408,10.805,18,19,4
2025-04-19 19:00:00,2.277,286,27.168,1007.437,46.277,19,19,4
2025-04-19 20:00:00,1.752,309,25.009,1012.192,7.968,20,19,4
2025-04-19 21:00:00,2.314,286,24.996,1007.077,0.0,21,19,4
2025-04-19 22:00:00,3.569,289,23.173,1004.017,0.0,22,19,4
2025-04-19 23:00:00,2.851,269,24.725,1006.616,0.0,23,19,4
2025-04-20 00:00:00,4.581,268,25.905,1012.558,45.35,0,20,4
2025-04-20 01:00:00,2.524,302,27.536,1011.075,5.866,1,20,4
2025-04-20 02:00:00,2.959,327,26.137,1007.813,0.0,2,20,4
2025-04-20 03:00:00,2.573,344,29.788,1012.698,0.0,3,20,4
2025-04-20 04:00:00,3.651,346,27.758,1010.822,0.0,4,20,4
2025-04-20 05:00:00,2.553,333,28.531,1007.778,0.0,5,20,4
2025-04-20 06:00:00,5.441,342,31.904,1008.08,49.121,6,20,4
2025-04-20 07:00:00,2.335,6,30.911,1009.566,99.465,7,20,4
2025-04-20 08:00:00,5.348,19,30.442,1006.083,116.73,8,20,4
2025-04-20 09:00:00,4.534,357,31.183,1008.592,0.0,9,20,4
2025-04-20 10:00:00,4.852,3,33.059,1009.504,32.203,10,20,4
2025-04-20 11:00:00,5.871,335,33.056,1003.517,90.982,11,20,4
2025-04-20 12:00:00,5.636,355,29.983,1008.01,48.886,12,20,4
2025-04-20 13:00:00,3.684,348,30.406,1007.669,0.0,13,20,4
2025-04-20 14:00:00,4.503,331,29.922,1011.662,0.0,14,20,4
2025-04-20 15:00:00,6.123,351,27.894,1003.045,205.061,15,20,4
2025-04-20 16:00:00,3.361,5,28.23,1007.434,0.0,16,20,4
2025-04-20 17:00:00,5.794,14,27.532,1007.133,91.52,17,20,4
2025-04-20 18:00:00,4.462,59,28.186,1011.458,0.0,18,20,4
2025-04-20 19:00:00,2.969,76,27.668,1008.448,45.296,19,20,4
2025-04-20 20:00:00,1.854,70,25.377,1013.966,65.134,20,20,4
2025-04-20 21:00:00,2.184,85,25.25,1010.565,0.0,21,20,4
2025-04-20 22:00:00,0.25,85,26.239,1007.348,0.0,22,20,4
2025-04-20 23:00:00,1.378,113,24.878,1009.297,24.833,23,20,4
2025-04-21 00:00:00,1.926,123,26.659,1007.443,1.07,0,21,4
2025-04-21 01:00:00,1.22,135,26.353,1011.083,25.65,1,21,4
2025-04-21 02:00:00,3.165,114,25.938,1004.508,0.0,2,21,4
2025-04-21 03:00:00,2.786,120,26.69,1006.034,102.48,3,21,4
2025-04-21 04:00:00,2.303,124,30.355,1009.872,0.0,4,21,4
2025-04-21 05:00:00,2.632,111,29.202,1012.182,148.037,5,21,4
2025-04-21 06:00:00,3.649,112,32.067,1001.899,69.169,6,21,4
2025-04-21 07:00:00,3.774,125,30.08,1012.628,47.287,7,21,4
2025-04-21 08:00:00,3.027,130,31.493,1008.085,0.0,8,21,4
2025-04-21 09:00:00,3.814,110,34.28,1002.853,51.725,9,21,4
2025-04-21 10:00:00,3.915,110,30.205,999.5,35.635,10,21,4
2025-04-21 11:00:00,2.713,107,29.058,1003.917,0.0,11,21,4
2025-04-21 12:00:00,3.285,116,32.546,1008.446,0.0,12,21,4
2025-04-21 13:00:00,4.419,123,29.504,1008.307,28.95,13,21,4
2025-04-21 14:00:00,4.7,121,29.828,1010.405,8.666,14,21,4
2025-04-21 15:00:00,3.766,118,28.413,1006.856,0.0,15,21,4
2025-04-21 16:00:00,4.386,124,28.658,1005.181,67.949,16,21,4
2025-04-21 17:00:00,2.554,146,26.424,1007.266,0.0,17,21,4
2025-04-21 18:00:00,1.868,156,26.64,1008.606,0.0,18,21,4
2025-04-21 19:00:00,2.329,187,26.798,1009.197,0.0,19,21,4
2025-04-21 20:00:00,4.387,213,24.601,1006.137,37.295,20,21,4
2025-04-21 21:00:00,3.44,245,24.706,1011.209,0.0,21,21,4
2025-04-21 22:00:00,2.58,275,25.064,1006.641,0.0,22,21,4
2025-04-21 23:00:00,4.377,308,23.905,1005.896,0.0,23,21,4
2025-04-22 00:00:00,2.861,292,25.483,1006.805,0.0,0,22,4
2025-04-22 01:00:00,5.319,309,26.639,1011.657,83.69,1,22,4
2025-04-22 02:00:00,3.036,336,26.66,1008.034,40.749,2,22,4
2025-04-22 03:00:00,1.823,5,27.55,1006.349,0.0,3,22,4
2025-04-22 04:00:00,2.522,357,28.633,1011.21,29.333,4,22,4
2025-04-22 05:00:00,2.781,13,28.64,1014.86,0.0,5,22,4
2025-04-22 06:00:00,2.351,19,30.965,1009.061,74.86,6,22,4
2025-04-22 07:00:00,6.252,57,32.457,1012.134,104.584,7,22,4
2025-04-22 08:00:00,4.993,37,30.624,1011.54,0.0,8,22,4
2025-04-22 09:00:00,4.831,28,32.028,1006.615,69.192,9,22,4
2025-04-22 10:00:00,3.763,1,31.224,1008.512,0.0,10,22,4
2025-04-22 11:00:00,3.301,9,31.811,1004.585,0.0,11,22,4
2025-04-22 12:00:00,4.978,55,32.918,1007.817,43.307,12,22,4
2025-04-22 13:00:00,2.365,59,31.144,1006.554,0.0,13,22,4
2025-04-22 14:00:00,2.053,66,27.763,1007.223,4.106,14,22,4
2025-04-22 15:00:00,2.879,81,29.699,1006.182,29.397,15,22,4
2025-04-22 16:00:00,4.865,84,29.853,1007.571,40.891,16,22,4
2025-04-22 17:00:00,3.396,96,27.337,1010.029,0.0,17,22,4
2025-04-22 18:00:00,3.702,108,28.089,1008.074,55.676,18,22,4
2025-04-22 19:00:00,3.234,98,25.468,1002.839,0.0,19,22,4
2025-04-22 20:00:00,4.439,101,24.066,1006.194,0.0,20,22,4
2025-04-22 21:00:00,1.438,119,25.753,1003.874,0.0,21,22,4
2025-04-22 22:00:00,3.085,141,23.411,1009.164,16.253,22,22,4
2025-04-22 23:00:00,2.527,169,25.369,1009.942,0.0,23,22,4
2025-04-23 00:00:00,3.645,180,27.571,1009.129,68.483,0,23,4
2025-04-23 01:00:00,2.052,191,24.241,1005.998,16.241,1,23,4
2025-04-23 02:00:00,2.584,210,25.64,1009.1,4.161,2,23,4
2025-04-23 03:00:00,2.713,204,26.674,1006.949,14.307,3,23,4
2025-04-23 04:00:00,1.84,198,28.617,1004.945,40.31,4,23,4
2025-04-23 05:00:00,1.365,201,29.025,1010.586,13.243,5,23,4
2025-04-23 06:00:00,2.144,183,31.851,1010.814,0.0,6,23,4
2025-04-23 07:00:00,3.333,195,31.915,1011.207,60.048,7,23,4
2025-04-23 08:00:00,2.801,219,31.812,1006.535,6.582,8,23,4
2025-04-23 09:00:00,3.198,211,31.657,1011.898,37.694,9,23,4
2025-04-23 10:00:00,1.587,224,32.02,1006.879,0.0,10,23,4
2025-04-23 11:00:00,2.824,218,30.375,1010.32,0.0,11,23,4
2025-04-23 12:00:00,4.812,205,32.104,1006.827,0.0,12,23,4
2025-04-23 13:00:00,5.04,247,29.236,1007.688,0.0,13,23,4
2025-04-23 14:00:00,4.124,234,30.929,1001.096,33.268,14,23,4
2025-04-23 15:00:00,4.105,216,30.613,1007.454,76.001,15,23,4
2025-04-23 16:00:00,2.747,225,28.663,1008.633,16.608,16,23,4
2025-04-23 17:00:00,5.0,235,27.427,1007.13,0.0,17,23,4
2025-04-23 18:00:00,6.111,252,27.411,1013.628,63.943,18,23,4
2025-04-23 19:00:00,4.163,293,22.898,1004.872,80.39,19,23,4
2025-04-23 20:00:00,6.22,284,26.248,1006.669,45.014,20,23,4
2025-04-23 21:00:00,3.046,279,25.484,1005.645,115.598,21,23,4
2025-04-23 22:00:00,1.311,313,25.494,1006.668,103.182,22,23,4
2025-04-23 23:00:00,1.355,335,26.541,1011.454,117.41,23,23,4
2025-04-24 00:00:00,1.941,354,25.972,1012.722,20.939,0,24,4
2025-04-24 01:00:00,5.091,348,25.199,1006.186,12.41,1,24,4
2025-04-24 02:00:00,3.208,12,27.041,1006.119,19.629,2,24,4
2025-04-24 03:00:00,2.035,32,28.028,1004.817,49.972,3,24,4
2025-04-24 04:00:00,1.73,40,28.866,1012.207,0.0,4,24,4
2025-04-24 05:00:00,4.104,35,29.693,1011.651,0.0,5,24,4
2025-04-24 06:00:00,4.837,42,31.454,1007.97,4.491,6,24,4
2025-04-24 07:00:00,3.488,77,29.502,1004.1,0.0,7,24,4
2025-04-24 08:00:00,1.555,62,31.463,1004.368,68.249,8,24,4
2025-04-24 09:00:00,1.867,53,33.065,1008.8,0.0,9,24,4
2025-04-24 10:00:00,5.294,47,29.501,1009.936,44.796,10,24,4
2025-04-24 11:00:00,5.234,45,31.66,1002.09,89.655,11,24,4
2025-04-24 12:00:00,4.481,50,30.408,1007.324,80.918,12,24,4
2025-04-24 13:00:00,6.262,72,30.16,1013.143,124.736,13,24,4
2025-04-24 14:00:00,6.863,85,28.876,1007.635,207.035,14,24,4
2025-04-24 15:00:00,4.662,91,29.022,1012.757,0.0,15,24,4
2025-04-24 16:00:00,3.85,101,30.654,1010.235,58.254,16,24,4
2025-04-24 17:00:00,2.81,117,26.157,1005.035,69.494,17,24,4
2025-04-24 18:00:00,2.687,92,25.562,1007.41,0.0,18,24,4
2025-04-24 19:00:00,1.146,116,24.805,1007.902,96.962,19,24,4
2025-04-24 20:00:00,0.539,106,27.993,1005.43,0.0,20,24,4
2025-04-24 21:00:00,0.0,103,25.1,1005.378,32.705,21,24,4
2025-04-24 22:00:00,3.001,114,25.559,1012.808,4.266,22,24,4
2025-04-24 23:00:00,0.914,118,25.245,1005.356,0.0,23,24,4
2025-04-25 00:00:00,4.283,132,24.962,1011.452,0.0,0,25,4
2025-04-25 01:00:00,2.341,140,26.319,1006.907,0.0,1,25,4
2025-04-25 02:00:00,4.629,140,30.194,1008.14,42.918,2,25,4
2025-04-25 03:00:00,3.055,173,29.651,1009.902,0.0,3,25,4
2025-04-25 04:00:00,1.283,191,27.738,1006.421,0.0,4,25,4
2025-04-25 05:00:00,4.114,201,30.309,1009.92,0.0,5,25,4
2025-04-25 06:00:00,5.296,218,29.243,1002.077,0.0,6,25,4
2025-04-25 07:00:00,3.144,210,28.707,1009.536,0.0,7,25,4
2025-04-25 08:00:00,3.21,254,32.509,1000.811,26.712,8,25,4
2025-04-25 09:00:00,2.649,239,32.943,1007.536,0.0,9,25,4
2025-04-25 10:00:00,3.42,246,32.872,1010.779,53.907,10,25,4
2025-04-25 11:00:00,3.95,246,30.914,1010.084,0.0,11,25,4
2025-04-25 12:00:00,3.576,245,30.944,1004.321,0.0,12,25,4
2025-04-25 13:00:00,1.718,242,31.538,1004.708,0.922,13,25,4
2025-04-25 14:00:00,2.461,233,30.465,1006.151,76.734,14,25,4
2025-04-25 15:00:00,4.076,259,28.786,1008.775,0.0,15,25,4
2025-04-25 16:00:00,3.431,242,26.535,1002.121,91.377,16,25,4
2025-04-25 17:00:00,2.958,265,27.844,1008.177,52.809,17,25,4
2025-04-25 18:00:00,1.982,282,28.294,1009.151,0.0,18,25,4
2025-04-25 19:00:00,1.916,280,24.964,1007.368,65.066,19,25,4
2025-04-25 20:00:00,4.113,295,26.72,1009.793,0.0,20,25,4
2025-04-25 21:00:00,1.816,297,26.086,1008.888,15.712,21,25,4
2025-04-25 22:00:00,3.162,282,26.523,1006.592,0.0,22,25,4
2025-04-25 23:00:00,2.806,267,26.808,1002.408,53.156,23,25,4
2025-04-26 00:00:00,2.925,284,25.294,1008.546,0.0,0,26,4
2025-04-26 01:00:00,1.89,300,24.693,1005.287,0.0,1,26,4
2025-04-26 02:00:00,2.07,309,26.636,1006.411,37.353,2,26,4
2025-04-26 03:00:00,2.63,307,29.08,1009.583,57.65,3,26,4
2025-04-26 04:00:00,2.338,309,28.143,1012.398,0.0,4,26,4
2025-04-26 05:00:00,3.351,308,28.731,1008.032,41.573,5,26,4
2025-04-26 06:00:00,3.953,282,28.087,1009.808,0.0,6,26,4
2025-04-26 07:00:00,6.24,288,32.974,1003.812,0.0,7,26,4
2025-04-26 08:00:00,4.904,302,32.309,1008.882,0.0,8,26,4
2025-04-26 09:00:00,2.031,308,32.507,1007.966,45.906,9,26,4
2025-04-26 10:00:00,4.687,345,32.81,1011.834,15.587,10,26,4
2025-04-26 11:00:00,3.992,332,32.202,1006.524,0.0,11,26,4
2025-04-26 12:00:00,6.298,325,30.883,1007.421,125.477,12,26,4
2025-04-26 13:00:00,6.374,332,30.474,1011.322,133.211,13,26,4
2025-04-26 14:00:00,4.047,341,29.515,1007.87,38.102,14,26,4
2025-04-26 15:00:00,4.602,312,32.453,1004.819,0.0,15,26,4
2025-04-26 16:00:00,3.149,328,29.178,1015.801,0.0,16,26,4
2025-04-26 17:00:00,3.236,337,27.183,1004.91,6.88,17,26,4
2025-04-26 18:00:00,3.911,304,27.59,1007.952,0.0,18,26,4
2025-04-26 19:00:00,4.512,307,25.22,1009.186,0.0,19,26,4
2025-04-26 20:00:00,4.354,297,27.791,1008.949,0.0,20,26,4
2025-04-26 21:00:00,3.281,294,24.927,1007.577,0.547,21,26,4
2025-04-26 22:00:00,5.654,275,26.257,1007.592,66.448,22,26,4
2025-04-26 23:00:00,3.13,287,27.073,1007.441,0.0,23,26,4
2025-04-27 00:00:00,0.891,324,26.62,1004.728,0.0,0,27,4
2025-04-27 01:00:00,0.436,334,26.777,1014.526,0.0,1,27,4
2025-04-27 02:00:00,3.689,300,27.32,1007.416,17.562,2,27,4
2025-04-27 03:00:00,3.063,310,27.976,1009.866,68.455,3,27,4
2025-04-27 04:00:00,3.25,311,28.132,1007.072,0.0,4,27,4
2025-04-27 05:00:00,2.632,296,29.056,1007.011,34.265,5,27,4
2025-04-27 06:00:00,2.663,307,32.079,1006.709,0.0,6,27,4
2025-04-27 07:00:00,2.408,328,30.772,1003.426,28.915,7,27,4
2025-04-27 08:00:00,3.875,321,30.406,1007.594,67.502,8,27,4
2025-04-27 09:00:00,3.775,296,30.994,1006.855,0.0,9,27,4
2025-04-27 10:00:00,4.405,265,33.0,1011.59,61.591,10,27,4
2025-04-27 11:00:00,4.515,258,32.351,1004.485,0.0,11,27,4
2025-04-27 12:00:00,3.654,260,31.88,1006.344,7.984,12,27,4
2025-04-27 13:00:00,2.138,256,30.393,1005.38,0.0,13,27,4
2025-04-27 14:00:00,1.468,249,30.747,1012.403,2.545,14,27,4
2025-04-27 15:00:00,6.407,264,28.549,1005.467,83.081,15,27,4
2025-04-27 16:00:00,6.107,277,28.23,1009.762,129.536,16,27,4
2025-04-27 17:00:00,5.723,286,28.934,1010.986,158.25,17,27,4
2025-04-27 18:00:00,3.153,306,28.111,1007.637,0.0,18,27,4
2025-04-27 19:00:00,2.988,299,25.285,1003.945,10.431,19,27,4
2025-04-27 20:00:00,1.884,284,24.99,1003.983,47.073,20,27,4
2025-04-27 21:00:00,0.876,280,25.882,1010.655,0.0,21,27,4
2025-04-27 22:00:00,1.332,274,27.757,1004.294,74.822,22,27,4
2025-04-27 23:00:00,3.665,242,23.526,1009.252,0.0,23,27,4
2025-04-28 00:00:00,3.869,237,26.522,1008.349,0.0,0,28,4
2025-04-28 01:00:00,1.903,262,25.042,1009.137,0.0,1,28,4
2025-04-28 02:00:00,2.098,281,26.575,1009.421,6.962,2,28,4
2025-04-28 03:00:00,3.487,295,27.636,1005.205,0.567,3,28,4
2025-04-28 04:00:00,2.538,302,28.349,1005.079,34.975,4,28,4
2025-04-28 05:00:00,3.107,333,28.984,1010.151,0.0,5,28,4
2025-04-28 06:00:00,3.79,319,30.342,1006.118,0.0,6,28,4
2025-04-28 07:00:00,4.118,307,30.289,999.755,30.166,7,28,4
2025-04-28 08:00:00,4.17,332,29.623,1009.952,82.343,8,28,4
2025-04-28 09:00:00,3.221,337,32.579,1004.897,34.632,9,28,4
2025-04-28 10:00:00,3.081,330,32.612,1009.407,101.61,10,28,4
2025-04-28 11:00:00,2.383,345,32.582,1012.184,30.542,11,28,4
2025-04-28 12:00:00,1.648,342,29.388,1008.056,28.561,12,28,4
2025-04-28 13:00:00,3.024,332,31.09,1010.993,37.361,13,28,4
2025-04-28 14:00:00,4.462,321,30.899,1008.467,92.558,14,28,4
2025-04-28 15:00:00,2.299,332,28.114,1012.768,68.066,15,28,4
2025-04-28 16:00:00,3.38,341,28.582,1004.82,0.0,16,28,4
2025-04-28 17:00:00,4.191,12,27.66,1007.981,49.68,17,28,4
2025-04-28 18:00:00,1.311,12,29.302,1010.025,14.595,18,28,4
2025-04-28 19:00:00,2.059,11,28.803,1007.435,0.0,19,28,4
2025-04-28 20:00:00,4.403,42,24.049,1011.463,0.0,20,28,4
2025-04-28 21:00:00,3.826,65,28.774,1006.71,0.0,21,28,4
2025-04-28 22:00:00,0.804,72,24.617,1014.214,0.0,22,28,4
2025-04-28 23:00:00,2.716,49,27.031,1014.372,0.0,23,28,4
2025-04-29 00:00:00,1.725,39,27.38,1008.783,0.0,0,29,4
2025-04-29 01:00:00,3.108,25,25.527,1009.595,39.293,1,29,4
2025-04-29 02:00:00,2.047,30,27.956,1011.512,0.0,2,29,4
2025-04-29 03:00:00,2.538,26,27.972,1004.375,4.59,3,29,4
2025-04-29 04:00:00,2.259,60,29.547,1004.001,0.0,4,29,4
2025-04-29 05:00:00,2.919,37,29.929,1011.706,16.432,5,29,4
2025-04-29 06:00:00,2.605,21,31.797,1008.759,27.947,6,29,4
2025-04-29 07:00:00,3.018,30,31.05,1007.257,0.0,7,29,4
2025-04-29 08:00:00,2.159,44,31.205,1007.97,0.0,8,29,4
2025-04-29 09:00:00,3.876,2,32.987,1000.779,0.0,9,29,4
2025-04-29 10:00:00,4.119,337,32.433,1007.365,32.727,10,29,4
2025-04-29 11:00:00,2.154,337,32.476,1005.678,9.02,11,29,4
2025-04-29 12:00:00,4.501,5,30.467,1010.691,8.619,12,29,4
2025-04-29 13:00:00,3.868,44,29.505,1010.922,0.0,13,29,4
2025-04-29 14:00:00,3.972,41,29.435,1009.667,20.773,14,29,4
2025-04-29 15:00:00,4.597,43,28.634,1009.123,32.225,15,29,4
2025-04-29 16:00:00,4.178,33,29.542,1003.445,0.0,16,29,4
2025-04-29 17:00:00,4.877,49,28.999,1009.709,0.0,17,29,4
2025-04-29 18:00:00,3.298,81,26.933,1009.825,0.0,18,29,4
2025-04-29 19:00:00,4.194,108,28.238,1011.672,0.0,19,29,4
2025-04-29 20:00:00,3.333,112,27.717,1014.291,113.46,20,29,4
2025-04-29 21:00:00,3.418,102,26.101,1002.859,0.0,21,29,4
2025-04-29 22:00:00,3.277,107,24.757,1006.771,16.001,22,29,4
2025-04-29 23:00:00,4.177,137,27.773,1005.71,30.942,23,29,4
2025-04-30 00:00:00,3.878,135,26.169,1008.386,79.26,0,30,4
2025-04-30 01:00:00,2.492,107,26.899,1007.909,0.0,1,30,4
2025-04-30 02:00:00,1.893,105,26.984,1007.166,73.681,2,30,4
2025-04-30 03:00:00,2.482,105,27.06,1010.951,0.0,3,30,4
2025-04-30 04:00:00,1.975,77,27.146,1004.564,137.574,4,30,4
2025-04-30 05:00:00,1.603,86,30.439,1004.745,19.943,5,30,4
2025-04-30 06:00:00,0.373,100,29.448,1004.796,0.0,6,30,4
2025-04-30 07:00:00,0.76,138,34.657,1006.787,0.0,7,30,4
2025-04-30 08:00:00,5.053,119,30.13,1004.183,101.175,8,30,4
2025-04-30 09:00:00,3.484,137,30.189,1007.723,4.854,9,30,4
2025-04-30 10:00:00,5.969,159,32.376,1007.372,82.391,10,30,4
2025-04-30 11:00:00,5.066,173,33.46,1005.509,68.439,11,30,4
2025-04-30 12:00:00,4.235,160,31.369,1010.49,0.0,12,30,4
2025-04-30 13:00:00,2.248,146,31.473,1007.69,0.0,13,30,4
2025-04-30 14:00:00,3.257,153,27.93,1011.056,0.0,14,30,4
2025-04-30 15:00:00,5.652,159,28.593,1007.283,156.835,15,30,4
2025-04-30 16:00:00,5.924,154,27.337,1007.796,15.664,16,30,4
2025-04-30 17:00:00,4.408,182,25.581,1006.18,18.767,17,30,4
2025-04-30 18:00:00,2.152,180,27.286,1007.847,26.394,18,30,4
2025-04-30 19:00:00,1.522,151,23.857,1010.005,0.0,19,30,4
2025-04-30 20:00:00,1.336,152,24.514,1006.634,0.0,20,30,4
2025-04-30 21:00:00,3.647,165,25.191,1009.424,0.0,21,30,4
2025-04-30 22:00:00,4.753,176,24.773,1005.43,46.915,22,30,4
2025-04-30 23:00:00,3.444,187,26.385,1010.145,0.0,23,30,4
2025-05-01 00:00:00,2.452,219,26.634,1006.061,0.0,0,1,5
2025-05-01 01:00:00,4.31,204,27.846,1010.356,29.033,1,1,5
2025-05-01 02:00:00,2.084,201,28.319,1007.983,0.0,2,1,5
2025-05-01 03:00:00,2.65,234,29.522,1012.363,34.717,3,1,5
2025-05-01 04:00:00,3.426,203,28.931,1004.338,0.0,4,1,5
2025-05-01 05:00:00,2.281,207,30.069,1003.372,0.0,5,1,5
2025-05-01 06:00:00,2.299,234,31.027,1005.952,2.873,6,1,5
2025-05-01 07:00:00,2.335,261,31.181,1003.647,0.0,7,1,5
2025-05-01 08:00:00,4.899,278,30.982,1003.652,0.0,8,1,5
2025-05-01 09:00:00,6.38,295,31.324,1009.665,119.852,9,1,5
2025-05-01 10:00:00,4.84,281,30.808,1007.788,0.0,10,1,5
2025-05-01 11:00:00,3.918,310,32.156,1006.361,41.902,11,1,5
2025-05-01 12:00:00,3.221,293,31.204,1006.64,0.0,12,1,5
2025-05-01 13:00:00,3.637,277,30.015,1006.009,0.0,13,1,5
2025-05-01 14:00:00,3.059,289,29.373,1012.752,0.0,14,1,5
2025-05-01 15:00:00,3.29,285,27.979,1005.594,5.651,15,1,5
2025-05-01 16:00:00,3.832,293,29.825,1003.834,0.0,16,1,5
2025-05-01 17:00:00,2.939,305,27.974,1010.189,21.99,17,1,5
2025-05-01 18:00:00,2.769,342,26.136,1007.153,31.572,18,1,5
2025-05-01 19:00:00,2.599,355,27.543,1013.917,132.094,19,1,5
2025-05-01 20:00:00,2.29,349,25.454,1006.222,63.285,20,1,5
2025-05-01 21:00:00,1.969,5,24.173,1010.338,0.0,21,1,5
2025-05-01 22:00:00,3.199,356,27.021,1011.047,0.0,22,1,5
2025-05-01 23:00:00,0.668,16,25.29,1006.236,0.0,23,1,5
2025-05-02 00:00:00,3.702,22,25.801,1005.504,32.776,0,2,5
2025-05-02 01:00:00,3.079,34,26.847,1009.957,0.0,1,2,5
2025-05-02 02:00:00,3.502,7,28.811,1009.458,0.0,2,2,5
2025-05-02 03:00:00,3.874,332,28.201,1003.501,0.0,3,2,5
2025-05-02 04:00:00,2.466,310,27.519,1004.348,0.0,4,2,5
2025-05-02 05:00:00,1.9,346,30.381,1000.124,0.0,5,2,5
2025-05-02 06:00:00,1.71,330,29.855,1009.519,0.0,6,2,5
2025-05-02 07:00:00,2.67,348,33.301,1006.948,0.0,7,2,5
2025-05-02 08:00:00,4.172,341,31.481,1007.247,59.441,8,2,5
2025-05-02 09:00:00,3.262,341,29.065,1002.659,26.032,9,2,5
2025-05-02 10:00:00,4.387,345,32.242,1004.439,0.0,10,2,5
2025-05-02 11:00:00,1.346,18,34.007,1006.299,1.429,11,2,5
2025-05-02 12:00:00,2.624,33,33.232,1005.716,0.0,12,2,5
2025-05-02 13:00:00,4.774,45,33.032,1008.087,91.83,13,2,5
2025-05-02 14:00:00,3.853,73,28.968,1009.484,90.79,14,2,5
2025-05-02 15:00:00,2.695,66,30.55,1014.542,0.0,15,2,5
2025-05-02 16:00:00,2.399,90,27.808,1007.673,0.0,16,2,5
2025-05-02 17:00:00,0.0,111,28.173,1011.079,0.0,17,2,5
2025-05-02 18:00:00,0.861,132,25.668,1005.243,0.0,18,2,5
2025-05-02 19:00:00,3.4,134,25.824,1002.708,0.0,19,2,5
2025-05-02 20:00:00,2.235,131,25.339,1006.676,75.376,20,2,5
2025-05-02 21:00:00,1.914,120,26.963,1002.94,52.558,21,2,5
2025-05-02 22:00:00,0.0,110,26.78,1007.777,53.405,22,2,5
2025-05-02 23:00:00,0.0,98,26.29,1005.392,9.382,23,2,5
2025-05-03 00:00:00,3.033,109,24.694,1001.804,0.0,0,3,5
2025-05-03 01:00:00,3.406,110,26.446,1012.875,0.0,1,3,5
2025-05-03 02:00:00,1.404,122,26.567,1006.054,3.34,2,3,5
2025-05-03 03:00:00,1.625,135,29.243,1002.754,0.0,3,3,5
2025-05-03 04:00:00,2.507,121,30.394,1010.361,16.719,4,3,5
2025-05-03 05:00:00,1.579,106,31.018,1005.481,44.282,5,3,5
2025-05-03 06:00:00,0.478,107,29.553,1010.937,29.994,6,3,5
2025-05-03 07:00:00,2.362,98,27.77,1005.467,27.785,7,3,5
2025-05-03 08:00:00,3.916,87,29.384,1006.044,0.0,8,3,5
2025-05-03 09:00:00,4.521,122,33.476,1008.701,84.617,9,3,5
2025-05-03 10:00:00,5.092,99,31.354,1009.446,0.0,10,3,5
2025-05-03 11:00:00,2.501,140,30.795,1009.972,0.0,11,3,5
2025-05-03 12:00:00,3.498,150,33.334,1007.398,34.419,12,3,5
2025-05-03 13:00:00,3.396,172,32.376,1009.253,19.928,13,3,5
2025-05-03 14:00:00,3.492,192,30.244,1009.904,0.0,14,3,5
2025-05-03 15:00:00,3.278,208,29.125,1008.268,0.0,15,3,5
2025-05-03 16:00:00,2.573,243,28.538,1007.239,15.789,16,3,5
2025-05-03 17:00:00,0.0,228,28.199,1003.331,28.096,17,3,5
2025-05-03 18:00:00,3.351,230,29.138,1009.464,0.0,18,3,5
2025-05-03 19:00:00,3.36,219,27.126,1007.793,21.754,19,3,5
2025-05-03 20:00:00,1.174,193,27.044,1006.426,0.0,20,3,5
2025-05-03 21:00:00,2.638,186,27.31,1011.5,34.341,21,3,5
2025-05-03 22:00:00,2.005,224,24.438,1003.383,0.0,22,3,5
2025-05-03 23:00:00,1.815,226,26.886,1012.599,4.428,23,3,5
2025-05-04 00:00:00,1.359,266,25.982,1007.534,0.0,0,4,5
2025-05-04 01:00:00,2.761,308,23.821,1008.553,63.836,1,4,5
2025-05-04 02:00:00,1.757,5,24.93,1006.416,13.317,2,4,5
2025-05-04 03:00:00,1.193,44,26.999,1002.6,0.0,3,4,5
2025-05-04 04:00:00,3.692,91,29.638,1007.182,20.842,4,4,5
2025-05-04 05:00:00,3.123,101,29.908,1008.605,117.839,5,4,5
2025-05-04 06:00:00,3.102,110,30.702,1009.63,40.71,6,4,5
2025-05-04 07:00:00,4.181,120,33.42,1007.007,2.007,7,4,5
2025-05-04 08:00:00,3.069,125,30.002,1001.023,0.0,8,4,5
2025-05-04 09:00:00,3.017,132,31.758,1002.976,0.0,9,4,5
2025-05-04 10:00:00,3.939,150,32.221,1013.757,40.143,10,4,5
2025-05-04 11:00:00,2.131,146,30.834,1004.323,0.0,11,4,5
2025-05-04 12:00:00,3.555,126,31.418,1011.882,0.705,12,4,5
2025-05-04 13:00:00,2.844,137,28.958,1004.799,79.069,13,4,5
2025-05-04 14:00:00,4.387,129,31.927,1007.054,16.867,14,4,5
2025-05-04 15:00:00,4.43,123,28.68,1009.477,0.0,15,4,5
2025-05-04 16:00:00,4.172,125,31.156,1005.14,124.946,16,4,5
2025-05-04 17:00:00,1.636,123,27.908,1012.378,96.935,17,4,5
2025-05-04 18:00:00,2.415,148,28.472,1007.828,27.565,18,4,5
2025-05-04 19:00:00,1.313,150,26.576,1008.983,70.167,19,4,5
2025-05-04 20:00:00,2.165,175,26.157,1006.798,0.0,20,4,5
2025-05-04 21:00:00,0.0,183,25.227,1009.577,39.845,21,4,5
2025-05-04 22:00:00,0.0,186,26.006,1012.337,0.0,22,4,5
2025-05-04 23:00:00,3.005,193,26.383,1007.207,0.0,23,4,5
2025-05-05 00:00:00,3.041,174,25.413,1012.725,142.556,0,5,5
2025-05-05 01:00:00,2.272,185,26.71,1005.701,0.0,1,5,5
2025-05-05 02:00:00,1.463,205,26.771,1009.828,16.366,2,5,5
2025-05-05 03:00:00,1.101,227,31.0,1009.003,15.723,3,5,5
2025-05-05 04:00:00,2.581,207,28.913,1004.33,28.38,4,5,5
2025-05-05 05:00:00,2.563,184,31.646,1008.177,0.0,5,5,5
2025-05-05 06:00:00,4.859,179,30.265,1007.558,17.101,6,5,5
2025-05-05 07:00:00,3.731,208,31.409,1004.976,8.93,7,5,5
2025-05-05 08:00:00,3.748,216,29.959,1008.61,27.831,8,5,5
2025-05-05 09:00:00,2.168,207,31.274,1007.975,0.0,9,5,5
2025-05-05 10:00:00,2.887,185,32.128,1007.318,0.0,10,5,5
2025-05-05 11:00:00,3.756,177,33.64,1007.33,0.0,11,5,5
2025-05-05 12:00:00,3.388,168,31.67,1007.266,110.945,12,5,5
2025-05-05 13:00:00,3.09,189,32.558,1006.433,29.466,13,5,5
2025-05-05 14:00:00,3.849,212,31.024,1007.955,13.575,14,5,5
2025-05-05 15:00:00,5.358,198,31.471,1005.604,9.665,15,5,5
2025-05-05 16:00:00,4.153,216,28.667,1015.506,0.0,16,5,5
2025-05-05 17:00:00,4.783,232,30.835,1003.308,66.603,17,5,5
2025-05-05 18:00:00,4.258,215,26.676,1005.782,0.0,18,5,5
2025-05-05 19:00:00,4.501,218,25.74,1006.019,45.858,19,5,5
2025-05-05 20:00:00,2.529,229,24.761,1013.657,0.0,20,5,5
2025-05-05 21:00:00,2.274,236,28.745,1003.575,85.077,21,5,5
2025-05-05 22:00:00,2.147,210,26.866,1008.814,49.576,22,5,5
2025-05-05 23:00:00,2.951,217,25.62,1008.281,0.0,23,5,5
2025-05-06 00:00:00,3.5,233,27.871,1008.472,26.156,0,6,5
2025-05-06 01:00:00,2.96,266,27.703,1011.18,40.755,1,6,5
2025-05-06 02:00:00,3.729,258,29.881,1011.119,0.0,2,6,5
2025-05-06 03:00:00,2.424,253,26.401,1006.118,92.28,3,6,5
2025-05-06 04:00:00,3.787,254,28.72,1008.053,28.28,4,6,5
2025-05-06 05:00:00,4.506,264,29.254,1001.879,0.0,5,6,5
2025-05-06 06:00:00,4.478,270,28.15,1007.769,0.0,6,6,5
2025-05-06 07:00:00,3.964,285,32.388,1005.089,57.362,7,6,5
2025-05-06 08:00:00,4.566,269,31.239,1006.912,24.904,8,6,5
2025-05-06 09:00:00,2.991,281,32.716,1002.415,26.543,9,6,5
2025-05-06 10:00:00,3.787,272,34.725,1008.686,3.14,10,6,5
2025-05-06 11:00:00,4.179,274,31.331,1002.382,0.0,11,6,5
2025-05-06 12:00:00,2.414,309,30.916,1007.916,27.974,12,6,5
2025-05-06 13:00:00,3.868,288,31.058,1003.792,0.0,13,6,5
2025-05-06 14:00:00,2.278,287,31.457,1004.922,0.0,14,6,5
2025-05-06 15:00:00,2.605,269,28.856,1010.936,130.735,15,6,5
2025-05-06 16:00:00,3.129,276,27.998,1009.235,47.806,16,6,5
2025-05-06 17:00:00,2.285,299,29.253,1010.919,50.972,17,6,5
2025-05-06 18:00:00,2.818,307,27.73,1012.151,149.629,18,6,5
2025-05-06 19:00:00,2.853,309,24.224,1005.153,21.152,19,6,5
2025-05-06 20:00:00,1.742,337,24.761,1011.968,6.584,20,6,5
2025-05-06 21:00:00,2.9,347,27.767,1003.075,0.0,21,6,5
2025-05-06 22:00:00,1.694,5,26.383,1009.71,0.0,22,6,5
2025-05-06 23:00:00,4.796,22,25.124,1005.991,0.0,23,6,5
2025-05-07 00:00:00,3.051,336,26.185,1004.617,43.474,0,7,5
2025-05-07 01:00:00,1.313,339,26.911,1009.251,0.0,1,7,5
2025-05-07 02:00:00,1.044,324,28.421,1010.243,49.65,2,7,5
2025-05-07 03:00:00,3.511,313,26.645,1010.153,0.0,3,7,5
2025-05-07 04:00:00,2.64,344,28.046,1008.052,7.043,4,7,5
2025-05-07 05:00:00,1.387,342,30.154,1007.804,0.0,5,7,5
2025-05-07 06:00:00,3.66,19,30.415,1008.988,77.186,6,7,5
2025-05-07 07:00:00,3.056,359,31.819,1008.319,66.52,7,7,5
2025-05-07 08:00:00,4.192,344,30.104,1009.032,4.164,8,7,5
2025-05-07 09:00:00,4.963,1,32.273,1008.02,0.0,9,7,5
2025-05-07 10:00:00,4.502,360,33.22,1009.936,62.122,10,7,5
2025-05-07 11:00:00,6.81,9,32.356,1002.526,126.584,11,7,5
2025-05-07 12:00:00,2.802,11,31.605,1007.014,0.0,12,7,5
2025-05-07 13:00:00,2.496,13,30.817,1003.256,27.409,13,7,5
2025-05-07 14:00:00,2.965,12,29.288,1008.238,67.017,14,7,5
2025-05-07 15:00:00,5.909,20,29.466,1012.333,60.114,15,7,5
2025-05-07 16:00:00,6.211,36,30.284,1005.985,129.907,16,7,5
2025-05-07 17:00:00,5.595,69,27.859,1007.789,33.835,17,7,5
2025-05-07 18:00:00,2.872,70,26.225,1009.677,39.71,18,7,5
2025-05-07 19:00:00,2.004,67,26.104,1001.205,60.227,19,7,5
2025-05-07 20:00:00,1.447,62,26.489,1005.841,0.0,20,7,5
2025-05-07 21:00:00,1.24,93,25.534,1008.501,0.0,21,7,5
2025-05-07 22:00:00,3.741,110,26.499,998.717,0.0,22,7,5
2025-05-07 23:00:00,2.537,80,26.683,1004.477,50.913,23,7,5
2025-05-08 00:00:00,2.306,49,27.471,1010.647,0.0,0,8,5
2025-05-08 01:00:00,3.299,38,28.618,1010.354,20.549,1,8,5
2025-05-08 02:00:00,0.896,46,28.748,1008.468,42.757,2,8,5
2025-05-08 03:00:00,2.193,50,27.169,1009.991,0.0,3,8,5
2025-05-08 04:00:00,1.411,64,27.986,1007.99,0.0,4,8,5
2025-05-08 05:00:00,2.208,65,29.75,1009.011,54.947,5,8,5
2025-05-08 06:00:00,2.259,94,30.008,1006.398,0.0,6,8,5
2025-05-08 07:00:00,2.336,112,29.782,1007.692,0.0,7,8,5
2025-05-08 08:00:00,3.456,118,31.065,1005.448,0.0,8,8,5
2025-05-08 09:00:00,3.893,143,31.291,1011.135,72.621,9,8,5
2025-05-08 10:00:00,3.576,118,31.119,1011.909,89.214,10,8,5
2025-05-08 11:00:00,4.17,121,31.408,1011.485,0.0,11,8,5
2025-05-08 12:00:00,2.92,128,32.867,1006.12,0.0,12,8,5
2025-05-08 13:00:00,4.249,143,31.187,1004.483,64.81,13,8,5
2025-05-08 14:00:00,3.579,116,33.271,1011.176,0.0,14,8,5
2025-05-08 15:00:00,2.941,116,29.772,1008.977,13.619,15,8,5
2025-05-08 16:00:00,2.257,128,28.439,1008.331,0.0,16,8,5
2025-05-08 17:00:00,2.544,141,28.022,1005.444,71.161,17,8,5
2025-05-08 18:00:00,4.937,167,27.616,1008.622,101.077,18,8,5
2025-05-08 19:00:00,3.369,185,27.232,1004.089,0.0,19,8,5
2025-05-08 20:00:00,1.515,188,28.755,1009.247,9.222,20,8,5
2025-05-08 21:00:00,3.209,204,24.983,1011.481,0.0,21,8,5
2025-05-08 22:00:00,2.109,205,26.963,1012.238,0.0,22,8,5
2025-05-08 23:00:00,2.604,212,26.32,1009.47,33.956,23,8,5
2025-05-09 00:00:00,1.748,231,24.533,1003.137,0.0,0,9,5
2025-05-09 01:00:00,3.69,234,27.849,1007.875,11.809,1,9,5
2025-05-09 02:00:00,2.245,245,29.088,1013.702,52.65,2,9,5
2025-05-09 03:00:00,4.167,267,27.275,1004.677,88.866,3,9,5
2025-05-09 04:00:00,2.094,284,29.073,1007.105,15.877,4,9,5
2025-05-09 05:00:00,2.421,310,27.784,1011.523,6.477,5,9,5
2025-05-09 06:00:00,4.602,356,29.053,1009.134,0.0,6,9,5
2025-05-09 07:00:00,4.011,12,32.419,1014.723,90.686,7,9,5
2025-05-09 08:00:00,6.341,8,31.049,1005.084,150.184,8,9,5
2025-05-09 09:00:00,4.253,21,30.543,1004.313,13.914,9,9,5
2025-05-09 10:00:00,4.231,34,32.215,1010.955,10.79,10,9,5
2025-05-09 11:00:00,6.136,49,31.174,1003.695,118.571,11,9,5
2025-05-09 12:00:00,2.804,80,30.902,1006.692,42.448,12,9,5
2025-05-09 13:00:00,1.533,54,31.849,1007.086,49.255,13,9,5
2025-05-09 14:00:00,2.011,86,28.924,1010.391,88.594,14,9,5
2025-05-09 15:00:00,3.914,124,28.495,1009.126,15.837,15,9,5
2025-05-09 16:00:00,1.624,139,28.986,1008.654,96.481,16,9,5
2025-05-09 17:00:00,3.292,154,29.194,1006.075,58.256,17,9,5
2025-05-09 18:00:00,3.623,154,28.807,1010.928,0.0,18,9,5
2025-05-09 19:00:00,5.322,158,25.925,1019.36,0.0,19,9,5
2025-05-09 20:00:00,4.656,175,27.401,1009.357,20.038,20,9,5
2025-05-09 21:00:00,3.578,191,25.07,1007.582,86.376,21,9,5
2025-05-09 22:00:00,4.323,208,28.137,1003.389,0.0,22,9,5
2025-05-09 23:00:00,3.605,224,24.724,1005.37,5.304,23,9,5
2025-05-10 00:00:00,2.229,244,28.025,1006.58,9.087,0,10,5
2025-05-10 01:00:00,1.046,262,26.148,1005.618,51.817,1,10,5
2025-05-10 02:00:00,1.402,248,29.995,1007.173,0.0,2,10,5
2025-05-10 03:00:00,2.229,267,29.026,1012.555,0.0,3,10,5
2025-05-10 04:00:00,2.864,305,27.877,1010.963,31.35,4,10,5
2025-05-10 05:00:00,0.541,309,29.24,1006.745,0.0,5,10,5
2025-05-10 06:00:00,2.119,340,31.513,1003.597,0.0,6,10,5
2025-05-10 07:00:00,3.035,328,32.437,1011.234,101.221,7,10,5
2025-05-10 08:00:00,4.032,332,31.536,1007.074,54.706,8,10,5
2025-05-10 09:00:00,5.674,325,31.94,1002.042,167.733,9,10,5
2025-05-10 10:00:00,4.598,354,32.862,1009.359,61.738,10,10,5
2025-05-10 11:00:00,3.007,27,31.971,1010.298,37.42,11,10,5
2025-05-10 12:00:00,1.43,29,29.927,999.944,20.324,12,10,5
2025-05-10 13:00:00,3.75,54,29.998,1004.748,0.0,13,10,5
2025-05-10 14:00:00,2.634,88,30.613,1006.89,28.166,14,10,5
2025-05-10 15:00:00,4.166,92,31.052,1009.425,0.0,15,10,5
2025-05-10 16:00:00,5.153,99,30.752,1005.674,0.0,16,10,5
2025-05-10 17:00:00,1.962,116,28.978,1004.725,0.0,17,10,5
2025-05-10 18:00:00,3.213,105,27.679,1009.403,71.064,18,10,5
2025-05-10 19:00:00,4.348,111,27.634,1005.816,0.0,19,10,5
2025-05-10 20:00:00,4.299,154,25.489,1008.848,0.0,20,10,5
2025-05-10 21:00:00,0.622,149,25.84,1003.887,32.522,21,10,5
2025-05-10 22:00:00,0.81,169,24.969,1003.164,0.0,22,10,5
2025-05-10 23:00:00,0.364,183,24.598,1009.487,26.702,23,10,5
2025-05-11 00:00:00,2.299,184,26.841,1007.918,54.442,0,11,5
2025-05-11 01:00:00,2.849,192,27.169,1009.928,25.384,1,11,5
2025-05-11 02:00:00,0.0,228,28.415,1005.563,0.0,2,11,5
2025-05-11 03:00:00,1.464,242,28.982,1004.776,70.561,3,11,5
2025-05-11 04:00:00,3.325,259,29.398,1011.243,40.937,4,11,5
2025-05-11 05:00:00,3.305,292,30.546,1002.592,1.572,5,11,5
2025-05-11 06:00:00,3.425,291,30.535,1010.915,0.0,6,11,5
2025-05-11 07:00:00,2.995,276,31.68,1011.122,20.57,7,11,5
2025-05-11 08:00:00,2.16,312,30.76,1009.741,0.0,8,11,5
2025-05-11 09:00:00,3.166,319,32.34,1005.097,0.0,9,11,5
2025-05-11 10:00:00,3.621,339,32.764,1004.711,42.061,10,11,5
2025-05-11 11:00:00,4.433,329,31.02,1006.531,47.993,11,11,5
2025-05-11 12:00:00,4.773,340,31.552,1003.276,0.0,12,11,5
2025-05-11 13:00:00,4.131,324,30.236,1004.276,33.003,13,11,5
2025-05-11 14:00:00,5.005,329,29.71,1009.095,124.28,14,11,5
2025-05-11 15:00:00,3.496,321,28.255,1009.109,0.0,15,11,5
2025-05-11 16:00:00,1.658,309,30.343,1004.012,0.0,16,11,5
2025-05-11 17:00:00,3.143,308,29.332,1009.189,0.0,17,11,5
2025-05-11 18:00:00,3.093,271,27.99,1008.524,91.325,18,11,5
2025-05-11 19:00:00,3.384,254,29.113,1011.691,61.851,19,11,5
2025-05-11 20:00:00,1.35,272,26.073,1008.868,0.0,20,11,5
2025-05-11 21:00:00,4.126,282,29.673,1010.337,23.815,21,11,5
2025-05-11 22:00:00,3.733,267,25.696,1008.592,128.04,22,11,5
2025-05-11 23:00:00,2.441,281,26.414,1010.101,0.0,23,11,5
2025-05-12 00:00:00,1.284,269,25.973,1003.24,0.0,0,12,5
2025-05-12 01:00:00,3.273,286,27.403,1006.736,28.314,1,12,5
2025-05-12 02:00:00,1.49,288,28.602,1006.984,0.0,2,12,5
2025-05-12 03:00:00,4.882,286,28.199,1006.37,120.214,3,12,5
2025-05-12 04:00:00,2.795,288,31.249,1008.433,0.0,4,12,5
2025-05-12 05:00:00,4.931,338,30.174,1009.004,0.0,5,12,5
2025-05-12 06:00:00,3.56,328,30.92,1008.278,0.0,6,12,5
2025-05-12 07:00:00,5.265,336,30.103,1006.57,75.348,7,12,5
2025-05-12 08:00:00,3.258,354,32.143,1004.894,0.0,8,12,5
2025-05-12 09:00:00,3.552,341,31.745,1010.393,17.193,9,12,5
2025-05-12 10:00:00,4.601,316,31.242,1008.15,45.028,10,12,5
2025-05-12 11:00:00,4.794,309,30.901,1004.045,0.0,11,12,5
2025-05-12 12:00:00,5.344,327,34.706,1006.52,12.271,12,12,5
2025-05-12 13:00:00,3.646,325,30.678,1001.871,20.101,13,12,5
2025-05-12 14:00:00,3.675,325,28.602,1007.207,39.691,14,12,5
2025-05-12 15:00:00,4.921,345,28.776,1006.506,0.0,15,12,5
2025-05-12 16:00:00,2.958,335,28.772,1005.378,8.347,16,12,5
2025-05-12 17:00:00,3.663,337,28.719,1011.855,0.0,17,12,5
2025-05-12 18:00:00,2.853,314,28.02,1003.633,40.032,18,12,5
2025-05-12 19:00:00,2.96,324,27.568,1009.22,28.568,19,12,5
2025-05-12 20:00:00,2.753,332,25.535,1013.661,0.0,20,12,5
2025-05-12 21:00:00,1.603,350,26.452,1010.333,26.314,21,12,5
2025-05-12 22:00:00,1.788,333,24.927,1007.007,0.0,22,12,5
2025-05-12 23:00:00,2.298,334,25.373,1003.699,25.155,23,12,5
2025-05-13 00:00:00,2.184,315,25.357,1002.956,25.921,0,13,5
2025-05-13 01:00:00,4.123,315,25.538,1005.808,135.328,1,13,5
2025-05-13 02:00:00,4.183,346,28.884,1004.982,0.0,2,13,5
2025-05-13 03:00:00,3.477,344,29.17,1004.884,0.0,3,13,5
2025-05-13 04:00:00,2.156,323,30.296,1006.064,0.0,4,13,5
2025-05-13 05:00:00,1.787,315,29.942,1006.736,0.0,5,13,5
2025-05-13 06:00:00,5.013,290,31.536,1008.498,3.134,6,13,5
2025-05-13 07:00:00,2.746,271,29.088,1003.329,36.581,7,13,5
2025-05-13 08:00:00,3.406,287,32.684,1004.996,40.79,8,13,5
2025-05-13 09:00:00,3.983,265,32.127,1006.563,19.538,9,13,5
2025-05-13 10:00:00,3.446,275,32.732,1006.456,0.0,10,13,5
2025-05-13 11:00:00,2.495,279,32.297,1012.552,0.0,11,13,5
2025-05-13 12:00:00,2.419,273,30.323,1007.739,0.0,12,13,5
2025-05-13 13:00:00,2.62,281,29.204,1002.202,0.0,13,13,5
2025-05-13 14:00:00,2.419,268,29.504,1008.297,0.0,14,13,5
2025-05-13 15:00:00,4.594,287,30.3,1008.679,88.772,15,13,5
2025-05-13 16:00:00,3.642,278,29.669,1006.667,101.961,16,13,5
2025-05-13 17:00:00,2.613,275,26.429,1003.402,0.0,17,13,5
2025-05-13 18:00:00,2.877,270,26.185,1012.317,15.91,18,13,5
2025-05-13 19:00:00,3.488,286,25.896,1003.833,15.404,19,13,5
2025-05-13 20:00:00,2.42,300,25.888,1009.025,11.484,20,13,5
2025-05-13 21:00:00,3.428,257,24.417,1007.643,0.0,21,13,5
2025-05-13 22:00:00,1.206,266,24.28,1008.845,56.238,22,13,5
2025-05-13 23:00:00,3.279,239,25.139,1012.163,22.653,23,13,5
2025-05-14 00:00:00,2.598,237,26.568,1008.67,56.877,0,14,5
2025-05-14 01:00:00,2.383,239,25.554,1005.309,0.0,1,14,5
2025-05-14 02:00:00,1.65,237,27.475,1010.303,0.0,2,14,5
2025-05-14 03:00:00,0.9,250,29.621,1005.091,23.92,3,14,5
2025-05-14 04:00:00,0.271,267,27.569,1007.475,0.0,4,14,5
2025-05-14 05:00:00,1.235,257,29.654,1003.105,58.003,5,14,5
2025-05-14 06:00:00,3.229,246,31.84,1003.885,0.0,6,14,5
2025-05-14 07:00:00,2.213,249,30.706,1007.139,0.0,7,14,5
2025-05-14 08:00:00,1.311,225,30.967,1008.089,0.0,8,14,5
2025-05-14 09:00:00,1.833,220,33.317,1001.877,0.0,9,14,5
2025-05-14 10:00:00,2.654,248,31.618,1008.476,14.36,10,14,5
2025-05-14 11:00:00,2.982,225,33.173,1004.526,21.793,11,14,5
2025-05-14 12:00:00,3.321,223,32.028,1010.824,35.299,12,14,5
2025-05-14 13:00:00,4.717,216,30.597,1005.929,58.75,13,14,5
2025-05-14 14:00:00,5.339,256,30.941,1003.614,34.504,14,14,5
2025-05-14 15:00:00,6.308,250,30.013,1007.212,241.608,15,14,5
2025-05-14 16:00:00,2.328,245,30.073,1004.236,76.29,16,14,5
2025-05-14 17:00:00,1.795,230,27.419,1010.791,0.0,17,14,5
2025-05-14 18:00:00,3.281,234,27.418,1006.986,0.0,18,14,5
2025-05-14 19:00:00,2.318,243,26.696,1006.53,0.0,19,14,5
2025-05-14 20:00:00,3.416,231,27.168,1008.76,20.232,20,14,5
2025-05-14 21:00:00,2.941,253,24.828,1003.97,0.0,21,14,5
2025-05-14 22:00:00,4.315,262,27.213,1003.117,0.0,22,14,5
2025-05-14 23:00:00,4.127,281,26.691,1008.21,0.0,23,14,5
2025-05-15 00:00:00,4.093,279,24.889,1003.629,0.0,0,15,5
2025-05-15 01:00:00,2.437,287,28.425,1003.628,58.562,1,15,5
2025-05-15 02:00:00,2.341,287,30.299,1009.438,0.0,2,15,5
2025-05-15 03:00:00,2.174,317,29.557,1008.503,0.0,3,15,5
2025-05-15 04:00:00,0.858,323,30.848,1003.166,15.299,4,15,5
2025-05-15 05:00:00,3.984,327,30.009,1005.07,0.0,5,15,5
2025-05-15 06:00:00,4.29,323,28.621,1004.216,8.711,6,15,5
2025-05-15 07:00:00,3.254,318,29.0,1012.257,49.025,7,15,5
2025-05-15 08:00:00,4.918,326,31.966,1009.646,40.993,8,15,5
2025-05-15 09:00:00,3.311,345,31.215,1005.665,53.9,9,15,5
2025-05-15 10:00:00,1.451,337,30.893,1008.656,69.527,10,15,5
2025-05-15 11:00:00,4.137,343,31.777,1002.859,41.332,11,15,5
2025-05-15 12:00:00,2.362,350,32.257,1004.91,0.0,12,15,5
2025-05-15 13:00:00,2.982,360,29.27,1007.242,0.0,13,15,5
2025-05-15 14:00:00,3.567,333,29.831,1008.284,106.854,14,15,5
2025-05-15 15:00:00,3.86,320,31.445,1006.635,19.448,15,15,5
2025-05-15 16:00:00,4.368,299,27.562,1007.672,18.889,16,15,5
2025-05-15 17:00:00,4.097,303,29.126,1007.163,0.0,17,15,5
2025-05-15 18:00:00,3.845,291,26.792,1006.437,0.0,18,15,5
2025-05-15 19:00:00,2.103,286,27.43,1006.039,39.401,19,15,5
2025-05-15 20:00:00,2.683,268,27.645,1005.649,0.817,20,15,5
2025-05-15 21:00:00,0.723,265,26.952,1007.623,0.0,21,15,5
2025-05-15 22:00:00,3.566,249,27.088,1008.16,0.0,22,15,5
2025-05-15 23:00:00,1.061,267,24.754,1007.523,65.55,23,15,5
2025-05-16 00:00:00,1.47,279,27.81,1003.336,36.728,0,16,5
2025-05-16 01:00:00,0.533,286,25.955,1003.875,29.372,1,16,5
2025-05-16 02:00:00,0.986,284,27.933,1008.068,24.249,2,16,5
2025-05-16 03:00:00,2.09,251,28.669,1011.287,0.0,3,16,5
2025-05-16 04:00:00,1.943,247,29.721,1007.329,14.979,4,16,5
2025-05-16 05:00:00,3.948,237,30.314,1005.636,61.67,5,16,5
2025-05-16 06:00:00,3.671,245,29.606,1007.545,0.0,6,16,5
2025-05-16 07:00:00,2.907,260,29.597,1003.461,53.759,7,16,5
2025-05-16 08:00:00,3.141,270,32.71,1010.798,29.997,8,16,5
2025-05-16 09:00:00,4.851,297,32.152,1007.431,67.364,9,16,5
2025-05-16 10:00:00,5.098,291,33.373,1004.863,34.291,10,16,5
2025-05-16 11:00:00,2.84,284,31.802,1006.371,48.762,11,16,5
2025-05-16 12:00:00,2.618,306,29.836,1005.29,0.0,12,16,5
2025-05-16 13:00:00,3.825,313,32.176,1010.806,3.763,13,16,5
2025-05-16 14:00:00,3.998,312,29.929,1006.265,42.633,14,16,5
2025-05-16 15:00:00,2.337,349,30.047,1007.338,16.296,15,16,5
2025-05-16 16:00:00,3.749,2,28.079,1008.593,61.678,16,16,5
2025-05-16 17:00:00,2.193,2,30.058,1004.649,0.0,17,16,5
2025-05-16 18:00:00,4.084,354,26.325,1007.453,0.0,18,16,5
2025-05-16 19:00:00,3.687,21,26.374,1007.695,0.0,19,16,5
2025-05-16 20:00:00,1.545,29,26.461,1002.209,0.0,20,16,5
2025-05-16 21:00:00,1.466,33,24.756,1007.63,28.428,21,16,5
2025-05-16 22:00:00,1.371,49,26.398,1006.734,41.855,22,16,5
2025-05-16 23:00:00,2.135,69,28.074,1007.261,0.0,23,16,5
2025-05-17 00:00:00,1.971,83,25.887,1006.923,64.643,0,17,5
2025-05-17 01:00:00,0.884,103,27.455,1007.594,0.0,1,17,5
2025-05-17 02:00:00,0.324,115,24.324,1010.828,0.0,2,17,5
2025-05-17 03:00:00,2.48,129,28.314,1003.278,0.0,3,17,5
2025-05-17 04:00:00,2.996,120,28.765,1005.79,22.949,4,17,5
2025-05-17 05:00:00,3.083,156,28.93,1008.816,5.176,5,17,5
2025-05-17 06:00:00,3.43,138,31.918,1008.259,37.546,6,17,5
2025-05-17 07:00:00,2.638,147,30.827,1008.195,101.409,7,17,5
2025-05-17 08:00:00,3.408,127,31.452,1015.077,22.105,8,17,5
2025-05-17 09:00:00,6.443,129,31.478,1008.659,100.445,9,17,5
2025-05-17 10:00:00,5.908,122,29.696,1010.209,105.469,10,17,5
2025-05-17 11:00:00,4.069,128,30.499,1005.895,110.917,11,17,5
2025-05-17 12:00:00,3.186,138,32.677,1003.838,36.119,12,17,5
2025-05-17 13:00:00,0.163,125,28.486,1005.873,52.013,13,17,5
2025-05-17 14:00:00,3.623,128,29.456,1008.952,0.0,14,17,5
2025-05-17 15:00:00,4.317,157,29.159,1008.037,28.837,15,17,5
2025-05-17 16:00:00,2.893,137,30.95,1008.026,0.0,16,17,5
2025-05-17 17:00:00,1.282,125,29.01,1006.173,0.0,17,17,5
2025-05-17 18:00:00,0.95,144,26.71,1005.695,0.0,18,17,5
2025-05-17 19:00:00,2.563,149,28.346,1006.277,5.975,19,17,5
2025-05-17 20:00:00,2.369,155,25.445,1008.99,0.0,20,17,5
2025-05-17 21:00:00,3.125,177,27.279,1009.338,10.372,21,17,5
2025-05-17 22:00:00,2.625,166,24.372,1003.798,0.0,22,17,5
2025-05-17 23:00:00,3.459,160,27.429,1009.103,38.956,23,17,5
2025-05-18 00:00:00,3.048,152,25.988,1004.81,12.517,0,18,5
2025-05-18 01:00:00,3.492,149,25.747,1008.169,21.072,1,18,5
2025-05-18 02:00:00,0.358,177,27.364,1006.186,53.866,2,18,5
2025-05-18 03:00:00,0.429,150,28.694,1011.459,30.523,3,18,5
2025-05-18 04:00:00,1.572,132,28.548,1005.508,0.0,4,18,5
2025-05-18 05:00:00,3.731,111,30.577,1007.298,0.0,5,18,5
2025-05-18 06:00:00,5.48,140,29.921,1008.582,78.114,6,18,5
2025-05-18 07:00:00,3.814,133,31.963,1004.14,0.0,7,18,5
2025-05-18 08:00:00,2.863,131,32.197,1006.544,0.0,8,18,5
2025-05-18 09:00:00,1.088,106,31.858,1005.962,20.408,9,18,5
2025-05-18 10:00:00,3.804,105,31.467,1005.221,74.971,10,18,5
2025-05-18 11:00:00,3.075,124,32.04,1005.443,101.329,11,18,5
2025-05-18 12:00:00,6.857,132,32.185,1010.098,135.558,12,18,5
2025-05-18 13:00:00,3.78,134,33.493,1004.966,0.0,13,18,5
2025-05-18 14:00:00,5.976,109,31.503,1008.461,102.588,14,18,5
2025-05-18 15:00:00,5.024,107,30.81,1007.706,39.983,15,18,5
2025-05-18 16:00:00,2.554,113,32.565,1002.571,0.0,16,18,5
2025-05-18 17:00:00,3.074,99,28.707,1008.32,0.0,17,18,5
2025-05-18 18:00:00,3.735,114,27.961,1002.522,34.138,18,18,5
2025-05-18 19:00:00,2.684,134,27.626,1008.646,0.0,19,18,5
2025-05-18 20:00:00,3.463,128,25.123,1005.24,0.0,20,18,5
2025-05-18 21:00:00,3.612,145,25.536,1006.787,0.0,21,18,5
2025-05-18 22:00:00,3.358,147,25.396,1002.879,0.0,22,18,5
2025-05-18 23:00:00,2.554,171,26.919,1007.129,38.168,23,18,5
2025-05-19 00:00:00,0.967,211,26.266,1009.49,0.0,0,19,5
2025-05-19 01:00:00,1.765,195,27.146,1004.288,3.042,1,19,5
2025-05-19 02:00:00,2.393,212,28.928,1004.887,123.54,2,19,5
2025-05-19 03:00:00,0.339,239,29.396,1008.073,0.0,3,19,5
2025-05-19 04:00:00,2.145,225,28.946,1008.148,0.0,4,19,5
2025-05-19 05:00:00,2.553,218,29.107,999.406,37.295,5,19,5
2025-05-19 06:00:00,1.433,211,31.982,1012.755,54.342,6,19,5
2025-05-19 07:00:00,2.298,212,32.147,1008.294,22.814,7,19,5
2025-05-19 08:00:00,2.705,209,29.737,1008.8,99.493,8,19,5
2025-05-19 09:00:00,5.494,209,31.554,1006.278,69.93,9,19,5
2025-05-19 10:00:00,4.48,228,32.194,1001.143,0.0,10,19,5
2025-05-19 11:00:00,5.107,197,32.791,1008.733,36.826,11,19,5
2025-05-19 12:00:00,3.966,183,32.616,1005.013,0.0,12,19,5
2025-05-19 13:00:00,1.528,199,31.359,1008.341,76.11,13,19,5
2025-05-19 14:00:00,3.587,213,31.077,1006.052,53.741,14,19,5
2025-05-19 15:00:00,2.622,198,29.715,1007.423,0.0,15,19,5
2025-05-19 16:00:00,2.561,212,28.049,1004.384,74.267,16,19,5
2025-05-19 17:00:00,1.588,239,27.773,1009.302,51.665,17,19,5
2025-05-19 18:00:00,2.439,242,27.401,1003.144,0.0,18,19,5
2025-05-19 19:00:00,3.737,227,26.738,1013.446,0.0,19,19,5
2025-05-19 20:00:00,3.902,246,24.07,1013.423,79.202,20,19,5
2025-05-19 21:00:00,4.629,281,25.591,1011.607,0.0,21,19,5
2025-05-19 22:00:00,4.978,269,26.07,1010.535,51.948,22,19,5
2025-05-19 23:00:00,0.734,273,25.803,1006.455,60.138,23,19,5
2025-05-20 00:00:00,0.345,296,26.176,1010.156,0.0,0,20,5
2025-05-20 01:00:00,0.0,302,27.563,1006.368,35.635,1,20,5
2025-05-20 02:00:00,2.334,274,26.326,1001.996,5.673,2,20,5
2025-05-20 03:00:00,1.669,285,26.404,1011.166,0.0,3,20,5
2025-05-20 04:00:00,1.808,271,28.72,1010.043,0.0,4,20,5
2025-05-20 05:00:00,2.294,252,30.826,1006.562,39.156,5,20,5
2025-05-20 06:00:00,3.269,224,32.642,1002.981,0.0,6,20,5
2025-05-20 07:00:00,1.556,249,32.154,1004.898,0.0,7,20,5
2025-05-20 08:00:00,1.364,237,29.901,1001.193,6.732,8,20,5
2025-05-20 09:00:00,2.83,247,31.649,1009.492,0.0,9,20,5
2025-05-20 10:00:00,4.731,261,32.301,1001.847,0.0,10,20,5
2025-05-20 11:00:00,3.956,267,32.068,1007.517,6.971,11,20,5
2025-05-20 12:00:00,2.807,276,32.168,1004.125,42.2,12,20,5
2025-05-20 13:00:00,0.825,286,29.915,1002.376,1.108,13,20,5
2025-05-20 14:00:00,3.671,292,30.45,1007.372,0.0,14,20,5
2025-05-20 15:00:00,2.548,282,30.14,1005.655,26.499,15,20,5
2025-05-20 16:00:00,1.592,270,29.846,1009.171,56.934,16,20,5
2025-05-20 17:00:00,0.501,272,27.117,1002.854,121.717,17,20,5
2025-05-20 18:00:00,0.337,273,26.961,1004.385,79.301,18,20,5
2025-05-20 19:00:00,0.714,284,23.533,999.494,0.0,19,20,5
2025-05-20 20:00:00,1.564,307,25.585,1000.103,47.195,20,20,5
2025-05-20 21:00:00,0.646,317,25.436,1012.051,14.109,21,20,5
2025-05-20 22:00:00,1.902,306,24.776,1012.907,0.0,22,20,5
2025-05-20 23:00:00,1.796,270,26.337,1006.935,15.609,23,20,5
2025-05-21 00:00:00,4.605,260,26.401,1004.134,119.952,0,21,5
2025-05-21 01:00:00,1.05,239,24.263,1005.71,65.773,1,21,5
2025-05-21 02:00:00,2.122,229,27.875,1009.226,0.0,2,21,5
2025-05-21 03:00:00,2.587,237,27.24,1005.062,0.754,3,21,5
2025-05-21 04:00:00,1.471,242,29.717,1007.318,27.042,4,21,5
2025-05-21 05:00:00,2.533,279,28.367,1006.567,0.0,5,21,5
2025-05-21 06:00:00,3.78,291,30.649,1004.899,0.0,6,21,5
2025-05-21 07:00:00,3.53,329,30.872,1005.027,9.007,7,21,5
2025-05-21 08:00:00,5.032,345,32.022,1007.485,37.418,8,21,5
2025-05-21 09:00:00,1.501,7,32.073,1003.675,0.0,9,21,5
2025-05-21 10:00:00,1.942,4,31.683,1007.96,21.339,10,21,5
2025-05-21 11:00:00,4.767,349,30.007,1005.19,78.277,11,21,5
2025-05-21 12:00:00,5.018,344,29.744,1006.987,15.777,12,21,5
2025-05-21 13:00:00,4.622,347,30.311,1010.757,17.817,13,21,5
2025-05-21 14:00:00,5.212,339,30.358,1006.101,68.007,14,21,5
2025-05-21 15:00:00,1.679,324,28.901,1009.365,24.147,15,21,5
2025-05-21 16:00:00,3.533,335,29.601,1001.229,0.0,16,21,5
2025-05-21 17:00:00,4.315,320,27.745,1005.194,0.0,17,21,5
2025-05-21 18:00:00,2.459,296,26.214,1006.688,0.0,18,21,5
2025-05-21 19:00:00,5.519,279,26.44,1012.375,9.573,19,21,5
2025-05-21 20:00:00,3.61,278,26.598,1000.725,81.469,20,21,5
2025-05-21 21:00:00,0.166,264,26.451,1006.317,34.896,21,21,5
2025-05-21 22:00:00,1.96,263,28.25,1010.975,0.0,22,21,5
2025-05-21 23:00:00,1.259,277,25.332,1004.25,0.0,23,21,5
2025-05-22 00:00:00,3.205,291,26.374,1005.916,62.202,0,22,5
2025-05-22 01:00:00,3.175,282,27.48,1007.55,0.0,1,22,5
2025-05-22 02:00:00,1.926,262,27.583,1007.108,46.837,2,22,5
2025-05-22 03:00:00,4.04,255,27.747,1011.252,80.044,3,22,5
2025-05-22 04:00:00,4.196,270,27.269,1007.9,72.9,4,22,5
2025-05-22 05:00:00,2.343,289,29.286,1010.538,9.922,5,22,5
2025-05-22 06:00:00,2.647,299,29.32,1005.475,68.806,6,22,5
2025-05-22 07:00:00,3.635,324,29.134,1004.333,0.0,7,22,5
2025-05-22 08:00:00,3.044,358,30.698,1005.878,136.724,8,22,5
2025-05-22 09:00:00,2.965,353,30.662,1003.078,13.247,9,22,5
2025-05-22 10:00:00,3.416,22,32.684,1008.005,63.31,10,22,5
2025-05-22 11:00:00,2.311,21,32.566,1005.397,0.0,11,22,5
2025-05-22 12:00:00,0.594,43,30.427,1004.54,27.468,12,22,5
2025-05-22 13:00:00,2.831,59,30.694,1008.051,29.89,13,22,5
2025-05-22 14:00:00,0.915,27,28.133,1003.124,0.0,14,22,5
2025-05-22 15:00:00,1.337,13,29.033,1008.866,0.0,15,22,5
2025-05-22 16:00:00,0.459,355,29.324,1005.12,0.0,16,22,5
2025-05-22 17:00:00,0.188,326,29.065,1010.032,60.793,17,22,5
2025-05-22 18:00:00,2.358,345,26.511,1005.377,0.0,18,22,5
2025-05-22 19:00:00,2.196,25,28.03,1008.451,0.0,19,22,5
2025-05-22 20:00:00,1.999,24,24.502,1007.094,72.043,20,22,5
2025-05-22 21:00:00,0.641,43,24.559,1008.787,0.0,21,22,5
2025-05-22 22:00:00,0.91,73,26.842,1006.885,68.965,22,22,5
2025-05-22 23:00:00,2.168,80,28.134,1001.565,0.0,23,22,5
2025-05-23 00:00:00,2.088,83,27.048,1009.532,0.0,0,23,5
2025-05-23 01:00:00,3.118,82,26.913,1006.243,0.0,1,23,5
2025-05-23 02:00:00,3.694,95,24.97,1008.874,104.134,2,23,5
2025-05-23 03:00:00,2.583,114,25.914,1008.576,0.0,3,23,5
2025-05-23 04:00:00,0.503,126,29.277,1004.186,0.0,4,23,5
2025-05-23 05:00:00,1.217,137,29.463,1003.761,0.0,5,23,5
2025-05-23 06:00:00,2.334,139,29.274,1008.472,51.257,6,23,5
2025-05-23 07:00:00,2.035,114,31.278,1005.596,0.0,7,23,5
2025-05-23 08:00:00,1.72,133,31.784,1009.315,65.338,8,23,5
2025-05-23 09:00:00,2.99,113,33.045,1005.971,3.838,9,23,5
2025-05-23 10:00:00,6.166,127,32.141,1009.576,100.853,10,23,5
2025-05-23 11:00:00,3.855,144,33.312,1007.775,18.375,11,23,5
2025-05-23 12:00:00,3.648,127,31.514,1007.37,0.0,12,23,5
2025-05-23 13:00:00,2.026,119,30.861,1005.384,7.583,13,23,5
2025-05-23 14:00:00,4.36,160,31.633,1007.203,0.0,14,23,5
2025-05-23 15:00:00,4.59,162,28.445,1010.084,87.623,15,23,5
2025-05-23 16:00:00,4.466,143,32.216,1006.343,0.0,16,23,5
2025-05-23 17:00:00,4.934,161,28.518,1008.099,48.192,17,23,5
2025-05-23 18:00:00,2.903,150,27.816,1006.645,0.0,18,23,5
2025-05-23 19:00:00,2.269,119,27.391,1006.879,0.0,19,23,5
2025-05-23 20:00:00,4.275,132,28.567,1011.676,0.0,20,23,5
2025-05-23 21:00:00,3.608,119,27.0,1010.111,164.711,21,23,5
2025-05-23 22:00:00,0.063,128,24.057,1006.744,0.0,22,23,5
2025-05-23 23:00:00,1.972,117,27.806,1007.149,0.0,23,23,5
2025-05-24 00:00:00,1.404,133,26.038,1004.352,0.0,0,24,5
2025-05-24 01:00:00,2.972,140,27.081,1005.938,0.0,1,24,5
2025-05-24 02:00:00,2.995,97,26.061,1007.386,0.0,2,24,5
2025-05-24 03:00:00,0.634,107,28.964,1009.009,101.81,3,24,5
2025-05-24 04:00:00,2.299,105,28.332,1008.705,18.482,4,24,5
2025-05-24 05:00:00,2.9,134,30.004,1003.13,49.687,5,24,5
2025-05-24 06:00:00,3.398,144,30.252,1009.388,0.0,6,24,5
2025-05-24 07:00:00,3.923,161,33.501,1006.191,0.0,7,24,5
2025-05-24 08:00:00,5.254,151,34.016,1003.496,47.935,8,24,5
2025-05-24 09:00:00,4.519,140,31.959,1010.466,0.0,9,24,5
2025-05-24 10:00:00,3.881,143,32.045,1010.847,24.241,10,24,5
2025-05-24 11:00:00,4.985,140,31.382,1007.249,59.23,11,24,5
2025-05-24 12:00:00,6.585,167,32.823,1008.584,181.743,12,24,5
2025-05-24 13:00:00,5.527,167,30.596,1008.76,45.279,13,24,5
2025-05-24 14:00:00,4.29,148,29.842,1010.645,67.098,14,24,5
2025-05-24 15:00:00,4.048,136,30.785,1008.642,0.0,15,24,5
2025-05-24 16:00:00,3.646,157,28.184,1002.474,0.0,16,24,5
2025-05-24 17:00:00,3.115,157,28.014,1012.487,79.29,17,24,5
2025-05-24 18:00:00,5.284,156,25.453,1009.654,0.0,18,24,5
2025-05-24 19:00:00,2.516,178,27.598,1004.929,0.0,19,24,5
2025-05-24 20:00:00,3.706,165,28.635,1003.368,0.0,20,24,5
2025-05-24 21:00:00,2.54,128,26.906,1007.972,21.298,21,24,5
2025-05-24 22:00:00,0.555,116,27.729,1005.623,70.598,22,24,5
2025-05-24 23:00:00,1.381,124,25.099,1007.447,0.0,23,24,5
2025-05-25 00:00:00,1.242,123,26.721,1008.64,99.816,0,25,5
2025-05-25 01:00:00,2.539,98,25.811,1004.711,1.496,1,25,5
2025-05-25 02:00:00,2.479,119,27.313,1003.062,0.0,2,25,5
2025-05-25 03:00:00,1.281,125,29.25,1007.568,0.0,3,25,5
2025-05-25 04:00:00,3.88,135,29.226,1004.81,109.53,4,25,5
2025-05-25 05:00:00,4.412,146,28.179,1006.848,0.978,5,25,5
2025-05-25 06:00:00,5.283,126,29.005,1002.38,0.0,6,25,5
2025-05-25 07:00:00,4.133,135,29.524,1005.654,139.883,7,25,5
2025-05-25 08:00:00,3.549,154,32.218,1008.555,22.194,8,25,5
2025-05-25 09:00:00,4.289,178,34.37,1008.228,51.007,9,25,5
2025-05-25 10:00:00,3.105,194,33.593,1004.045,92.49,10,25,5
2025-05-25 11:00:00,3.552,206,29.545,1002.905,34.361,11,25,5
2025-05-25 12:00:00,3.328,178,33.192,1006.457,53.735,12,25,5
2025-05-25 13:00:00,1.728,181,32.104,1008.093,2.988,13,25,5
2025-05-25 14:00:00,2.958,167,28.483,1007.626,40.355,14,25,5
2025-05-25 15:00:00,2.6,193,29.237,1004.874,0.0,15,25,5
2025-05-25 16:00:00,2.593,216,30.135,1007.304,0.0,16,25,5
2025-05-25 17:00:00,3.16,202,28.71,1010.917,6.598,17,25,5
2025-05-25 18:00:00,4.26,204,25.77,1007.026,0.0,18,25,5
2025-05-25 19:00:00,2.058,212,27.476,1001.511,27.741,19,25,5
2025-05-25 20:00:00,1.831,231,23.731,1007.02,27.601,20,25,5
2025-05-25 21:00:00,1.186,204,25.763,1012.542,45.04,21,25,5
2025-05-25 22:00:00,0.853,167,27.331,1002.548,35.178,22,25,5
2025-05-25 23:00:00,0.999,171,26.126,1006.499,110.002,23,25,5
2025-05-26 00:00:00,1.509,128,25.827,1005.685,57.895,0,26,5
2025-05-26 01:00:00,2.624,134,27.999,1006.652,0.0,1,26,5
2025-05-26 02:00:00,2.758,148,28.744,1006.947,24.919,2,26,5
2025-05-26 03:00:00,1.321,173,29.884,1009.784,77.698,3,26,5
2025-05-26 04:00:00,3.678,165,30.141,1006.618,0.0,4,26,5
2025-05-26 05:00:00,4.168,171,31.161,1010.196,116.093,5,26,5
2025-05-26 06:00:00,2.332,186,31.451,1006.011,0.0,6,26,5
2025-05-26 07:00:00,4.301,168,31.488,1005.314,56.741,7,26,5
2025-05-26 08:00:00,4.009,188,31.724,1004.356,3.775,8,26,5
2025-05-26 09:00:00,3.438,196,31.597,1000.913,0.0,9,26,5
2025-05-26 10:00:00,3.894,188,30.492,1007.191,0.0,10,26,5
2025-05-26 11:00:00,3.617,194,30.662,1012.526,50.713,11,26,5
2025-05-26 12:00:00,4.167,195,31.137,1007.739,0.0,12,26,5
2025-05-26 13:00:00,3.884,212,31.259,1008.424,0.0,13,26,5
2025-05-26 14:00:00,3.11,209,32.055,1005.125,63.788,14,26,5
2025-05-26 15:00:00,0.815,216,29.539,1005.631,98.428,15,26,5
2025-05-26 16:00:00,2.888,208,30.013,1009.318,0.0,16,26,5
2025-05-26 17:00:00,2.396,194,29.333,1012.39,55.171,17,26,5
2025-05-26 18:00:00,3.433,200,27.052,1010.828,44.088,18,26,5
2025-05-26 19:00:00,3.308,187,27.445,1008.78,0.0,19,26,5
2025-05-26 20:00:00,2.212,204,25.992,1006.469,73.47,20,26,5
2025-05-26 21:00:00,3.354,218,27.606,1006.993,0.0,21,26,5
2025-05-26 22:00:00,2.734,207,26.717,1004.103,28.464,22,26,5
2025-05-26 23:00:00,2.469,214,24.664,1002.019,0.0,23,26,5
2025-05-27 00:00:00,2.041,203,26.607,1002.939,0.0,0,27,5
2025-05-27 01:00:00,4.047,177,28.897,1006.468,68.136,1,27,5
2025-05-27 02:00:00,2.02,169,27.345,1005.443,30.316,2,27,5
2025-05-27 03:00:00,1.914,171,28.836,1001.911,0.0,3,27,5
2025-05-27 04:00:00,0.948,183,29.734,1006.207,104.931,4,27,5
2025-05-27 05:00:00,3.021,189,28.606,1005.364,104.352,5,27,5
2025-05-27 06:00:00,2.316,208,31.172,1002.8,24.154,6,27,5
2025-05-27 07:00:00,2.336,193,29.484,1005.208,0.0,7,27,5
2025-05-27 08:00:00,2.391,189,30.853,1005.356,0.0,8,27,5
2025-05-27 09:00:00,3.154,222,33.16,1004.469,0.0,9,27,5
2025-05-27 10:00:00,1.94,190,32.363,1009.099,4.923,10,27,5
2025-05-27 11:00:00,0.422,185,31.43,1000.61,0.0,11,27,5
2025-05-27 12:00:00,3.02,169,31.998,1000.362,0.0,12,27,5
2025-05-27 13:00:00,0.855,168,30.885,1006.329,0.0,13,27,5
2025-05-27 14:00:00,3.488,163,30.329,1006.607,9.582,14,27,5
2025-05-27 15:00:00,5.048,177,30.365,1007.532,0.0,15,27,5
2025-05-27 16:00:00,3.453,185,27.923,1004.702,0.0,16,27,5
2025-05-27 17:00:00,4.492,164,28.074,1003.565,49.133,17,27,5
2025-05-27 18:00:00,3.178,156,26.942,1006.297,0.0,18,27,5
2025-05-27 19:00:00,4.5,159,24.816,1004.994,0.0,19,27,5
2025-05-27 20:00:00,2.462,175,25.167,1010.972,0.0,20,27,5
2025-05-27 21:00:00,0.0,222,27.888,1005.346,0.0,21,27,5
2025-05-27 22:00:00,1.308,238,26.403,1006.159,10.211,22,27,5
2025-05-27 23:00:00,3.772,223,24.492,1013.745,0.0,23,27,5
2025-05-28 00:00:00,3.226,224,24.551,1005.691,0.0,0,28,5
2025-05-28 01:00:00,1.891,230,26.77,1007.943,0.0,1,28,5
2025-05-28 02:00:00,2.508,224,29.421,1008.214,0.0,2,28,5
2025-05-28 03:00:00,3.549,235,28.061,1008.469,90.51,3,28,5
2025-05-28 04:00:00,2.79,197,30.633,1007.143,10.99,4,28,5
2025-05-28 05:00:00,5.792,210,30.258,1006.856,101.813,5,28,5
2025-05-28 06:00:00,3.277,204,31.11,1006.576,0.0,6,28,5
2025-05-28 07:00:00,4.329,205,29.54,1004.547,20.22,7,28,5
2025-05-28 08:00:00,4.496,234,32.714,1007.251,0.0,8,28,5
2025-05-28 09:00:00,2.948,214,31.453,1012.361,1.631,9,28,5
2025-05-28 10:00:00,2.812,222,32.956,1009.907,35.692,10,28,5
2025-05-28 11:00:00,4.444,239,30.804,1007.187,0.0,11,28,5
2025-05-28 12:00:00,3.952,245,31.66,1008.842,0.0,12,28,5
2025-05-28 13:00:00,3.965,219,31.365,1003.667,0.0,13,28,5
2025-05-28 14:00:00,1.62,246,30.114,1005.493,0.0,14,28,5
2025-05-28 15:00:00,3.394,245,30.048,1009.118,9.741,15,28,5
2025-05-28 16:00:00,3.425,238,28.462,1010.736,0.0,16,28,5
2025-05-28 17:00:00,2.903,235,27.232,1003.962,82.388,17,28,5
2025-05-28 18:00:00,3.095,231,29.229,1004.824,147.357,18,28,5
2025-05-28 19:00:00,2.152,212,27.963,1012.819,0.0,19,28,5
2025-05-28 20:00:00,1.534,218,25.345,1006.564,16.17,20,28,5
2025-05-28 21:00:00,1.657,210,26.674,1011.745,57.09,21,28,5
2025-05-28 22:00:00,1.392,225,25.036,1006.896,0.0,22,28,5
2025-05-28 23:00:00,4.331,237,24.644,1007.013,0.0,23,28,5
2025-05-29 00:00:00,3.829,269,27.624,1005.316,97.589,0,29,5
2025-05-29 01:00:00,1.554,268,24.844,1009.06,37.739,1,29,5
2025-05-29 02:00:00,4.351,256,28.644,1010.305,26.197,2,29,5
2025-05-29 03:00:00,2.52,232,27.966,1003.127,79.779,3,29,5
2025-05-29 04:00:00,2.578,274,28.795,1005.175,42.363,4,29,5
2025-05-29 05:00:00,3.723,289,30.312,1008.977,0.0,5,29,5
2025-05-29 06:00:00,0.925,279,31.226,1005.843,0.0,6,29,5
2025-05-29 07:00:00,2.13,312,30.135,1004.752,0.0,7,29,5
2025-05-29 08:00:00,2.237,339,32.435,1009.261,66.265,8,29,5
2025-05-29 09:00:00,3.245,317,31.975,1009.542,37.565,9,29,5
2025-05-29 10:00:00,3.811,306,30.397,1004.883,0.0,10,29,5
2025-05-29 11:00:00,3.497,306,31.562,1006.869,97.581,11,29,5
2025-05-29 12:00:00,3.325,290,33.09,1002.607,0.0,12,29,5
2025-05-29 13:00:00,4.587,291,32.939,1003.546,67.909,13,29,5
2025-05-29 14:00:00,4.039,307,31.144,1006.605,15.947,14,29,5
2025-05-29 15:00:00,3.459,285,28.118,1006.326,106.65,15,29,5
2025-05-29 16:00:00,3.275,293,29.355,1003.331,41.489,16,29,5
2025-05-29 17:00:00,5.028,317,29.016,1004.084,31.048,17,29,5
2025-05-29 18:00:00,3.555,327,28.158,1003.037,0.0,18,29,5
2025-05-29 19:00:00,2.169,328,27.631,1007.597,0.0,19,29,5
2025-05-29 20:00:00,0.013,319,26.678,1000.329,0.0,20,29,5
2025-05-29 21:00:00,0.0,337,25.89,1003.197,0.0,21,29,5
2025-05-29 22:00:00,0.841,319,25.181,1000.643,16.98,22,29,5
2025-05-29 23:00:00,1.508,326,23.772,1007.489,0.0,23,29,5
2025-05-30 00:00:00,1.216,329,26.774,1000.782,0.0,0,30,5
2025-05-30 01:00:00,2.214,352,27.095,1006.285,0.0,1,30,5
2025-05-30 02:00:00,1.558,344,28.184,1011.109,2.872,2,30,5
2025-05-30 03:00:00,1.05,338,26.647,1011.211,0.406,3,30,5
2025-05-30 04:00:00,2.761,318,29.806,1000.773,95.606,4,30,5
2025-05-30 05:00:00,4.314,329,32.268,1007.086,44.113,5,30,5
2025-05-30 06:00:00,2.097,324,30.606,1003.223,115.93,6,30,5
2025-05-30 07:00:00,3.052,311,31.036,1002.611,0.0,7,30,5
2025-05-30 08:00:00,0.992,300,31.927,1005.85,43.105,8,30,5
2025-05-30 09:00:00,0.899,312,34.261,1009.875,0.0,9,30,5
2025-05-30 10:00:00,1.937,295,30.659,1007.989,0.0,10,30,5
2025-05-30 11:00:00,4.272,279,31.992,1004.045,125.057,11,30,5
2025-05-30 12:00:00,2.811,298,30.455,1008.305,0.0,12,30,5
2025-05-30 13:00:00,2.245,298,30.253,999.459,0.0,13,30,5
2025-05-30 14:00:00,2.963,318,30.207,1003.931,0.0,14,30,5
2025-05-30 15:00:00,3.095,314,31.146,1003.719,0.0,15,30,5
2025-05-30 16:00:00,2.072,317,30.91,1006.425,0.0,16,30,5
2025-05-30 17:00:00,4.8,323,28.516,1005.582,0.0,17,30,5
2025-05-30 18:00:00,2.966,351,26.818,1005.766,1.94,18,30,5
2025-05-30 19:00:00,2.689,16,29.663,1005.666,0.0,19,30,5
2025-05-30 20:00:00,1.903,39,25.712,1006.258,65.777,20,30,5
2025-05-30 21:00:00,2.538,30,25.274,1007.811,0.0,21,30,5
2025-05-30 22:00:00,3.609,15,23.764,1006.638,0.0,22,30,5
2025-05-30 23:00:00,4.432,31,27.708,1005.337,0.0,23,30,5
2025-05-31 00:00:00,1.914,58,27.509,1007.355,45.394,0,31,5
2025-05-31 01:00:00,3.291,82,29.754,1008.628,19.414,1,31,5
2025-05-31 02:00:00,3.181,85,25.829,1004.482,65.297,2,31,5
2025-05-31 03:00:00,3.737,101,29.983,1005.971,0.0,3,31,5
2025-05-31 04:00:00,2.81,117,29.098,1009.635,0.0,4,31,5
2025-05-31 05:00:00,2.528,122,30.752,1002.841,22.704,5,31,5
2025-05-31 06:00:00,3.856,128,28.516,1011.564,58.673,6,31,5
2025-05-31 07:00:00,4.428,132,32.853,1002.132,54.62,7,31,5
2025-05-31 08:00:00,5.418,120,32.482,1005.114,62.759,8,31,5
2025-05-31 09:00:00,4.246,110,31.756,1003.299,18.92,9,31,5
2025-05-31 10:00:00,3.564,100,32.643,1012.713,0.0,10,31,5
2025-05-31 11:00:00,0.654,74,30.811,1004.64,22.546,11,31,5
2025-05-31 12:00:00,0.67,79,30.701,1004.647,111.921,12,31,5
2025-05-31 13:00:00,2.025,81,30.335,1005.037,0.0,13,31,5
2025-05-31 14:00:00,1.573,97,28.024,1006.436,0.0,14,31,5
2025-05-31 15:00:00,3.527,122,30.545,1005.164,0.0,15,31,5
2025-05-31 16:00:00,1.597,148,30.16,1005.751,21.416,16,31,5
2025-05-31 17:00:00,1.774,176,27.118,995.562,0.0,17,31,5
2025-05-31 18:00:00,1.748,165,27.669,1006.321,0.0,18,31,5
2025-05-31 19:00:00,3.538,142,26.334,1006.203,48.946,19,31,5
2025-05-31 20:00:00,1.93,161,26.6,1009.265,0.0,20,31,5
2025-05-31 21:00:00,2.55,188,25.188,1010.077,10.269,21,31,5
2025-05-31 22:00:00,2.406,219,24.815,1005.587,116.013,22,31,5
2025-05-31 23:00:00,3.156,230,27.277,1008.598,18.251,23,31,5
2025-06-01 00:00:00,3.344,197,26.251,1002.805,0.0,0,1,6
2025-06-01 01:00:00,2.438,206,29.26,1008.412,0.0,1,1,6
2025-06-01 02:00:00,0.311,219,27.532,1004.393,0.0,2,1,6
2025-06-01 03:00:00,1.408,244,27.102,1002.556,0.0,3,1,6
2025-06-01 04:00:00,2.127,272,30.466,1005.553,5.686,4,1,6
2025-06-01 05:00:00,2.84,291,30.521,1010.312,0.0,5,1,6
2025-06-01 06:00:00,2.022,283,31.345,1006.653,64.134,6,1,6
2025-06-01 07:00:00,4.036,267,32.5,1010.6,0.0,7,1,6
2025-06-01 08:00:00,3.495,279,30.735,1003.864,0.0,8,1,6
2025-06-01 09:00:00,2.324,267,31.63,1009.254,11.949,9,1,6
2025-06-01 10:00:00,2.526,296,31.643,1004.154,18.762,10,1,6
2025-06-01 11:00:00,5.353,268,30.161,1006.786,53.304,11,1,6
2025-06-01 12:00:00,4.798,281,31.06,1006.76,0.0,12,1,6
2025-06-01 13:00:00,5.011,289,32.474,1008.095,32.644,13,1,6
2025-06-01 14:00:00,2.597,288,30.512,1006.862,0.0,14,1,6
2025-06-01 15:00:00,2.119,274,27.876,1003.893,47.526,15,1,6
2025-06-01 16:00:00,1.853,239,26.843,1008.751,39.763,16,1,6
2025-06-01 17:00:00,2.634,232,29.937,1011.305,13.246,17,1,6
2025-06-01 18:00:00,2.347,225,27.123,1004.359,17.224,18,1,6
2025-06-01 19:00:00,1.772,248,25.856,1000.604,74.381,19,1,6
2025-06-01 20:00:00,1.627,236,25.857,1007.608,63.266,20,1,6
2025-06-01 21:00:00,1.007,247,24.148,1005.117,15.143,21,1,6
2025-06-01 22:00:00,1.463,226,27.563,1005.717,117.998,22,1,6
2025-06-01 23:00:00,3.081,237,25.522,1007.779,0.0,23,1,6
2025-06-02 00:00:00,0.59,199,27.947,1004.703,0.0,0,2,6
2025-06-02 01:00:00,1.971,239,26.874,1005.265,0.0,1,2,6
2025-06-02 02:00:00,3.686,239,29.17,1005.771,0.0,2,2,6
2025-06-02 03:00:00,2.547,191,28.5,1010.481,0.0,3,2,6
2025-06-02 04:00:00,1.899,181,29.996,1006.162,0.0,4,2,6
2025-06-02 05:00:00,3.489,168,30.606,1002.365,19.279,5,2,6
2025-06-02 06:00:00,1.937,159,31.199,1002.484,0.0,6,2,6
2025-06-02 07:00:00,2.659,155,31.467,1006.49,0.0,7,2,6
2025-06-02 08:00:00,1.826,145,31.217,1002.684,2.328,8,2,6
2025-06-02 09:00:00,0.68,133,34.06,1001.385,6.769,9,2,6
2025-06-02 10:00:00,2.334,115,30.739,1007.978,39.329,10,2,6
2025-06-02 11:00:00,1.609,132,31.694,1008.125,0.0,11,2,6
2025-06-02 12:00:00,2.796,156,31.373,1004.967,48.062,12,2,6
2025-06-02 13:00:00,4.427,154,31.332,1006.953,0.0,13,2,6
2025-06-02 14:00:00,5.727,156,29.691,1006.636,39.009,14,2,6
2025-06-02 15:00:00,4.021,138,29.847,1007.879,96.917,15,2,6
2025-06-02 16:00:00,4.413,142,28.486,1007.886,0.0,16,2,6
2025-06-02 17:00:00,3.699,149,26.02,998.254,0.0,17,2,6
2025-06-02 18:00:00,2.44,147,27.221,1005.35,0.0,18,2,6
2025-06-02 19:00:00,0.14,157,25.291,1007.626,0.0,19,2,6
2025-06-02 20:00:00,3.376,165,24.083,1004.84,7.788,20,2,6
2025-06-02 21:00:00,1.269,148,26.064,1006.18,38.86,21,2,6
2025-06-02 22:00:00,3.334,172,26.419,1008.324,0.0,22,2,6
2025-06-02 23:00:00,3.013,171,26.605,1006.315,0.0,23,2,6
2025-06-03 00:00:00,1.175,203,26.964,1010.558,0.0,0,3,6
2025-06-03 01:00:00,2.11,213,24.47,1009.416,0.0,1,3,6
2025-06-03 02:00:00,4.586,251,25.799,1005.679,0.0,2,3,6
2025-06-03 03:00:00,4.803,274,30.537,1005.44,60.777,3,3,6
2025-06-03 04:00:00,2.638,280,27.692,997.484,44.334,4,3,6
2025-06-03 05:00:00,1.835,269,30.453,1005.055,0.0,5,3,6
2025-06-03 06:00:00,2.637,259,29.604,1001.975,24.28,6,3,6
2025-06-03 07:00:00,2.711,271,31.122,1006.698,48.193,7,3,6
2025-06-03 08:00:00,4.407,276,30.714,1006.493,15.214,8,3,6
2025-06-03 09:00:00,4.506,268,32.413,1008.122,88.472,9,3,6
2025-06-03 10:00:00,1.791,285,31.968,1010.225,0.0,10,3,6
2025-06-03 11:00:00,3.402,288,31.127,1005.956,0.0,11,3,6
2025-06-03 12:00:00,3.174,305,30.072,1012.876,0.0,12,3,6
2025-06-03 13:00:00,3.299,290,31.148,1006.732,35.69,13,3,6
2025-06-03 14:00:00,3.504,310,28.728,1002.104,0.0,14,3,6
2025-06-03 15:00:00,4.561,321,29.959,1004.348,92.572,15,3,6
2025-06-03 16:00:00,4.529,345,31.818,1004.916,42.843,16,3,6
2025-06-03 17:00:00,2.404,4,29.515,1007.811,96.266,17,3,6
2025-06-03 18:00:00,2.383,5,28.049,1003.193,0.0,18,3,6
2025-06-03 19:00:00,1.808,4,26.486,1005.141,0.0,19,3,6
2025-06-03 20:00:00,0.101,38,23.815,1005.552,36.141,20,3,6
2025-06-03 21:00:00,1.277,35,24.29,1004.69,56.681,21,3,6
2025-06-03 22:00:00,3.856,51,27.35,1008.469,0.0,22,3,6
2025-06-03 23:00:00,0.585,46,25.002,1007.959,0.0,23,3,6
2025-06-04 00:00:00,1.472,15,25.42,1009.498,0.0,0,4,6
2025-06-04 01:00:00,1.771,356,26.566,1005.006,14.376,1,4,6
2025-06-04 02:00:00,2.343,5,26.133,1009.606,84.71,2,4,6
2025-06-04 03:00:00,1.192,20,26.672,1001.907,0.0,3,4,6
2025-06-04 04:00:00,0.407,30,28.864,1001.833,0.0,4,4,6
2025-06-04 05:00:00,0.334,53,28.626,1002.357,0.0,5,4,6
2025-06-04 06:00:00,3.555,62,29.515,1006.026,106.18,6,4,6
2025-06-04 07:00:00,2.057,50,30.065,1009.606,124.228,7,4,6
2025-06-04 08:00:00,2.23,63,32.076,1004.192,23.345,8,4,6
2025-06-04 09:00:00,5.359,68,31.436,1004.569,91.202,9,4,6
2025-06-04 10:00:00,3.158,60,31.566,1005.351,47.874,10,4,6
2025-06-04 11:00:00,3.7,71,32.357,1007.717,0.0,11,4,6
2025-06-04 12:00:00,4.688,75,31.137,1004.566,53.724,12,4,6
2025-06-04 13:00:00,4.904,66,30.468,1004.398,0.0,13,4,6
2025-06-04 14:00:00,2.195,65,30.723,1001.962,0.0,14,4,6
2025-06-04 15:00:00,1.926,93,30.224,1004.283,62.686,15,4,6
2025-06-04 16:00:00,2.888,120,28.465,1009.531,4.451,16,4,6
2025-06-04 17:00:00,4.942,126,27.968,1006.271,84.421,17,4,6
2025-06-04 18:00:00,2.385,129,26.224,1003.779,71.459,18,4,6
2025-06-04 19:00:00,1.745,105,25.531,1009.707,0.0,19,4,6
2025-06-04 20:00:00,2.486,138,27.04,1004.243,0.0,20,4,6
2025-06-04 21:00:00,2.877,159,26.386,1010.258,63.915,21,4,6
2025-06-04 22:00:00,3.024,175,26.333,1010.209,66.132,22,4,6
2025-06-04 23:00:00,1.299,136,26.262,1006.167,14.113,23,4,6
2025-06-05 00:00:00,1.108,139,26.288,1001.468,21.572,0,5,6
2025-06-05 01:00:00,1.955,139,27.574,1012.832,49.118,1,5,6
2025-06-05 02:00:00,3.512,153,28.504,1007.126,48.534,2,5,6
2025-06-05 03:00:00,2.393,147,29.212,1004.992,0.0,3,5,6
2025-06-05 04:00:00,2.398,145,28.778,1008.832,52.572,4,5,6
2025-06-05 05:00:00,1.374,158,31.334,1008.071,0.0,5,5,6
2025-06-05 06:00:00,4.493,146,30.652,1009.897,24.317,6,5,6
2025-06-05 07:00:00,3.657,138,31.735,1003.977,11.912,7,5,6
2025-06-05 08:00:00,4.551,144,31.762,1006.919,0.0,8,5,6
2025-06-05 09:00:00,3.714,170,31.985,1002.406,0.0,9,5,6
2025-06-05 10:00:00,3.556,187,30.871,1007.963,123.454,10,5,6
2025-06-05 11:00:00,1.698,209,32.457,1005.895,0.0,11,5,6
2025-06-05 12:00:00,0.332,212,34.696,1006.807,20.348,12,5,6
2025-06-05 13:00:00,3.752,241,30.327,1005.525,33.355,13,5,6
2025-06-05 14:00:00,3.432,212,30.218,1005.211,0.0,14,5,6
2025-06-05 15:00:00,3.374,251,28.861,1003.359,37.112,15,5,6
2025-06-05 16:00:00,1.561,292,28.03,1008.335,18.094,16,5,6
2025-06-05 17:00:00,1.244,302,29.698,1010.433,0.0,17,5,6
2025-06-05 18:00:00,3.273,319,26.329,1004.294,29.595,18,5,6
2025-06-05 19:00:00,4.591,320,25.969,1007.624,0.0,19,5,6
2025-06-05 20:00:00,2.2,318,24.186,1007.26,95.737,20,5,6
2025-06-05 21:00:00,2.833,309,24.917,1005.988,23.602,21,5,6
2025-06-05 22:00:00,2.435,310,23.711,1001.384,0.0,22,5,6
2025-06-05 23:00:00,1.932,322,26.658,1002.059,18.826,23,5,6
2025-06-06 00:00:00,4.043,332,29.565,1003.587,0.0,0,6,6
2025-06-06 01:00:00,2.125,9,26.271,999.513,14.178,1,6,6
2025-06-06 02:00:00,3.531,13,25.354,1010.154,0.0,2,6,6
2025-06-06 03:00:00,3.101,349,29.171,1007.033,0.0,3,6,6
2025-06-06 04:00:00,2.622,20,27.999,1005.84,0.0,4,6,6
2025-06-06 05:00:00,4.193,0,31.202,999.359,139.462,5,6,6
2025-06-06 06:00:00,3.586,353,30.013,1000.459,5.69,6,6,6
2025-06-06 07:00:00,3.064,360,30.191,1005.923,0.0,7,6,6
2025-06-06 08:00:00,4.694,9,31.183,1011.842,0.0,8,6,6
2025-06-06 09:00:00,5.152,346,32.571,1003.834,58.989,9,6,6
2025-06-06 10:00:00,5.295,335,31.454,1008.522,5.934,10,6,6
2025-06-06 11:00:00,0.0,310,30.992,1004.49,0.0,11,6,6
2025-06-06 12:00:00,2.75,323,31.016,1006.096,0.0,12,6,6
2025-06-06 13:00:00,3.329,346,29.223,1009.574,0.0,13,6,6
2025-06-06 14:00:00,3.154,326,30.582,1004.892,0.0,14,6,6
2025-06-06 15:00:00,3.736,346,27.225,1003.86,0.0,15,6,6
2025-06-06 16:00:00,3.404,4,28.056,1010.184,0.0,16,6,6
2025-06-06 17:00:00,3.648,355,28.729,1006.067,0.0,17,6,6
2025-06-06 18:00:00,2.511,321,27.473,1009.204,0.0,18,6,6
2025-06-06 19:00:00,4.054,304,27.22,1003.874,19.256,19,6,6
2025-06-06 20:00:00,3.625,295,25.986,1010.15,123.304,20,6,6
2025-06-06 21:00:00,3.135,325,27.203,1006.751,73.256,21,6,6
2025-06-06 22:00:00,2.871,325,26.843,1007.235,106.806,22,6,6
2025-06-06 23:00:00,3.531,309,26.408,1006.325,0.0,23,6,6
2025-06-07 00:00:00,3.595,314,27.29,1004.381,92.834,0,7,6
2025-06-07 01:00:00,2.361,293,27.583,1005.893,12.5,1,7,6
2025-06-07 02:00:00,3.308,304,26.799,1004.57,54.351,2,7,6
2025-06-07 03:00:00,2.779,288,26.45,1008.776,25.174,3,7,6
2025-06-07 04:00:00,4.731,275,29.348,1005.289,0.0,4,7,6
2025-06-07 05:00:00,4.549,284,30.269,1001.408,52.288,5,7,6
2025-06-07 06:00:00,2.637,317,31.631,1000.859,26.671,6,7,6
2025-06-07 07:00:00,5.536,359,29.797,1000.718,0.0,7,7,6
2025-06-07 08:00:00,1.481,342,30.28,1007.752,0.0,8,7,6
2025-06-07 09:00:00,3.396,333,32.185,1002.443,48.189,9,7,6
2025-06-07 10:00:00,2.532,344,31.613,1006.798,15.258,10,7,6
2025-06-07 11:00:00,5.234,6,29.297,1006.307,62.939,11,7,6
2025-06-07 12:00:00,4.219,330,31.676,1005.704,0.0,12,7,6
2025-06-07 13:00:00,2.637,334,28.498,1007.213,14.092,13,7,6
2025-06-07 14:00:00,2.652,327,28.943,1006.373,0.0,14,7,6
2025-06-07 15:00:00,2.04,294,30.963,997.769,0.0,15,7,6
2025-06-07 16:00:00,2.192,272,30.75,1004.927,0.0,16,7,6
2025-06-07 17:00:00,2.086,264,26.331,1007.173,50.317,17,7,6
2025-06-07 18:00:00,1.438,267,26.685,1010.819,19.001,18,7,6
2025-06-07 19:00:00,2.283,287,26.534,1010.957,13.45,19,7,6
2025-06-07 20:00:00,2.594,295,28.173,1001.808,112.793,20,7,6
2025-06-07 21:00:00,1.02,314,25.179,1004.849,26.059,21,7,6
2025-06-07 22:00:00,0.0,316,25.133,1001.199,66.027,22,7,6
2025-06-07 23:00:00,1.617,305,27.702,1010.457,15.011,23,7,6
2025-06-08 00:00:00,2.4,304,25.698,1008.905,0.0,0,8,6
2025-06-08 01:00:00,2.932,318,27.519,1006.918,0.0,1,8,6
2025-06-08 02:00:00,2.977,338,25.523,1006.365,13.276,2,8,6
2025-06-08 03:00:00,4.269,337,27.827,1010.008,0.0,3,8,6
2025-06-08 04:00:00,4.145,322,26.822,1009.501,20.203,4,8,6
2025-06-08 05:00:00,6.168,330,28.317,1009.341,126.905,5,8,6
2025-06-08 06:00:00,7.435,340,31.3,1007.237,282.585,6,8,6
2025-06-08 07:00:00,2.378,3,30.831,1004.819,0.0,7,8,6
2025-06-08 08:00:00,0.337,354,30.955,1008.168,0.0,8,8,6
2025-06-08 09:00:00,2.272,344,30.704,1008.315,76.208,9,8,6
2025-06-08 10:00:00,3.537,359,31.404,1005.295,0.0,10,8,6
2025-06-08 11:00:00,3.297,354,31.891,1004.813,0.0,11,8,6
2025-06-08 12:00:00,4.098,348,32.376,1009.266,34.416,12,8,6
2025-06-08 13:00:00,3.189,11,27.54,1010.859,6.114,13,8,6
2025-06-08 14:00:00,2.328,349,29.049,1003.618,0.0,14,8,6
2025-06-08 15:00:00,2.121,27,29.501,1005.076,0.0,15,8,6
2025-06-08 16:00:00,2.328,18,28.412,1006.919,0.0,16,8,6
2025-06-08 17:00:00,3.467,35,28.243,1007.326,74.355,17,8,6
2025-06-08 18:00:00,2.179,35,27.372,1004.299,25.825,18,8,6
2025-06-08 19:00:00,1.869,42,26.087,1011.517,0.0,19,8,6
2025-06-08 20:00:00,2.654,39,25.374,1007.133,46.884,20,8,6
2025-06-08 21:00:00,1.946,56,25.446,1007.461,1.514,21,8,6
2025-06-08 22:00:00,3.18,52,27.054,1011.143,22.104,22,8,6
2025-06-08 23:00:00,1.221,44,24.935,1004.519,8.312,23,8,6
2025-06-09 00:00:00,0.342,78,26.041,1005.571,32.438,0,9,6
2025-06-09 01:00:00,1.765,80,26.842,1002.077,0.0,1,9,6
2025-06-09 02:00:00,2.419,70,29.137,1005.319,0.0,2,9,6
2025-06-09 03:00:00,1.273,45,27.641,1001.37,49.877,3,9,6
2025-06-09 04:00:00,3.561,80,29.932,1008.08,83.341,4,9,6
2025-06-09 05:00:00,5.099,72,31.031,1007.097,0.0,5,9,6
2025-06-09 06:00:00,2.79,111,30.185,1005.005,9.861,6,9,6
2025-06-09 07:00:00,4.594,120,30.607,1005.535,0.0,7,9,6
2025-06-09 08:00:00,0.831,124,30.911,1008.121,48.586,8,9,6
2025-06-09 09:00:00,3.667,129,31.265,1002.429,14.513,9,9,6
2025-06-09 10:00:00,2.412,171,32.662,1006.449,183.011,10,9,6
2025-06-09 11:00:00,4.131,133,31.775,1007.935,0.0,11,9,6
2025-06-09 12:00:00,2.443,139,31.447,1000.49,84.551,12,9,6
2025-06-09 13:00:00,2.873,136,29.309,1007.891,89.905,13,9,6
2025-06-09 14:00:00,2.081,134,28.855,1000.814,29.348,14,9,6
2025-06-09 15:00:00,2.408,138,31.851,1005.484,2.04,15,9,6
2025-06-09 16:00:00,4.745,135,28.285,1002.346,22.343,16,9,6
2025-06-09 17:00:00,3.145,140,26.798,1010.13,0.571,17,9,6
2025-06-09 18:00:00,5.05,141,28.737,1002.365,90.158,18,9,6
2025-06-09 19:00:00,2.677,119,26.759,1000.886,0.0,19,9,6
2025-06-09 20:00:00,3.965,128,26.668,1006.237,0.0,20,9,6
2025-06-09 21:00:00,0.718,143,25.544,1004.595,0.0,21,9,6
2025-06-09 22:00:00,1.157,135,25.261,1001.323,0.0,22,9,6
2025-06-09 23:00:00,0.995,170,25.579,1007.414,47.24,23,9,6
2025-06-10 00:00:00,3.334,196,24.424,999.833,58.586,0,10,6
2025-06-10 01:00:00,2.585,213,26.483,1002.699,0.0,1,10,6
2025-06-10 02:00:00,0.0,230,27.587,1004.082,56.657,2,10,6
2025-06-10 03:00:00,0.0,232,30.189,1008.214,0.0,3,10,6
2025-06-10 04:00:00,0.428,254,28.852,1009.694,1.317,4,10,6
2025-06-10 05:00:00,2.934,284,26.719,1009.116,0.0,5,10,6
2025-06-10 06:00:00,3.725,300,30.116,1005.348,6.139,6,10,6
2025-06-10 07:00:00,2.83,291,34.114,998.526,4.54,7,10,6
2025-06-10 08:00:00,2.357,292,32.313,1006.98,0.0,8,10,6
2025-06-10 09:00:00,3.737,304,30.566,1010.22,0.0,9,10,6
2025-06-10 10:00:00,2.111,321,32.314,1009.509,0.0,10,10,6
2025-06-10 11:00:00,3.426,321,30.575,1007.197,75.242,11,10,6
2025-06-10 12:00:00,3.737,312,29.507,1002.239,0.0,12,10,6
2025-06-10 13:00:00,3.045,342,30.208,1004.232,124.044,13,10,6
2025-06-10 14:00:00,3.515,324,30.093,1011.609,0.0,14,10,6
2025-06-10 15:00:00,3.224,309,27.0,1001.558,13.242,15,10,6
2025-06-10 16:00:00,3.466,287,27.087,1002.364,31.766,16,10,6
2025-06-10 17:00:00,1.309,272,27.708,1008.635,0.0,17,10,6
2025-06-10 18:00:00,2.724,296,26.497,1004.514,76.03,18,10,6
2025-06-10 19:00:00,3.536,321,26.862,1002.263,30.514,19,10,6
2025-06-10 20:00:00,2.886,321,24.484,1010.392,0.0,20,10,6
2025-06-10 21:00:00,2.918,332,26.533,1007.191,75.42,21,10,6
2025-06-10 22:00:00,2.062,333,24.19,1004.662,0.0,22,10,6
2025-06-10 23:00:00,2.919,313,27.721,1002.37,0.0,23,10,6
2025-06-11 00:00:00,2.252,355,23.99,1011.922,30.941,0,11,6
2025-06-11 01:00:00,0.691,20,25.244,1005.707,44.081,1,11,6
2025-06-11 02:00:00,2.527,28,27.699,1009.972,17.744,2,11,6
2025-06-11 03:00:00,0.402,14,29.932,1008.461,0.0,3,11,6
2025-06-11 04:00:00,2.037,12,29.093,1004.218,0.0,4,11,6
2025-06-11 05:00:00,1.928,1,30.161,1004.241,62.227,5,11,6
2025-06-11 06:00:00,1.947,4,30.216,1010.119,13.222,6,11,6
2025-06-11 07:00:00,2.786,11,29.561,1010.168,0.0,7,11,6
2025-06-11 08:00:00,2.147,6,30.651,1000.15,0.0,8,11,6
2025-06-11 09:00:00,3.423,342,30.05,1007.43,83.497,9,11,6
2025-06-11 10:00:00,3.362,21,30.036,1005.417,0.0,10,11,6
2025-06-11 11:00:00,2.584,27,31.914,1002.68,15.0,11,11,6
2025-06-11 12:00:00,4.564,37,29.75,1006.566,86.776,12,11,6
2025-06-11 13:00:00,3.853,31,30.976,1001.731,31.812,13,11,6
2025-06-11 14:00:00,4.034,4,28.387,1004.381,0.0,14,11,6
2025-06-11 15:00:00,4.893,4,29.568,1003.385,0.0,15,11,6
2025-06-11 16:00:00,5.034,0,27.846,1004.281,130.936,16,11,6
2025-06-11 17:00:00,4.007,14,29.349,1005.566,0.0,17,11,6
2025-06-11 18:00:00,2.532,32,27.341,1002.734,0.0,18,11,6
2025-06-11 19:00:00,0.638,47,27.837,1010.5,20.488,19,11,6
2025-06-11 20:00:00,1.804,66,25.001,1007.26,0.0,20,11,6
2025-06-11 21:00:00,3.124,100,25.71,1011.164,31.566,21,11,6
2025-06-11 22:00:00,2.651,109,24.4,1005.3,0.0,22,11,6
2025-06-11 23:00:00,0.0,130,25.219,1004.134,0.0,23,11,6
2025-06-12 00:00:00,2.221,140,25.699,1011.029,37.273,0,12,6
2025-06-12 01:00:00,3.061,107,25.648,1004.02,37.46,1,12,6
2025-06-12 02:00:00,1.994,106,25.704,1005.219,0.0,2,12,6
2025-06-12 03:00:00,3.234,92,26.203,1007.914,0.0,3,12,6
2025-06-12 04:00:00,3.341,98,25.872,1002.041,11.881,4,12,6
2025-06-12 05:00:00,1.993,85,28.183,1007.888,0.0,5,12,6
2025-06-12 06:00:00,3.935,97,30.912,1007.504,73.251,6,12,6
2025-06-12 07:00:00,1.764,116,28.839,1009.562,8.657,7,12,6
2025-06-12 08:00:00,2.554,139,29.562,1008.424,0.0,8,12,6
2025-06-12 09:00:00,2.775,170,33.618,1009.654,0.0,9,12,6
2025-06-12 10:00:00,2.127,141,30.771,1005.423,0.0,10,12,6
2025-06-12 11:00:00,3.232,121,31.781,1003.166,0.0,11,12,6
2025-06-12 12:00:00,4.731,175,31.833,1012.084,44.616,12,12,6
2025-06-12 13:00:00,5.095,195,31.352,1001.174,0.0,13,12,6
2025-06-12 14:00:00,4.532,201,28.087,1001.474,34.067,14,12,6
2025-06-12 15:00:00,1.464,203,28.9,1007.449,29.565,15,12,6
2025-06-12 16:00:00,0.765,203,26.455,1010.629,53.13,16,12,6
2025-06-12 17:00:00,2.138,170,30.561,1006.323,13.852,17,12,6
2025-06-12 18:00:00,2.224,158,25.003,1008.752,61.888,18,12,6
2025-06-12 19:00:00,1.599,157,25.062,999.767,76.236,19,12,6
2025-06-12 20:00:00,4.058,146,24.623,1004.255,18.108,20,12,6
2025-06-12 21:00:00,2.707,137,23.811,1000.132,17.519,21,12,6
2025-06-12 22:00:00,2.721,185,27.165,1008.095,0.0,22,12,6
2025-06-12 23:00:00,3.222,182,28.587,1001.112,0.0,23,12,6
2025-06-13 00:00:00,2.317,188,25.406,1001.896,70.514,0,13,6
2025-06-13 01:00:00,4.99,194,24.898,1007.271,60.323,1,13,6
2025-06-13 02:00:00,1.873,206,24.441,1008.914,37.776,2,13,6
2025-06-13 03:00:00,1.35,199,27.57,1005.252,0.0,3,13,6
2025-06-13 04:00:00,0.913,223,28.263,1007.44,89.316,4,13,6
2025-06-13 05:00:00,3.781,232,28.632,1007.342,0.0,5,13,6
2025-06-13 06:00:00,3.963,210,30.388,1005.083,0.0,6,13,6
2025-06-13 07:00:00,2.594,209,31.195,1002.445,0.0,7,13,6
2025-06-13 08:00:00,1.885,207,31.555,1007.424,86.416,8,13,6
2025-06-13 09:00:00,4.32,204,31.053,1007.568,0.0,9,13,6
2025-06-13 10:00:00,3.982,215,30.176,1008.411,0.0,10,13,6
2025-06-13 11:00:00,5.095,228,32.158,1006.665,190.817,11,13,6
2025-06-13 12:00:00,3.748,239,31.041,1002.224,53.179,12,13,6
2025-06-13 13:00:00,3.919,246,31.586,1007.8,0.0,13,13,6
2025-06-13 14:00:00,3.653,249,30.825,1005.725,0.0,14,13,6
2025-06-13 15:00:00,2.401,212,27.434,1004.281,0.0,15,13,6
2025-06-13 16:00:00,2.428,227,26.639,1004.845,5.341,16,13,6
2025-06-13 17:00:00,1.113,237,26.682,1003.658,40.041,17,13,6
2025-06-13 18:00:00,2.488,221,25.613,1008.396,83.534,18,13,6
2025-06-13 19:00:00,3.122,227,27.189,1001.475,0.0,19,13,6
2025-06-13 20:00:00,3.488,240,26.257,1002.749,0.0,20,13,6
2025-06-13 21:00:00,3.156,262,26.889,1004.743,0.0,21,13,6
2025-06-13 22:00:00,2.085,273,25.98,1010.57,153.322,22,13,6
2025-06-13 23:00:00,3.653,280,25.894,1008.892,49.709,23,13,6
2025-06-14 00:00:00,3.409,298,27.379,1000.783,20.738,0,14,6
2025-06-14 01:00:00,3.95,294,27.008,1009.759,0.0,1,14,6
2025-06-14 02:00:00,4.276,303,27.169,1009.754,0.0,2,14,6
2025-06-14 03:00:00,2.67,293,29.601,1002.183,2.137,3,14,6
2025-06-14 04:00:00,2.86,314,28.743,998.141,0.0,4,14,6
2025-06-14 05:00:00,3.494,286,29.01,1005.489,0.0,5,14,6
2025-06-14 06:00:00,1.616,302,29.079,1009.073,0.0,6,14,6
2025-06-14 07:00:00,1.152,304,31.526,1010.479,0.0,7,14,6
2025-06-14 08:00:00,0.906,323,32.614,1003.093,0.0,8,14,6
2025-06-14 09:00:00,2.275,310,31.334,1010.961,76.423,9,14,6
2025-06-14 10:00:00,2.509,313,33.029,999.021,0.0,10,14,6
2025-06-14 11:00:00,1.334,315,28.957,1004.601,0.0,11,14,6
2025-06-14 12:00:00,2.759,324,30.921,1004.454,0.0,12,14,6
2025-06-14 13:00:00,2.89,306,30.434,1009.162,38.845,13,14,6
2025-06-14 14:00:00,4.323,319,28.967,1009.6,0.0,14,14,6
2025-06-14 15:00:00,5.64,287,31.963,1008.568,117.506,15,14,6
2025-06-14 16:00:00,4.157,276,28.242,1001.654,0.0,16,14,6
2025-06-14 17:00:00,2.223,249,27.062,1008.293,0.0,17,14,6
2025-06-14 18:00:00,3.013,265,26.874,1007.232,90.37,18,14,6
2025-06-14 19:00:00,2.416,273,23.841,1000.692,0.0,19,14,6
2025-06-14 20:00:00,1.834,283,24.885,999.504,39.65,20,14,6
2025-06-14 21:00:00,0.852,311,26.712,1008.819,55.254,21,14,6
2025-06-14 22:00:00,0.941,307,24.712,1005.165,17.044,22,14,6
2025-06-14 23:00:00,1.282,319,24.611,1001.85,0.0,23,14,6
2025-06-15 00:00:00,2.528,321,27.471,1005.058,116.914,0,15,6
2025-06-15 01:00:00,2.644,321,28.013,1006.775,0.0,1,15,6
2025-06-15 02:00:00,4.272,346,27.668,1005.434,18.195,2,15,6
2025-06-15 03:00:00,3.578,24,27.239,1001.027,0.0,3,15,6
2025-06-15 04:00:00,3.185,17,28.278,1011.339,8.331,4,15,6
2025-06-15 05:00:00,2.346,33,28.371,1008.695,53.026,5,15,6
2025-06-15 06:00:00,1.361,40,28.851,1004.677,0.0,6,15,6
2025-06-15 07:00:00,1.699,47,29.39,1004.797,0.0,7,15,6
2025-06-15 08:00:00,1.762,53,30.348,1006.761,28.246,8,15,6
2025-06-15 09:00:00,0.0,48,30.113,1002.294,0.0,9,15,6
2025-06-15 10:00:00,0.984,346,29.544,1006.651,40.803,10,15,6
2025-06-15 11:00:00,4.323,14,31.545,1001.691,7.444,11,15,6
2025-06-15 12:00:00,3.969,3,31.23,1005.471,54.879,12,15,6
2025-06-15 13:00:00,2.948,0,32.484,1002.177,0.0,13,15,6
2025-06-15 14:00:00,3.429,358,28.998,1002.329,0.0,14,15,6
2025-06-15 15:00:00,0.778,345,29.418,1010.62,0.0,15,15,6
2025-06-15 16:00:00,2.371,351,28.658,1005.86,0.0,16,15,6
2025-06-15 17:00:00,3.903,351,27.207,1006.305,63.625,17,15,6
2025-06-15 18:00:00,2.663,339,27.696,999.649,0.0,18,15,6
2025-06-15 19:00:00,0.244,343,27.135,1003.892,60.352,19,15,6
2025-06-15 20:00:00,0.919,344,26.151,1007.066,23.342,20,15,6
2025-06-15 21:00:00,3.006,1,25.186,1006.265,0.0,21,15,6
2025-06-15 22:00:00,2.46,339,24.998,999.221,18.981,22,15,6
2025-06-15 23:00:00,0.337,326,23.925,1006.304,17.475,23,15,6
2025-06-16 00:00:00,4.009,340,24.892,1006.761,0.0,0,16,6
2025-06-16 01:00:00,1.084,330,25.618,1009.513,16.398,1,16,6
2025-06-16 02:00:00,1.377,315,25.659,1003.696,40.215,2,16,6
2025-06-16 03:00:00,0.661,305,28.272,998.935,0.0,3,16,6
2025-06-16 04:00:00,0.55,304,29.961,1002.671,19.041,4,16,6
2025-06-16 05:00:00,1.314,303,28.206,1002.37,0.0,5,16,6
2025-06-16 06:00:00,2.941,300,30.344,1007.872,0.0,6,16,6
2025-06-16 07:00:00,4.34,283,29.361,997.511,39.212,7,16,6
2025-06-16 08:00:00,2.967,298,30.683,1004.317,0.0,8,16,6
2025-06-16 09:00:00,1.884,323,30.486,1009.939,0.0,9,16,6
2025-06-16 10:00:00,3.294,290,32.102,1005.683,0.0,10,16,6
2025-06-16 11:00:00,3.802,263,30.426,1008.351,0.0,11,16,6
2025-06-16 12:00:00,3.642,282,32.121,1000.736,0.0,12,16,6
2025-06-16 13:00:00,3.581,311,30.107,1000.856,0.0,13,16,6
2025-06-16 14:00:00,3.036,274,28.979,1009.973,0.0,14,16,6
2025-06-16 15:00:00,2.999,290,27.518,1005.965,40.634,15,16,6
2025-06-16 16:00:00,2.546,321,28.545,1005.971,0.0,16,16,6
2025-06-16 17:00:00,3.711,307,28.545,1002.307,54.556,17,16,6
2025-06-16 18:00:00,5.292,337,27.09,1005.964,17.351,18,16,6
2025-06-16 19:00:00,3.329,335,28.851,1002.224,19.644,19,16,6
2025-06-16 20:00:00,2.376,342,27.433,1009.222,0.0,20,16,6
2025-06-16 21:00:00,2.291,330,25.083,1013.845,2.445,21,16,6
2025-06-16 22:00:00,1.163,349,25.005,1007.113,5.117,22,16,6
2025-06-16 23:00:00,2.417,4,26.089,1003.757,0.0,23,16,6
2025-06-17 00:00:00,2.457,36,24.811,998.041,0.0,0,17,6
2025-06-17 01:00:00,1.529,63,27.722,1000.588,42.137,1,17,6
2025-06-17 02:00:00,2.827,64,27.399,1010.306,87.645,2,17,6
2025-06-17 03:00:00,2.335,121,28.01,1002.554,91.257,3,17,6
2025-06-17 04:00:00,1.158,146,29.307,1004.529,0.0,4,17,6
2025-06-17 05:00:00,2.424,157,31.321,1007.608,0.0,5,17,6
2025-06-17 06:00:00,2.831,140,30.167,1010.089,0.0,6,17,6
2025-06-17 07:00:00,3.914,113,30.424,1005.043,0.0,7,17,6
2025-06-17 08:00:00,4.219,88,32.817,1004.428,2.838,8,17,6
2025-06-17 09:00:00,3.315,72,32.433,1005.857,0.0,9,17,6
2025-06-17 10:00:00,2.654,98,30.953,1003.759,0.0,10,17,6
2025-06-17 11:00:00,3.002,108,31.205,1003.92,2.747,11,17,6
2025-06-17 12:00:00,3.513,98,31.1,1006.877,0.0,12,17,6
2025-06-17 13:00:00,3.768,97,30.794,1006.198,0.0,13,17,6
2025-06-17 14:00:00,3.562,93,28.089,1012.036,0.0,14,17,6
2025-06-17 15:00:00,2.942,108,27.129,1006.958,42.908,15,17,6
2025-06-17 16:00:00,3.872,93,27.135,1009.095,59.78,16,17,6
2025-06-17 17:00:00,2.124,100,26.271,1002.428,58.919,17,17,6
2025-06-17 18:00:00,5.056,106,25.948,1007.217,9.237,18,17,6
2025-06-17 19:00:00,3.913,92,26.884,1003.473,0.0,19,17,6
2025-06-17 20:00:00,1.266,122,25.472,1006.828,0.0,20,17,6
2025-06-17 21:00:00,1.839,118,25.646,1007.707,15.819,21,17,6
2025-06-17 22:00:00,2.651,101,23.875,1005.791,0.0,22,17,6
2025-06-17 23:00:00,1.607,117,24.929,1012.864,76.645,23,17,6
2025-06-18 00:00:00,0.0,119,26.478,1009.907,0.0,0,18,6
2025-06-18 01:00:00,0.01,127,26.993,1009.155,27.51,1,18,6
2025-06-18 02:00:00,1.911,107,26.052,1007.916,0.0,2,18,6
2025-06-18 03:00:00,0.0,123,27.853,1010.913,0.0,3,18,6
2025-06-18 04:00:00,0.0,163,31.078,1001.312,0.0,4,18,6
2025-06-18 05:00:00,2.251,141,29.189,1009.734,56.165,5,18,6
2025-06-18 06:00:00,2.236,148,29.087,1002.649,0.0,6,18,6
2025-06-18 07:00:00,1.806,135,30.308,1003.93,31.422,7,18,6
2025-06-18 08:00:00,2.0,184,31.074,1007.307,3.488,8,18,6
2025-06-18 09:00:00,1.019,207,31.048,1009.323,25.766,9,18,6
2025-06-18 10:00:00,3.0,213,31.257,1002.162,0.0,10,18,6
2025-06-18 11:00:00,2.173,192,29.424,1004.085,0.0,11,18,6
2025-06-18 12:00:00,2.2,175,29.667,1005.916,0.0,12,18,6
2025-06-18 13:00:00,3.174,189,30.137,1005.064,22.327,13,18,6
2025-06-18 14:00:00,2.717,165,29.475,1008.185,23.767,14,18,6
2025-06-18 15:00:00,1.952,142,28.257,1015.931,154.629,15,18,6
2025-06-18 16:00:00,0.107,143,27.944,1006.881,92.488,16,18,6
2025-06-18 17:00:00,2.091,146,27.459,1003.417,0.0,17,18,6
2025-06-18 18:00:00,2.274,154,27.744,1001.734,0.0,18,18,6
2025-06-18 19:00:00,1.528,147,25.96,1004.647,0.0,19,18,6
2025-06-18 20:00:00,0.586,164,26.111,1002.802,70.407,20,18,6
2025-06-18 21:00:00,1.41,149,24.717,1007.026,0.0,21,18,6
2025-06-18 22:00:00,2.165,161,25.988,1006.979,25.536,22,18,6
2025-06-18 23:00:00,1.953,166,25.891,1004.234,0.0,23,18,6
2025-06-19 00:00:00,3.662,178,26.768,1011.561,0.0,0,19,6
2025-06-19 01:00:00,3.192,200,27.09,1003.399,115.1,1,19,6
2025-06-19 02:00:00,2.184,193,27.584,1005.247,2.763,2,19,6
2025-06-19 03:00:00,2.933,182,27.496,1007.523,0.0,3,19,6
2025-06-19 04:00:00,2.501,152,28.689,1008.282,13.358,4,19,6
2025-06-19 05:00:00,2.486,116,30.442,1009.438,0.0,5,19,6
2025-06-19 06:00:00,4.048,114,29.092,1006.891,0.0,6,19,6
2025-06-19 07:00:00,2.15,113,29.718,1008.758,0.0,7,19,6
2025-06-19 08:00:00,2.697,94,31.137,1003.61,0.0,8,19,6
2025-06-19 09:00:00,4.294,79,31.683,1008.36,0.0,9,19,6
2025-06-19 10:00:00,3.848,107,30.261,1008.32,63.605,10,19,6
2025-06-19 11:00:00,2.941,124,31.021,1010.144,25.523,11,19,6
2025-06-19 12:00:00,1.092,102,30.665,1000.6,35.119,12,19,6
2025-06-19 13:00:00,0.0,95,27.614,1002.884,0.0,13,19,6
2025-06-19 14:00:00,4.361,103,29.365,1008.075,53.393,14,19,6
2025-06-19 15:00:00,3.639,93,28.703,997.652,0.0,15,19,6
2025-06-19 16:00:00,2.259,79,27.919,1007.082,0.0,16,19,6
2025-06-19 17:00:00,2.757,74,29.04,1008.785,22.418,17,19,6
2025-06-19 18:00:00,1.299,94,25.173,1003.877,0.0,18,19,6
2025-06-19 19:00:00,1.416,116,25.045,1004.315,0.0,19,19,6
2025-06-19 20:00:00,0.65,104,22.453,1002.383,0.0,20,19,6
2025-06-19 21:00:00,0.0,113,24.745,1004.041,68.94,21,19,6
2025-06-19 22:00:00,0.0,114,24.782,1004.128,71.805,22,19,6
2025-06-19 23:00:00,0.0,97,24.783,1003.557,0.0,23,19,6
2025-06-20 00:00:00,2.309,92,27.012,1003.377,0.0,0,20,6
2025-06-20 01:00:00,0.798,70,27.221,1004.777,0.0,1,20,6
2025-06-20 02:00:00,2.136,92,26.925,1004.74,0.0,2,20,6
2025-06-20 03:00:00,3.158,121,27.124,1011.212,45.759,3,20,6
2025-06-20 04:00:00,2.527,114,29.58,1004.407,50.627,4,20,6
2025-06-20 05:00:00,2.088,103,29.096,1006.622,0.0,5,20,6
2025-06-20 06:00:00,2.571,123,28.846,1003.859,0.0,6,20,6
2025-06-20 07:00:00,2.214,146,28.367,1003.821,0.0,7,20,6
2025-06-20 08:00:00,4.065,127,30.344,1000.477,11.228,8,20,6
2025-06-20 09:00:00,5.517,125,32.044,1000.876,47.921,9,20,6
2025-06-20 10:00:00,5.546,125,33.936,1001.969,95.4,10,20,6
2025-06-20 11:00:00,1.431,112,31.139,1006.141,27.342,11,20,6
2025-06-20 12:00:00,2.052,120,29.813,1008.818,33.561,12,20,6
2025-06-20 13:00:00,2.711,108,28.804,1000.23,0.0,13,20,6
2025-06-20 14:00:00,3.374,99,30.245,1003.942,0.0,14,20,6
2025-06-20 15:00:00,0.967,98,26.729,1001.489,52.189,15,20,6
2025-06-20 16:00:00,0.05,72,28.726,1004.797,0.0,16,20,6
2025-06-20 17:00:00,3.132,36,28.276,1008.817,0.0,17,20,6
2025-06-20 18:00:00,1.857,53,27.11,1004.249,44.439,18,20,6
2025-06-20 19:00:00,0.256,40,25.725,1005.447,0.0,19,20,6
2025-06-20 20:00:00,0.077,79,26.219,1009.955,58.445,20,20,6
2025-06-20 21:00:00,1.658,115,25.481,1006.963,0.0,21,20,6
2025-06-20 22:00:00,0.726,107,24.277,1003.309,0.0,22,20,6
2025-06-20 23:00:00,1.631,150,27.57,1006.066,74.975,23,20,6
2025-06-21 00:00:00,0.527,167,25.214,1003.092,0.0,0,21,6
2025-06-21 01:00:00,0.0,156,27.072,1006.836,78.882,1,21,6
2025-06-21 02:00:00,2.891,110,23.882,1007.121,0.0,2,21,6
2025-06-21 03:00:00,2.75,123,29.053,1001.473,8.93,3,21,6
2025-06-21 04:00:00,1.981,124,30.064,1006.1,9.45,4,21,6
2025-06-21 05:00:00,1.645,132,29.108,1005.222,0.0,5,21,6
2025-06-21 06:00:00,3.948,128,30.452,1007.209,0.0,6,21,6
2025-06-21 07:00:00,3.81,108,31.049,1008.069,0.0,7,21,6
2025-06-21 08:00:00,4.506,101,30.055,1007.007,0.0,8,21,6
2025-06-21 09:00:00,2.82,114,31.748,1004.665,107.908,9,21,6
2025-06-21 10:00:00,3.053,108,30.187,1008.375,0.0,10,21,6
2025-06-21 11:00:00,3.549,102,30.288,1002.956,64.268,11,21,6
2025-06-21 12:00:00,2.598,75,32.037,1001.613,56.495,12,21,6
2025-06-21 13:00:00,2.763,77,31.349,995.989,19.961,13,21,6
2025-06-21 14:00:00,2.177,58,28.688,1005.365,0.0,14,21,6
2025-06-21 15:00:00,3.014,75,27.919,1003.11,10.658,15,21,6
2025-06-21 16:00:00,1.188,62,27.244,1006.768,31.469,16,21,6
2025-06-21 17:00:00,2.645,57,28.127,999.661,5.526,17,21,6
2025-06-21 18:00:00,2.689,97,25.339,1003.633,0.0,18,21,6
2025-06-21 19:00:00,1.992,92,26.369,1006.986,0.0,19,21,6
2025-06-21 20:00:00,2.415,85,26.39,1002.485,82.994,20,21,6
2025-06-21 21:00:00,1.537,96,25.123,1006.803,0.0,21,21,6
2025-06-21 22:00:00,0.852,64,26.376,1003.904,10.763,22,21,6
2025-06-21 23:00:00,2.009,87,24.937,1005.477,0.0,23,21,6
2025-06-22 00:00:00,2.44,105,25.331,1007.347,8.844,0,22,6
2025-06-22 01:00:00,1.371,115,24.92,1008.42,0.0,1,22,6
2025-06-22 02:00:00,1.004,55,27.957,1005.839,19.287,2,22,6
2025-06-22 03:00:00,1.46,51,26.553,1003.12,11.331,3,22,6
2025-06-22 04:00:00,1.302,29,28.673,1004.187,151.856,4,22,6
2025-06-22 05:00:00,3.768,50,28.939,1007.472,8.623,5,22,6
2025-06-22 06:00:00,3.305,69,28.469,1002.498,74.244,6,22,6
2025-06-22 07:00:00,2.927,76,29.6,1005.027,0.0,7,22,6
2025-06-22 08:00:00,1.818,55,32.437,1004.404,56.105,8,22,6
2025-06-22 09:00:00,3.46,82,31.285,1005.251,12.754,9,22,6
2025-06-22 10:00:00,2.488,78,29.898,1002.534,14.836,10,22,6
2025-06-22 11:00:00,2.143,111,31.336,1000.006,15.596,11,22,6
2025-06-22 12:00:00,3.653,116,30.461,1007.124,94.745,12,22,6
2025-06-22 13:00:00,3.65,126,34.276,1008.454,14.91,13,22,6
2025-06-22 14:00:00,0.246,118,29.83,1000.185,0.0,14,22,6
2025-06-22 15:00:00,1.738,144,28.294,1006.668,0.0,15,22,6
2025-06-22 16:00:00,2.428,155,29.674,1008.811,44.942,16,22,6
2025-06-22 17:00:00,1.988,181,24.99,1007.349,24.61,17,22,6
2025-06-22 18:00:00,2.293,185,26.604,1004.312,0.0,18,22,6
2025-06-22 19:00:00,0.006,185,28.286,1002.731,28.305,19,22,6
2025-06-22 20:00:00,0.0,196,25.306,1005.804,0.0,20,22,6
2025-06-22 21:00:00,0.042,222,23.101,1006.305,24.104,21,22,6
2025-06-22 22:00:00,1.452,241,24.64,1005.849,0.0,22,22,6
2025-06-22 23:00:00,0.0,244,26.999,1005.021,0.0,23,22,6
2025-06-23 00:00:00,0.134,211,25.989,1002.301,0.0,0,23,6
2025-06-23 01:00:00,0.0,226,25.037,1006.818,83.54,1,23,6
2025-06-23 02:00:00,0.953,200,25.864,1006.962,22.102,2,23,6
2025-06-23 03:00:00,3.895,201,26.752,1006.152,71.809,3,23,6
2025-06-23 04:00:00,2.466,199,28.637,1005.882,159.237,4,23,6
2025-06-23 05:00:00,2.257,174,30.58,1010.587,2.574,5,23,6
2025-06-23 06:00:00,3.407,181,30.946,1003.676,82.832,6,23,6
2025-06-23 07:00:00,2.958,220,30.829,1009.394,0.0,7,23,6
2025-06-23 08:00:00,2.643,215,29.13,1003.347,69.018,8,23,6
2025-06-23 09:00:00,3.933,229,29.4,1008.876,0.0,9,23,6
2025-06-23 10:00:00,3.877,272,31.699,1009.25,1.332,10,23,6
2025-06-23 11:00:00,3.665,288,29.306,1004.67,30.545,11,23,6
2025-06-23 12:00:00,3.088,277,30.316,1010.532,38.185,12,23,6
2025-06-23 13:00:00,2.613,282,30.446,1006.957,0.0,13,23,6
2025-06-23 14:00:00,3.833,291,28.073,1002.918,0.0,14,23,6
2025-06-23 15:00:00,2.685,317,27.472,1004.427,33.63,15,23,6
2025-06-23 16:00:00,3.996,339,27.808,1008.948,0.0,16,23,6
2025-06-23 17:00:00,1.672,290,27.754,1008.319,0.0,17,23,6
2025-06-23 18:00:00,3.645,275,27.715,1002.375,0.0,18,23,6
2025-06-23 19:00:00,3.058,274,26.572,1005.132,0.0,19,23,6
2025-06-23 20:00:00,1.109,256,25.485,1006.16,9.73,20,23,6
2025-06-23 21:00:00,2.098,190,24.236,1004.027,29.108,21,23,6
2025-06-23 22:00:00,1.036,177,23.781,1012.623,25.611,22,23,6
2025-06-23 23:00:00,1.461,177,24.591,1006.25,0.0,23,23,6
2025-06-24 00:00:00,1.007,168,25.979,1005.353,0.0,0,24,6
2025-06-24 01:00:00,1.317,150,26.397,1009.111,51.028,1,24,6
2025-06-24 02:00:00,2.731,151,24.116,1004.443,0.0,2,24,6
2025-06-24 03:00:00,2.805,157,26.43,1008.561,0.0,3,24,6
2025-06-24 04:00:00,1.058,149,29.599,1000.535,0.0,4,24,6
2025-06-24 05:00:00,0.686,174,29.019,1004.178,0.0,5,24,6
2025-06-24 06:00:00,2.234,175,27.932,1008.686,18.99,6,24,6
2025-06-24 07:00:00,2.938,160,33.058,1010.249,0.0,7,24,6
2025-06-24 08:00:00,2.098,140,30.643,1003.219,0.0,8,24,6
2025-06-24 09:00:00,4.51,136,31.404,1002.869,0.0,9,24,6
2025-06-24 10:00:00,4.447,156,31.488,1007.241,53.275,10,24,6
2025-06-24 11:00:00,2.788,141,30.428,1003.67,0.0,11,24,6
2025-06-24 12:00:00,2.123,152,29.663,1004.733,0.0,12,24,6
2025-06-24 13:00:00,2.426,154,32.576,1008.168,39.482,13,24,6
2025-06-24 14:00:00,2.326,190,30.591,1003.906,10.33,14,24,6
2025-06-24 15:00:00,4.018,197,29.637,999.642,0.0,15,24,6
2025-06-24 16:00:00,4.134,185,28.562,1001.635,23.898,16,24,6
2025-06-24 17:00:00,2.951,199,25.895,1005.569,57.034,17,24,6
2025-06-24 18:00:00,3.18,213,27.924,999.948,0.0,18,24,6
2025-06-24 19:00:00,3.301,206,24.781,1004.647,0.0,19,24,6
2025-06-24 20:00:00,2.358,185,25.686,1001.362,63.125,20,24,6
2025-06-24 21:00:00,2.37,195,23.113,1010.458,22.015,21,24,6
2025-06-24 22:00:00,2.545,196,22.566,1012.034,0.0,22,24,6
2025-06-24 23:00:00,2.462,169,25.536,1002.364,0.0,23,24,6
2025-06-25 00:00:00,0.986,174,24.464,1006.299,0.0,0,25,6
2025-06-25 01:00:00,0.673,163,23.554,1002.648,0.0,1,25,6
2025-06-25 02:00:00,1.098,136,27.233,1004.601,0.0,2,25,6
2025-06-25 03:00:00,0.857,130,29.865,1010.94,0.0,3,25,6
2025-06-25 04:00:00,0.017,153,29.769,1004.129,0.0,4,25,6
2025-06-25 05:00:00,2.345,175,28.563,1004.671,0.0,5,25,6
2025-06-25 06:00:00,2.848,192,29.591,1002.702,40.679,6,25,6
2025-06-25 07:00:00,1.192,197,31.244,1008.968,14.056,7,25,6
2025-06-25 08:00:00,2.021,208,31.972,995.739,0.0,8,25,6
2025-06-25 09:00:00,2.433,210,30.479,1004.201,0.0,9,25,6
2025-06-25 10:00:00,3.037,190,30.997,1005.392,0.0,10,25,6
2025-06-25 11:00:00,1.797,174,31.178,1003.546,0.0,11,25,6
2025-06-25 12:00:00,1.065,163,31.149,1008.12,32.123,12,25,6
2025-06-25 13:00:00,2.933,188,29.819,1009.135,0.0,13,25,6
2025-06-25 14:00:00,1.098,208,29.191,1001.293,80.214,14,25,6
2025-06-25 15:00:00,1.897,189,30.254,1011.81,32.162,15,25,6
2025-06-25 16:00:00,1.93,190,29.27,1001.259,0.0,16,25,6
2025-06-25 17:00:00,2.045,183,27.62,1009.395,4.694,17,25,6
2025-06-25 18:00:00,2.387,180,28.402,1005.979,57.241,18,25,6
2025-06-25 19:00:00,3.926,171,25.277,1004.018,24.033,19,25,6
2025-06-25 20:00:00,0.644,196,27.241,1004.301,0.0,20,25,6
2025-06-25 21:00:00,2.35,196,25.679,1005.429,0.0,21,25,6
2025-06-25 22:00:00,0.0,200,28.888,1006.154,9.808,22,25,6
2025-06-25 23:00:00,2.669,204,23.671,1002.769,42.327,23,25,6
2025-06-26 00:00:00,0.0,186,24.555,1004.819,0.0,0,26,6
2025-06-26 01:00:00,3.925,188,26.39,1003.209,0.0,1,26,6
2025-06-26 02:00:00,2.025,207,27.007,1001.876,90.122,2,26,6
2025-06-26 03:00:00,3.444,234,29.608,1003.069,2.112,3,26,6
2025-06-26 04:00:00,3.786,213,27.246,1002.071,85.688,4,26,6
2025-06-26 05:00:00,2.277,186,29.905,1004.261,164.208,5,26,6
2025-06-26 06:00:00,2.004,187,30.922,1006.818,0.0,6,26,6
2025-06-26 07:00:00,1.486,207,30.971,1005.883,0.0,7,26,6
2025-06-26 08:00:00,3.289,214,29.419,1011.444,0.0,8,26,6
2025-06-26 09:00:00,2.559,226,32.527,998.89,60.445,9,26,6
2025-06-26 10:00:00,1.917,202,32.378,1006.929,68.139,10,26,6
2025-06-26 11:00:00,3.286,192,31.484,1005.54,125.037,11,26,6
2025-06-26 12:00:00,2.063,153,30.676,1007.968,0.0,12,26,6
2025-06-26 13:00:00,2.27,151,30.197,1007.67,26.843,13,26,6
2025-06-26 14:00:00,2.76,112,29.188,1005.026,0.0,14,26,6
2025-06-26 15:00:00,1.955,136,29.314,1006.039,0.0,15,26,6
2025-06-26 16:00:00,1.748,164,27.802,1003.289,0.0,16,26,6
2025-06-26 17:00:00,3.883,167,25.976,1007.362,0.0,17,26,6
2025-06-26 18:00:00,2.447,140,25.027,999.884,35.385,18,26,6
2025-06-26 19:00:00,1.683,147,24.785,1007.852,0.0,19,26,6
2025-06-26 20:00:00,1.546,181,25.507,1005.452,0.0,20,26,6
2025-06-26 21:00:00,2.146,190,24.943,1004.06,14.722,21,26,6
2025-06-26 22:00:00,0.58,211,25.168,1004.823,20.48,22,26,6
2025-06-26 23:00:00,1.736,202,25.65,1005.043,0.0,23,26,6
2025-06-27 00:00:00,1.92,186,24.575,1009.406,102.704,0,27,6
2025-06-27 01:00:00,0.0,185,27.592,1015.215,86.32,1,27,6
2025-06-27 02:00:00,3.255,150,26.155,1009.174,0.0,2,27,6
2025-06-27 03:00:00,4.029,191,26.693,1003.818,92.193,3,27,6
2025-06-27 04:00:00,1.798,193,28.573,1007.404,96.921,4,27,6
2025-06-27 05:00:00,0.834,209,26.561,1007.534,0.0,5,27,6
2025-06-27 06:00:00,2.202,201,28.525,1002.739,2.497,6,27,6
2025-06-27 07:00:00,0.863,173,31.249,1001.732,0.0,7,27,6
2025-06-27 08:00:00,3.74,199,28.433,1005.324,0.0,8,27,6
2025-06-27 09:00:00,2.644,179,32.125,1007.937,0.0,9,27,6
2025-06-27 10:00:00,4.742,185,32.662,1000.679,89.845,10,27,6
2025-06-27 11:00:00,2.625,193,30.267,1003.352,24.056,11,27,6
2025-06-27 12:00:00,2.741,194,30.727,1007.232,0.0,12,27,6
2025-06-27 13:00:00,4.316,180,31.214,1005.639,0.0,13,27,6
2025-06-27 14:00:00,2.918,177,28.668,1009.763,0.0,14,27,6
2025-06-27 15:00:00,3.048,160,29.533,1001.28,0.0,15,27,6
2025-06-27 16:00:00,3.914,175,26.905,1012.571,52.827,16,27,6
2025-06-27 17:00:00,2.17,185,26.367,1000.9,0.0,17,27,6
2025-06-27 18:00:00,0.666,185,25.272,999.427,49.594,18,27,6
2025-06-27 19:00:00,0.0,175,26.044,1005.337,10.833,19,27,6
2025-06-27 20:00:00,1.863,213,26.576,1002.111,7.856,20,27,6
2025-06-27 21:00:00,2.164,190,24.7,1005.398,56.419,21,27,6
2025-06-27 22:00:00,2.986,162,23.33,1005.293,46.385,22,27,6
2025-06-27 23:00:00,1.699,161,23.695,1004.927,0.0,23,27,6
2025-06-28 00:00:00,0.0,156,25.746,1002.982,0.0,0,28,6
2025-06-28 01:00:00,0.0,176,27.991,1006.807,0.0,1,28,6
2025-06-28 02:00:00,4.48,188,26.894,1004.557,30.512,2,28,6
2025-06-28 03:00:00,3.342,188,26.694,1008.82,75.188,3,28,6
2025-06-28 04:00:00,2.644,197,28.858,1004.968,3.579,4,28,6
2025-06-28 05:00:00,2.709,206,28.422,1002.615,93.703,5,28,6
2025-06-28 06:00:00,0.892,244,28.964,1000.446,0.0,6,28,6
2025-06-28 07:00:00,1.154,248,28.866,1004.992,0.0,7,28,6
2025-06-28 08:00:00,4.261,236,32.153,1001.701,0.0,8,28,6
2025-06-28 09:00:00,4.098,239,27.681,1001.459,0.0,9,28,6
2025-06-28 10:00:00,2.46,192,31.751,1007.091,63.767,10,28,6
2025-06-28 11:00:00,1.413,191,30.098,1000.176,0.0,11,28,6
2025-06-28 12:00:00,1.875,211,29.829,1009.745,0.0,12,28,6
2025-06-28 13:00:00,2.205,222,31.847,1005.988,63.151,13,28,6
2025-06-28 14:00:00,4.953,227,28.316,1005.377,8.475,14,28,6
2025-06-28 15:00:00,3.168,239,27.62,1002.404,59.025,15,28,6
2025-06-28 16:00:00,1.319,259,27.499,1007.802,120.873,16,28,6
2025-06-28 17:00:00,1.892,285,27.381,1005.5,4.421,17,28,6
2025-06-28 18:00:00,2.321,293,25.646,1003.45,64.291,18,28,6
2025-06-28 19:00:00,0.564,287,23.689,1006.108,133.053,19,28,6
2025-06-28 20:00:00,1.827,245,24.092,1000.46,22.115,20,28,6
2025-06-28 21:00:00,3.086,262,26.403,1000.603,0.0,21,28,6
2025-06-28 22:00:00,2.213,271,24.89,1002.148,49.636,22,28,6
2025-06-28 23:00:00,0.837,274,25.48,1006.557,65.132,23,28,6
2025-06-29 00:00:00,0.707,261,24.902,1005.495,0.0,0,29,6
2025-06-29 01:00:00,0.0,278,24.93,1008.652,0.0,1,29,6
2025-06-29 02:00:00,1.018,273,28.378,1002.745,94.457,2,29,6
2025-06-29 03:00:00,1.962,272,26.876,1007.229,0.0,3,29,6
2025-06-29 04:00:00,0.999,271,27.35,1005.163,65.655,4,29,6
2025-06-29 05:00:00,4.077,279,29.968,1002.675,18.745,5,29,6
2025-06-29 06:00:00,3.882,258,28.494,1006.661,102.878,6,29,6
2025-06-29 07:00:00,0.966,268,29.246,1005.307,0.0,7,29,6
2025-06-29 08:00:00,0.147,255,30.419,1003.617,0.0,8,29,6
2025-06-29 09:00:00,0.867,242,30.672,1005.631,46.997,9,29,6
2025-06-29 10:00:00,4.091,258,31.049,1005.116,0.0,10,29,6
2025-06-29 11:00:00,4.367,240,33.108,1005.044,15.122,11,29,6
2025-06-29 12:00:00,5.283,256,30.668,1004.267,126.08,12,29,6
2025-06-29 13:00:00,3.674,258,26.906,1001.59,0.0,13,29,6
2025-06-29 14:00:00,2.822,228,29.508,1005.729,22.118,14,29,6
2025-06-29 15:00:00,1.249,252,28.425,1003.096,66.646,15,29,6
2025-06-29 16:00:00,2.457,257,27.651,1002.444,0.0,16,29,6
2025-06-29 17:00:00,2.093,264,27.123,1004.782,0.0,17,29,6
2025-06-29 18:00:00,1.802,282,26.085,1007.707,0.0,18,29,6
2025-06-29 19:00:00,3.72,309,25.458,1006.061,0.0,19,29,6
2025-06-29 20:00:00,2.232,312,25.81,1003.911,3.804,20,29,6
2025-06-29 21:00:00,3.347,323,24.159,1003.791,0.0,21,29,6
2025-06-29 22:00:00,0.302,329,23.606,1007.412,0.0,22,29,6
2025-06-29 23:00:00,4.217,323,28.511,998.314,31.692,23,29,6
2025-06-30 00:00:00,1.972,294,24.299,1007.894,86.851,0,30,6
2025-06-30 01:00:00,2.536,298,25.784,999.88,18.03,1,30,6
2025-06-30 02:00:00,2.981,322,24.512,1001.256,73.902,2,30,6
2025-06-30 03:00:00,1.659,332,27.184,1003.959,86.835,3,30,6
2025-06-30 04:00:00,2.864,312,26.704,1012.012,0.0,4,30,6
2025-06-30 05:00:00,3.442,331,28.064,1010.534,15.416,5,30,6
2025-06-30 06:00:00,1.936,325,30.558,1007.621,0.0,6,30,6
2025-06-30 07:00:00,1.581,287,30.468,1006.571,0.0,7,30,6
2025-06-30 08:00:00,2.427,305,31.031,999.915,19.567,8,30,6
2025-06-30 09:00:00,2.595,288,28.488,1005.972,0.0,9,30,6
2025-06-30 10:00:00,4.434,320,32.884,1003.854,36.567,10,30,6
2025-06-30 11:00:00,4.252,340,29.11,1003.052,0.0,11,30,6
2025-06-30 12:00:00,3.288,336,32.041,1005.966,9.485,12,30,6
2025-06-30 13:00:00,3.704,344,30.927,1004.088,0.0,13,30,6
2025-06-30 14:00:00,0.709,26,29.751,1008.11,37.063,14,30,6
2025-06-30 15:00:00,1.282,44,27.296,999.694,0.0,15,30,6
2025-06-30 16:00:00,2.387,48,27.723,1005.727,0.0,16,30,6
2025-06-30 17:00:00,3.569,100,26.205,1002.864,62.549,17,30,6
2025-06-30 18:00:00,2.771,102,26.097,1004.273,0.0,18,30,6
2025-06-30 19:00:00,3.84,112,25.164,1006.416,8.029,19,30,6
2025-06-30 20:00:00,3.405,95,22.57,1002.15,0.0,20,30,6
2025-06-30 21:00:00,1.626,65,26.098,1005.994,27.907,21,30,6
2025-06-30 22:00:00,1.4,59,24.589,1004.865,57.362,22,30,6
2025-06-30 23:00:00,1.941,59,24.243,1003.52,45.96,23,30,6
2025-07-01 00:00:00,1.138,64,24.427,1004.089,0.0,0,1,7
2025-07-01 01:00:00,3.204,38,26.035,1005.037,66.526,1,1,7
2025-07-01 02:00:00,0.916,49,25.176,1003.197,0.0,2,1,7
2025-07-01 03:00:00,1.916,34,24.279,1005.522,0.0,3,1,7
2025-07-01 04:00:00,2.842,45,28.254,1004.666,0.0,4,1,7
2025-07-01 05:00:00,2.063,61,29.159,1003.666,57.574,5,1,7
2025-07-01 06:00:00,1.68,53,29.005,1010.27,0.0,6,1,7
2025-07-01 07:00:00,2.208,35,28.466,1006.746,49.032,7,1,7
2025-07-01 08:00:00,3.502,62,30.397,1004.352,0.0,8,1,7
2025-07-01 09:00:00,2.492,77,28.798,1005.938,0.0,9,1,7
2025-07-01 10:00:00,1.559,79,29.388,1002.42,60.379,10,1,7
2025-07-01 11:00:00,3.827,105,29.581,1004.19,0.0,11,1,7
2025-07-01 12:00:00,3.68,106,31.161,1004.54,126.714,12,1,7
2025-07-01 13:00:00,4.283,94,29.208,1001.76,0.0,13,1,7
2025-07-01 14:00:00,4.114,76,28.462,1006.662,12.703,14,1,7
2025-07-01 15:00:00,5.591,74,30.609,1003.983,140.192,15,1,7
2025-07-01 16:00:00,4.725,87,27.905,1004.434,26.14,16,1,7
2025-07-01 17:00:00,2.201,112,27.119,1003.794,65.388,17,1,7
2025-07-01 18:00:00,2.629,112,25.559,1014.378,0.0,18,1,7
2025-07-01 19:00:00,1.466,133,24.689,1003.512,0.0,19,1,7
2025-07-01 20:00:00,1.106,129,22.334,999.294,21.82,20,1,7
2025-07-01 21:00:00,0.0,114,25.855,1000.7,59.478,21,1,7
2025-07-01 22:00:00,0.696,90,25.165,1007.778,42.333,22,1,7
2025-07-01 23:00:00,1.861,80,24.551,1009.51,37.182,23,1,7
2025-07-02 00:00:00,1.543,57,24.875,1003.455,58.358,0,2,7
2025-07-02 01:00:00,0.301,93,26.429,1009.337,26.126,1,2,7
2025-07-02 02:00:00,0.0,100,24.323,1007.725,0.0,2,2,7
2025-07-02 03:00:00,3.675,98,26.218,1004.932,80.314,3,2,7
2025-07-02 04:00:00,2.93,128,26.342,1004.719,0.0,4,2,7
2025-07-02 05:00:00,1.496,104,30.602,1006.043,17.249,5,2,7
2025-07-02 06:00:00,2.638,101,30.236,1008.132,9.955,6,2,7
2025-07-02 07:00:00,5.113,136,27.14,1006.692,33.521,7,2,7
2025-07-02 08:00:00,4.214,133,28.414,1003.47,0.0,8,2,7
2025-07-02 09:00:00,0.083,177,30.337,1004.977,0.0,9,2,7
2025-07-02 10:00:00,5.049,191,29.994,1011.444,0.0,10,2,7
2025-07-02 11:00:00,1.498,214,28.833,1006.254,45.443,11,2,7
2025-07-02 12:00:00,2.22,237,32.422,1008.108,0.0,12,2,7
2025-07-02 13:00:00,1.339,236,29.958,1007.12,0.0,13,2,7
2025-07-02 14:00:00,1.427,227,29.51,1006.32,22.993,14,2,7
2025-07-02 15:00:00,2.531,224,27.373,1005.826,0.0,15,2,7
2025-07-02 16:00:00,0.06,206,28.289,1008.192,0.0,16,2,7
2025-07-02 17:00:00,1.41,204,26.195,1007.656,4.5,17,2,7
2025-07-02 18:00:00,3.142,203,25.603,1006.292,15.555,18,2,7
2025-07-02 19:00:00,1.295,233,26.078,1003.419,0.0,19,2,7
2025-07-02 20:00:00,0.0,243,22.943,1006.657,7.752,20,2,7
2025-07-02 21:00:00,0.905,285,26.549,1005.299,21.937,21,2,7
2025-07-02 22:00:00,0.92,246,24.786,1004.575,0.0,22,2,7
2025-07-02 23:00:00,0.612,224,26.243,1013.536,11.816,23,2,7
2025-07-03 00:00:00,0.0,217,23.688,1000.884,0.0,0,3,7
2025-07-03 01:00:00,1.653,243,24.377,1008.377,6.815,1,3,7
2025-07-03 02:00:00,2.355,240,24.733,1002.913,39.769,2,3,7
2025-07-03 03:00:00,0.774,213,27.165,1005.895,0.0,3,3,7
2025-07-03 04:00:00,0.541,208,27.724,1013.207,50.238,4,3,7
2025-07-03 05:00:00,1.817,186,27.858,1002.614,43.495,5,3,7
2025-07-03 06:00:00,1.092,160,27.907,1003.33,49.931,6,3,7
2025-07-03 07:00:00,2.291,195,28.203,1005.449,22.171,7,3,7
2025-07-03 08:00:00,4.265,188,30.111,1002.96,67.275,8,3,7
2025-07-03 09:00:00,3.226,190,29.876,1008.153,21.219,9,3,7
2025-07-03 10:00:00,1.612,188,29.677,1003.898,0.0,10,3,7
2025-07-03 11:00:00,2.953,183,32.218,1007.463,0.0,11,3,7
2025-07-03 12:00:00,2.715,167,29.929,1001.514,0.0,12,3,7
2025-07-03 13:00:00,2.62,161,31.046,1000.081,0.0,13,3,7
2025-07-03 14:00:00,3.23,166,28.239,1004.814,19.716,14,3,7
2025-07-03 15:00:00,3.573,191,28.436,1000.796,0.0,15,3,7
2025-07-03 16:00:00,2.811,207,27.295,1010.056,110.479,16,3,7
2025-07-03 17:00:00,2.326,184,24.554,1000.912,0.0,17,3,7
2025-07-03 18:00:00,4.483,201,27.596,1002.388,10.585,18,3,7
2025-07-03 19:00:00,4.07,209,25.122,1006.742,0.0,19,3,7
2025-07-03 20:00:00,3.412,197,25.733,1003.742,0.0,20,3,7
2025-07-03 21:00:00,2.312,200,23.67,1000.946,0.0,21,3,7
2025-07-03 22:00:00,0.599,210,24.309,1011.621,1.515,22,3,7
2025-07-03 23:00:00,2.48,210,23.605,1002.496,0.0,23,3,7
2025-07-04 00:00:00,1.967,218,26.4,1004.915,91.034,0,4,7
2025-07-04 01:00:00,1.02,202,25.796,1004.876,0.0,1,4,7
2025-07-04 02:00:00,1.176,237,26.506,1007.635,0.0,2,4,7
2025-07-04 03:00:00,0.498,202,28.432,1006.891,44.841,3,4,7
2025-07-04 04:00:00,2.725,212,28.971,1003.023,0.0,4,4,7
2025-07-04 05:00:00,3.144,218,29.272,1004.526,29.674,5,4,7
2025-07-04 06:00:00,2.831,229,27.356,1004.823,0.0,6,4,7
2025-07-04 07:00:00,2.591,216,28.826,1007.751,0.0,7,4,7
2025-07-04 08:00:00,1.882,236,28.903,1001.999,6.713,8,4,7
2025-07-04 09:00:00,0.064,233,31.246,1011.558,0.0,9,4,7
2025-07-04 10:00:00,0.349,211,30.643,1003.226,0.0,10,4,7
2025-07-04 11:00:00,1.23,191,28.631,1005.478,6.702,11,4,7
2025-07-04 12:00:00,1.325,192,29.739,1002.024,11.501,12,4,7
2025-07-04 13:00:00,2.666,163,27.667,1001.609,0.0,13,4,7
2025-07-04 14:00:00,3.622,195,28.753,1002.88,0.0,14,4,7
2025-07-04 15:00:00,2.749,213,26.094,1002.592,11.914,15,4,7
2025-07-04 16:00:00,4.114,245,27.935,1004.261,0.0,16,4,7
2025-07-04 17:00:00,1.908,275,26.983,1002.567,0.0,17,4,7
2025-07-04 18:00:00,1.81,268,28.11,1007.59,29.366,18,4,7
2025-07-04 19:00:00,1.756,252,26.24,1003.155,0.0,19,4,7
2025-07-04 20:00:00,2.95,203,24.268,1002.822,0.0,20,4,7
2025-07-04 21:00:00,2.124,195,25.492,1004.325,0.0,21,4,7
2025-07-04 22:00:00,1.839,226,22.768,1008.482,0.0,22,4,7
2025-07-04 23:00:00,0.0,210,23.429,1006.148,0.0,23,4,7
2025-07-05 00:00:00,0.0,205,25.254,1005.209,111.42,0,5,7
2025-07-05 01:00:00,2.298,194,22.77,1001.208,31.118,1,5,7
2025-07-05 02:00:00,0.0,200,25.958,1002.079,0.0,2,5,7
2025-07-05 03:00:00,2.763,222,25.515,1001.672,38.897,3,5,7
2025-07-05 04:00:00,2.808,193,27.642,1009.428,0.0,4,5,7
2025-07-05 05:00:00,1.517,168,26.998,1007.099,0.0,5,5,7
2025-07-05 06:00:00,1.129,194,29.509,1002.923,0.0,6,5,7
2025-07-05 07:00:00,4.26,206,29.621,1003.814,118.006,7,5,7
2025-07-05 08:00:00,4.82,200,31.725,1003.032,0.0,8,5,7
2025-07-05 09:00:00,3.319,230,30.318,1002.85,17.359,9,5,7
2025-07-05 10:00:00,3.175,205,29.453,1006.888,0.0,10,5,7
2025-07-05 11:00:00,2.247,221,29.94,1004.645,40.636,11,5,7
2025-07-05 12:00:00,2.827,219,28.29,1011.751,16.14,12,5,7
2025-07-05 13:00:00,2.036,229,29.885,1009.259,69.0,13,5,7
2025-07-05 14:00:00,2.386,185,29.462,1009.436,39.496,14,5,7
2025-07-05 15:00:00,4.569,179,30.981,1007.522,0.0,15,5,7
2025-07-05 16:00:00,2.965,191,26.491,1004.24,160.391,16,5,7
2025-07-05 17:00:00,1.222,189,26.145,1007.301,30.548,17,5,7
2025-07-05 18:00:00,0.163,211,25.067,1004.461,0.0,18,5,7
2025-07-05 19:00:00,1.418,232,25.414,1010.398,11.305,19,5,7
2025-07-05 20:00:00,0.701,214,25.171,1006.72,34.696,20,5,7
2025-07-05 21:00:00,1.548,228,24.383,1006.295,32.604,21,5,7
2025-07-05 22:00:00,0.0,209,25.686,1005.889,27.282,22,5,7
2025-07-05 23:00:00,1.765,209,23.78,1010.728,53.157,23,5,7
2025-07-06 00:00:00,0.332,220,25.974,1001.211,47.749,0,6,7
2025-07-06 01:00:00,1.19,204,25.942,1011.028,0.0,1,6,7
2025-07-06 02:00:00,1.104,217,25.925,1004.954,115.943,2,6,7
2025-07-06 03:00:00,3.544,207,26.298,1001.294,108.834,3,6,7
2025-07-06 04:00:00,2.675,196,30.368,1003.256,44.053,4,6,7
2025-07-06 05:00:00,4.561,208,27.247,1000.56,14.983,5,6,7
2025-07-06 06:00:00,3.708,192,29.293,1007.474,4.275,6,6,7
2025-07-06 07:00:00,4.546,175,28.633,1002.398,0.0,7,6,7
2025-07-06 08:00:00,3.04,193,32.123,1006.019,0.0,8,6,7
2025-07-06 09:00:00,3.268,194,31.31,1008.915,0.0,9,6,7
2025-07-06 10:00:00,4.396,167,29.497,1003.497,93.107,10,6,7
2025-07-06 11:00:00,4.417,181,30.788,1004.708,74.205,11,6,7
2025-07-06 12:00:00,3.977,173,30.148,1001.603,0.0,12,6,7
2025-07-06 13:00:00,2.798,147,28.714,1004.348,48.949,13,6,7
2025-07-06 14:00:00,2.531,101,29.6,1013.235,0.0,14,6,7
2025-07-06 15:00:00,3.833,116,28.421,1007.847,0.0,15,6,7
2025-07-06 16:00:00,4.375,100,27.432,1004.719,35.475,16,6,7
2025-07-06 17:00:00,2.193,77,26.352,1003.678,0.0,17,6,7
2025-07-06 18:00:00,1.185,88,26.211,1005.385,0.0,18,6,7
2025-07-06 19:00:00,0.554,102,25.371,1005.903,4.371,19,6,7
2025-07-06 20:00:00,2.241,87,24.72,1004.256,4.425,20,6,7
2025-07-06 21:00:00,0.686,102,23.614,1007.103,0.0,21,6,7
2025-07-06 22:00:00,2.142,138,26.351,1002.652,24.58,22,6,7
2025-07-06 23:00:00,2.284,161,23.196,1002.638,58.29,23,6,7
2025-07-07 00:00:00,1.084,181,25.239,1006.63,22.403,0,7,7
2025-07-07 01:00:00,3.169,186,24.847,1002.013,0.0,1,7,7
2025-07-07 02:00:00,0.444,177,27.986,1007.706,147.897,2,7,7
2025-07-07 03:00:00,3.253,175,25.527,1005.476,0.0,3,7,7
2025-07-07 04:00:00,2.741,182,26.509,1000.035,42.54,4,7,7
2025-07-07 05:00:00,0.0,158,26.998,1005.848,13.38,5,7,7
2025-07-07 06:00:00,3.407,143,29.259,1000.464,110.895,6,7,7
2025-07-07 07:00:00,3.918,116,27.821,1007.599,23.786,7,7,7
2025-07-07 08:00:00,2.576,119,29.342,1004.773,33.064,8,7,7
2025-07-07 09:00:00,1.602,119,27.598,1011.072,27.814,9,7,7
2025-07-07 10:00:00,0.642,106,30.535,1008.733,0.0,10,7,7
2025-07-07 11:00:00,4.929,120,29.507,1002.337,0.0,11,7,7
2025-07-07 12:00:00,2.462,100,27.989,999.457,0.0,12,7,7
2025-07-07 13:00:00,1.222,87,30.571,1003.254,52.656,13,7,7
2025-07-07 14:00:00,2.503,100,27.056,1001.855,12.82,14,7,7
2025-07-07 15:00:00,0.623,116,28.845,1010.996,0.0,15,7,7
2025-07-07 16:00:00,0.65,101,26.267,1005.488,75.471,16,7,7
2025-07-07 17:00:00,2.803,104,28.259,1008.319,0.0,17,7,7
2025-07-07 18:00:00,2.763,89,26.528,1004.664,0.0,18,7,7
2025-07-07 19:00:00,1.652,84,23.821,1004.98,0.0,19,7,7
2025-07-07 20:00:00,1.655,86,23.483,1005.421,66.457,20,7,7
2025-07-07 21:00:00,1.047,95,25.045,1008.839,0.0,21,7,7
2025-07-07 22:00:00,1.239,100,23.938,1006.454,53.146,22,7,7
2025-07-07 23:00:00,0.479,104,24.189,1002.347,0.0,23,7,7
2025-07-08 00:00:00,0.45,83,26.186,1010.395,56.275,0,8,7
2025-07-08 01:00:00,0.455,89,24.267,1004.649,0.0,1,8,7
2025-07-08 02:00:00,0.403,98,25.918,1004.16,22.545,2,8,7
2025-07-08 03:00:00,2.523,109,27.691,997.039,14.493,3,8,7
2025-07-08 04:00:00,3.015,95,28.296,1007.43,18.574,4,8,7
2025-07-08 05:00:00,1.345,110,27.905,1005.83,92.661,5,8,7
2025-07-08 06:00:00,0.63,85,28.458,1005.827,0.0,6,8,7
2025-07-08 07:00:00,1.711,76,27.316,1004.319,0.0,7,8,7
2025-07-08 08:00:00,4.823,70,28.582,1003.801,30.295,8,8,7
2025-07-08 09:00:00,2.249,46,30.497,1004.418,2.656,9,8,7
2025-07-08 10:00:00,2.461,40,30.015,1006.917,0.0,10,8,7
2025-07-08 11:00:00,2.835,43,30.132,1007.444,0.0,11,8,7
2025-07-08 12:00:00,2.712,9,30.955,1004.834,84.151,12,8,7
2025-07-08 13:00:00,2.22,1,27.778,1008.374,0.0,13,8,7
2025-07-08 14:00:00,3.838,329,28.276,1005.29,136.094,14,8,7
2025-07-08 15:00:00,3.453,4,28.049,1004.014,29.365,15,8,7
2025-07-08 16:00:00,3.66,7,26.197,1006.122,0.0,16,8,7
2025-07-08 17:00:00,3.303,8,27.989,1001.449,30.489,17,8,7
2025-07-08 18:00:00,3.41,11,26.653,1006.225,6.222,18,8,7
2025-07-08 19:00:00,4.119,21,25.313,1000.9,78.425,19,8,7
2025-07-08 20:00:00,3.955,37,26.671,1002.444,0.0,20,8,7
2025-07-08 21:00:00,4.966,8,22.454,999.471,0.0,21,8,7
2025-07-08 22:00:00,3.971,30,24.178,1005.002,22.889,22,8,7
2025-07-08 23:00:00,1.462,51,24.766,1010.356,45.963,23,8,7
2025-07-09 00:00:00,2.401,49,23.495,1005.185,15.725,0,9,7
2025-07-09 01:00:00,2.598,46,25.459,1007.467,36.986,1,9,7
2025-07-09 02:00:00,4.131,350,24.414,1012.593,33.926,2,9,7
2025-07-09 03:00:00,1.41,326,27.307,1006.748,0.0,3,9,7
2025-07-09 04:00:00,2.402,334,28.528,1003.241,15.468,4,9,7
2025-07-09 05:00:00,1.426,354,28.356,1003.653,72.423,5,9,7
2025-07-09 06:00:00,2.611,5,26.515,1005.538,9.447,6,9,7
2025-07-09 07:00:00,2.278,2,28.176,1003.637,0.0,7,9,7
2025-07-09 08:00:00,3.071,35,30.461,1003.862,0.0,8,9,7
2025-07-09 09:00:00,1.233,52,30.074,1008.492,30.622,9,9,7
2025-07-09 10:00:00,3.221,44,26.881,1008.615,98.795,10,9,7
2025-07-09 11:00:00,3.207,82,31.467,1000.595,0.0,11,9,7
2025-07-09 12:00:00,3.124,61,29.806,1003.082,19.874,12,9,7
2025-07-09 13:00:00,5.115,33,28.153,1004.144,0.0,13,9,7
2025-07-09 14:00:00,2.999,24,29.687,1007.333,27.925,14,9,7
2025-07-09 15:00:00,3.044,9,26.943,1008.965,32.331,15,9,7
2025-07-09 16:00:00,2.661,1,26.15,1013.642,0.0,16,9,7
2025-07-09 17:00:00,2.521,14,26.635,1004.139,34.738,17,9,7
2025-07-09 18:00:00,4.675,12,27.634,1004.289,78.282,18,9,7
2025-07-09 19:00:00,2.772,11,26.846,1007.302,0.0,19,9,7
2025-07-09 20:00:00,1.327,11,24.883,1003.49,0.0,20,9,7
2025-07-09 21:00:00,3.584,329,24.741,1005.113,79.095,21,9,7
2025-07-09 22:00:00,1.761,300,25.07,1004.291,45.578,22,9,7
2025-07-09 23:00:00,0.0,292,22.751,997.671,31.007,23,9,7
2025-07-10 00:00:00,0.093,275,25.298,1005.916,0.0,0,10,7
2025-07-10 01:00:00,0.0,269,24.15,1005.0,54.199,1,10,7
2025-07-10 02:00:00,0.0,293,26.056,1009.36,112.333,2,10,7
2025-07-10 03:00:00,0.758,290,26.138,1005.563,0.0,3,10,7
2025-07-10 04:00:00,1.46,265,27.792,1001.782,5.197,4,10,7
2025-07-10 05:00:00,3.254,249,28.104,1004.772,0.0,5,10,7
2025-07-10 06:00:00,3.329,278,24.983,999.273,0.0,6,10,7
2025-07-10 07:00:00,3.421,304,29.483,1001.914,0.0,7,10,7
2025-07-10 08:00:00,1.854,313,30.486,1007.453,7.195,8,10,7
2025-07-10 09:00:00,3.47,284,30.516,1004.805,0.0,9,10,7
2025-07-10 10:00:00,4.625,288,29.923,1008.314,35.453,10,10,7
2025-07-10 11:00:00,3.87,294,31.878,999.646,0.0,11,10,7
2025-07-10 12:00:00,3.641,293,29.948,1004.819,0.0,12,10,7
2025-07-10 13:00:00,1.577,281,29.594,1004.12,0.0,13,10,7
2025-07-10 14:00:00,3.497,273,29.679,1008.414,10.744,14,10,7
2025-07-10 15:00:00,4.851,260,28.123,1007.565,0.0,15,10,7
2025-07-10 16:00:00,3.494,238,25.83,1007.473,8.76,16,10,7
2025-07-10 17:00:00,1.872,261,23.211,1010.171,0.0,17,10,7
2025-07-10 18:00:00,1.715,276,24.856,1004.442,9.953,18,10,7
2025-07-10 19:00:00,1.248,270,25.744,1009.552,0.0,19,10,7
2025-07-10 20:00:00,1.063,275,23.96,1002.414,36.009,20,10,7
2025-07-10 21:00:00,2.084,281,25.08,1002.304,0.0,21,10,7
2025-07-10 22:00:00,1.941,322,24.231,1007.805,11.941,22,10,7
2025-07-10 23:00:00,2.712,336,25.737,1001.032,0.0,23,10,7
2025-07-11 00:00:00,2.242,350,24.102,1007.277,0.0,0,11,7
2025-07-11 01:00:00,0.719,349,25.523,1005.862,0.0,1,11,7
2025-07-11 02:00:00,0.722,340,26.212,1008.774,75.653,2,11,7
2025-07-11 03:00:00,0.754,2,28.144,1005.38,29.0,3,11,7
2025-07-11 04:00:00,1.316,12,25.074,1005.727,7.143,4,11,7
2025-07-11 05:00:00,3.905,357,27.343,1007.086,0.0,5,11,7
2025-07-11 06:00:00,5.056,3,29.62,1003.57,0.0,6,11,7
2025-07-11 07:00:00,4.263,17,31.055,1003.44,21.78,7,11,7
2025-07-11 08:00:00,3.282,339,29.935,1006.982,38.614,8,11,7
2025-07-11 09:00:00,1.341,321,29.561,1005.471,11.494,9,11,7
2025-07-11 10:00:00,2.58,326,30.886,1004.336,94.026,10,11,7
2025-07-11 11:00:00,1.837,290,30.881,1005.31,0.0,11,11,7
2025-07-11 12:00:00,4.363,257,29.074,1010.342,18.762,12,11,7
2025-07-11 13:00:00,1.41,251,29.396,1004.229,0.0,13,11,7
2025-07-11 14:00:00,2.664,258,29.773,1004.142,11.608,14,11,7
2025-07-11 15:00:00,1.52,266,29.888,1000.436,80.816,15,11,7
2025-07-11 16:00:00,2.024,293,27.73,1005.431,0.0,16,11,7
2025-07-11 17:00:00,2.837,293,26.122,1007.529,46.317,17,11,7
2025-07-11 18:00:00,3.381,285,25.295,1008.067,79.452,18,11,7
2025-07-11 19:00:00,2.193,260,25.431,1005.883,0.0,19,11,7
2025-07-11 20:00:00,2.651,252,24.176,1008.426,25.682,20,11,7
2025-07-11 21:00:00,1.083,263,24.277,1007.752,86.88,21,11,7
2025-07-11 22:00:00,1.57,275,22.715,1008.897,12.676,22,11,7
2025-07-11 23:00:00,2.581,278,25.679,1008.511,43.269,23,11,7
2025-07-12 00:00:00,2.147,286,23.019,1010.281,0.0,0,12,7
2025-07-12 01:00:00,1.065,307,24.374,1005.062,32.843,1,12,7
2025-07-12 02:00:00,1.081,307,25.653,1001.59,28.448,2,12,7
2025-07-12 03:00:00,2.677,330,28.662,1007.563,0.0,3,12,7
2025-07-12 04:00:00,0.89,315,26.546,1007.913,0.0,4,12,7
2025-07-12 05:00:00,0.609,312,27.024,1010.281,33.22,5,12,7
2025-07-12 06:00:00,2.424,302,27.871,1009.415,0.0,6,12,7
2025-07-12 07:00:00,1.934,315,31.121,1011.408,61.157,7,12,7
2025-07-12 08:00:00,0.712,295,26.203,1007.431,17.09,8,12,7
2025-07-12 09:00:00,3.619,288,28.639,1006.258,3.932,9,12,7
2025-07-12 10:00:00,1.793,253,33.186,1001.417,0.0,10,12,7
2025-07-12 11:00:00,2.253,262,30.478,1006.496,16.098,11,12,7
2025-07-12 12:00:00,1.902,283,28.109,1003.914,44.161,12,12,7
2025-07-12 13:00:00,2.109,298,28.88,1006.206,29.362,13,12,7
2025-07-12 14:00:00,1.423,311,28.368,1005.735,0.0,14,12,7
2025-07-12 15:00:00,2.936,325,28.566,1006.987,68.169,15,12,7
2025-07-12 16:00:00,2.614,336,28.977,1005.279,36.173,16,12,7
2025-07-12 17:00:00,3.385,345,26.465,1008.377,21.383,17,12,7
2025-07-12 18:00:00,1.674,356,24.643,997.402,5.043,18,12,7
2025-07-12 19:00:00,4.155,343,25.637,1006.141,32.765,19,12,7
2025-07-12 20:00:00,0.212,338,23.408,1009.179,0.0,20,12,7
2025-07-12 21:00:00,0.0,338,22.74,1011.182,13.272,21,12,7
2025-07-12 22:00:00,2.944,330,21.803,1007.767,90.21,22,12,7
2025-07-12 23:00:00,2.411,300,22.175,1010.626,12.099,23,12,7
2025-07-13 00:00:00,2.094,276,23.241,1006.093,4.591,0,13,7
2025-07-13 01:00:00,2.144,278,23.409,1005.594,0.0,1,13,7
2025-07-13 02:00:00,2.4,293,25.841,1007.174,27.1,2,13,7
2025-07-13 03:00:00,2.273,292,24.763,1005.576,0.0,3,13,7
2025-07-13 04:00:00,0.896,340,23.21,1003.239,72.011,4,13,7
2025-07-13 05:00:00,2.63,322,26.501,1004.04,0.0,5,13,7
2025-07-13 06:00:00,3.138,328,27.896,1002.249,0.0,6,13,7
2025-07-13 07:00:00,4.306,350,28.334,1007.171,0.0,7,13,7
2025-07-13 08:00:00,5.172,7,31.33,1005.62,134.739,8,13,7
2025-07-13 09:00:00,3.883,17,29.036,1004.505,0.0,9,13,7
2025-07-13 10:00:00,1.723,35,30.895,1003.886,0.0,10,13,7
2025-07-13 11:00:00,4.49,34,29.676,1007.101,0.0,11,13,7
2025-07-13 12:00:00,2.161,62,29.315,1007.927,0.0,12,13,7
2025-07-13 13:00:00,2.916,83,27.857,1002.194,29.034,13,13,7
2025-07-13 14:00:00,2.398,66,28.146,1001.723,28.813,14,13,7
2025-07-13 15:00:00,1.928,70,26.562,1008.449,0.0,15,13,7
2025-07-13 16:00:00,3.03,40,26.904,1001.46,0.0,16,13,7
2025-07-13 17:00:00,2.661,66,25.645,1007.228,102.293,17,13,7
2025-07-13 18:00:00,2.723,68,24.087,1010.437,148.301,18,13,7
2025-07-13 19:00:00,1.095,91,25.812,1010.444,63.237,19,13,7
2025-07-13 20:00:00,1.203,87,24.687,1007.799,85.76,20,13,7
2025-07-13 21:00:00,0.475,52,23.372,1007.712,97.428,21,13,7
2025-07-13 22:00:00,0.845,98,24.019,1012.342,121.801,22,13,7
2025-07-13 23:00:00,1.041,99,23.883,998.583,0.0,23,13,7
2025-07-14 00:00:00,3.371,79,23.204,1004.209,0.0,0,14,7
2025-07-14 01:00:00,1.756,98,24.836,1008.147,100.842,1,14,7
2025-07-14 02:00:00,0.0,133,24.649,1004.59,0.0,2,14,7
2025-07-14 03:00:00,2.748,128,24.997,1009.321,0.0,3,14,7
2025-07-14 04:00:00,2.669,124,24.964,1005.484,0.0,4,14,7
2025-07-14 05:00:00,2.105,127,27.252,1005.997,0.0,5,14,7
2025-07-14 06:00:00,1.698,105,29.071,1004.778,0.0,6,14,7
2025-07-14 07:00:00,1.099,91,28.155,1004.034,0.0,7,14,7
2025-07-14 08:00:00,4.326,121,32.461,1003.96,0.0,8,14,7
2025-07-14 09:00:00,3.28,117,30.764,1006.415,0.0,9,14,7
2025-07-14 10:00:00,0.933,100,31.332,1003.278,58.433,10,14,7
2025-07-14 11:00:00,2.565,90,30.582,1008.461,0.366,11,14,7
2025-07-14 12:00:00,4.087,108,31.518,1007.561,35.851,12,14,7
2025-07-14 13:00:00,3.323,71,27.844,1008.9,25.824,13,14,7
2025-07-14 14:00:00,1.781,74,25.073,1002.215,0.0,14,14,7
2025-07-14 15:00:00,1.075,117,26.873,1000.503,54.347,15,14,7
2025-07-14 16:00:00,0.812,152,27.298,1005.589,24.868,16,14,7
2025-07-14 17:00:00,3.404,161,26.039,1014.298,0.0,17,14,7
2025-07-14 18:00:00,2.283,183,25.479,1009.4,0.0,18,14,7
2025-07-14 19:00:00,0.0,205,26.136,1003.938,28.636,19,14,7
2025-07-14 20:00:00,1.482,201,24.562,1006.875,0.0,20,14,7
2025-07-14 21:00:00,1.604,216,24.797,1007.784,20.916,21,14,7
2025-07-14 22:00:00,0.916,246,22.646,1001.496,4.339,22,14,7
2025-07-14 23:00:00,0.019,221,22.597,1009.71,0.0,23,14,7
2025-07-15 00:00:00,0.0,230,26.11,1005.116,14.212,0,15,7
2025-07-15 01:00:00,2.204,235,24.8,1005.347,10.523,1,15,7
2025-07-15 02:00:00,2.032,235,24.574,1005.69,10.722,2,15,7
2025-07-15 03:00:00,2.344,233,25.313,1009.052,8.085,3,15,7
2025-07-15 04:00:00,2.296,235,26.06,1003.353,0.0,4,15,7
2025-07-15 05:00:00,2.504,239,26.759,1000.498,32.539,5,15,7
2025-07-15 06:00:00,1.784,257,26.779,1006.587,0.0,6,15,7
2025-07-15 07:00:00,1.972,264,27.116,999.488,0.0,7,15,7
2025-07-15 08:00:00,3.711,259,29.13,1004.715,38.351,8,15,7
2025-07-15 09:00:00,4.641,242,28.917,1009.179,66.926,9,15,7
2025-07-15 10:00:00,1.959,232,31.023,1007.356,33.341,10,15,7
2025-07-15 11:00:00,2.273,235,29.907,1008.746,0.0,11,15,7
2025-07-15 12:00:00,3.563,220,29.541,1007.48,0.0,12,15,7
2025-07-15 13:00:00,5.13,235,27.825,1012.85,115.586,13,15,7
2025-07-15 14:00:00,5.444,241,27.928,1003.854,0.0,14,15,7
2025-07-15 15:00:00,2.479,260,27.77,1006.813,32.233,15,15,7
2025-07-15 16:00:00,3.781,247,27.416,1004.304,117.713,16,15,7
2025-07-15 17:00:00,2.675,230,25.673,1008.489,8.221,17,15,7
2025-07-15 18:00:00,3.323,249,26.372,1005.434,16.135,18,15,7
2025-07-15 19:00:00,3.118,249,24.488,1010.775,20.869,19,15,7
2025-07-15 20:00:00,0.59,243,24.983,1004.026,10.899,20,15,7
2025-07-15 21:00:00,1.778,254,23.179,1009.84,129.284,21,15,7
2025-07-15 22:00:00,2.637,264,21.526,1007.398,0.0,22,15,7
2025-07-15 23:00:00,1.719,240,24.162,1005.521,0.0,23,15,7
2025-07-16 00:00:00,1.171,263,24.971,1007.264,0.0,0,16,7
2025-07-16 01:00:00,0.0,254,25.297,1006.421,95.746,1,16,7
2025-07-16 02:00:00,1.811,283,25.756,1006.705,0.0,2,16,7
2025-07-16 03:00:00,1.955,257,25.568,1005.016,23.666,3,16,7
2025-07-16 04:00:00,0.82,261,25.798,1003.532,58.905,4,16,7
2025-07-16 05:00:00,1.266,256,28.199,1004.632,42.844,5,16,7
2025-07-16 06:00:00,2.091,218,28.758,1000.587,55.994,6,16,7
2025-07-16 07:00:00,1.658,228,28.171,1008.163,77.989,7,16,7
2025-07-16 08:00:00,2.266,191,30.622,1001.931,16.953,8,16,7
2025-07-16 09:00:00,0.526,184,28.497,1004.984,0.0,9,16,7
2025-07-16 10:00:00,3.576,202,28.921,1007.581,8.747,10,16,7
2025-07-16 11:00:00,3.047,190,31.447,1008.155,0.0,11,16,7
2025-07-16 12:00:00,1.576,172,30.192,1000.313,138.685,12,16,7
2025-07-16 13:00:00,0.0,184,28.214,1005.361,0.0,13,16,7
2025-07-16 14:00:00,2.909,178,28.346,1007.016,26.573,14,16,7
2025-07-16 15:00:00,3.207,169,27.45,1005.793,0.0,15,16,7
2025-07-16 16:00:00,2.785,190,23.189,1009.669,7.305,16,16,7
2025-07-16 17:00:00,3.271,167,24.625,1003.171,0.0,17,16,7
2025-07-16 18:00:00,3.297,157,24.943,999.49,37.249,18,16,7
2025-07-16 19:00:00,2.42,171,23.978,1008.068,38.596,19,16,7
2025-07-16 20:00:00,1.517,147,24.256,1004.026,77.935,20,16,7
2025-07-16 21:00:00,0.958,177,25.049,1000.361,73.566,21,16,7
2025-07-16 22:00:00,1.692,171,23.242,1005.161,0.0,22,16,7
2025-07-16 23:00:00,3.035,185,22.498,1009.329,0.0,23,16,7
2025-07-17 00:00:00,1.755,199,24.417,1001.867,0.0,0,17,7
2025-07-17 01:00:00,3.206,194,24.141,1012.664,16.681,1,17,7
2025-07-17 02:00:00,2.486,183,24.988,1003.143,8.678,2,17,7
2025-07-17 03:00:00,2.364,180,25.562,1005.918,14.186,3,17,7
2025-07-17 04:00:00,4.771,191,29.383,1001.999,0.0,4,17,7
2025-07-17 05:00:00,4.814,171,24.775,1005.781,99.143,5,17,7
2025-07-17 06:00:00,4.986,147,27.706,1005.255,0.0,6,17,7
2025-07-17 07:00:00,2.314,172,28.766,1001.188,0.0,7,17,7
2025-07-17 08:00:00,4.989,157,28.28,1014.134,0.0,8,17,7
2025-07-17 09:00:00,3.318,161,30.562,1004.17,0.0,9,17,7
2025-07-17 10:00:00,2.66,155,30.524,1004.173,68.561,10,17,7
2025-07-17 11:00:00,0.241,150,29.352,1008.564,0.0,11,17,7
2025-07-17 12:00:00,2.299,174,28.751,1011.099,5.581,12,17,7
2025-07-17 13:00:00,1.296,170,28.436,1009.036,36.533,13,17,7
2025-07-17 14:00:00,2.607,162,27.801,1002.053,0.0,14,17,7
2025-07-17 15:00:00,1.124,155,27.096,1006.298,21.045,15,17,7
2025-07-17 16:00:00,3.928,144,26.184,1000.012,16.381,16,17,7
2025-07-17 17:00:00,3.275,130,25.942,1008.362,0.0,17,17,7
2025-07-17 18:00:00,4.923,119,25.834,1000.751,0.0,18,17,7
2025-07-17 19:00:00,1.539,147,22.856,1003.247,19.502,19,17,7
2025-07-17 20:00:00,3.298,158,22.625,1005.647,70.609,20,17,7
2025-07-17 21:00:00,0.0,150,21.522,1006.991,70.469,21,17,7
2025-07-17 22:00:00,1.129,166,24.594,1004.874,115.252,22,17,7
2025-07-17 23:00:00,0.512,135,23.994,1010.214,26.7,23,17,7
2025-07-18 00:00:00,0.533,158,24.559,1007.847,0.0,0,18,7
2025-07-18 01:00:00,0.511,179,22.743,1007.612,0.0,1,18,7
2025-07-18 02:00:00,0.124,217,27.243,1001.989,0.0,2,18,7
2025-07-18 03:00:00,0.0,233,25.108,1010.775,0.0,3,18,7
2025-07-18 04:00:00,0.724,239,26.82,1003.268,21.063,4,18,7
2025-07-18 05:00:00,1.729,260,28.415,1010.89,23.622,5,18,7
2025-07-18 06:00:00,3.387,247,26.914,1011.744,0.0,6,18,7
2025-07-18 07:00:00,3.045,238,28.041,1007.215,59.85,7,18,7
2025-07-18 08:00:00,4.039,235,29.358,1008.773,0.0,8,18,7
2025-07-18 09:00:00,1.398,257,32.837,996.429,0.0,9,18,7
2025-07-18 10:00:00,1.794,239,29.835,1005.092,63.212,10,18,7
2025-07-18 11:00:00,3.254,220,31.263,1008.984,33.463,11,18,7
2025-07-18 12:00:00,3.288,222,30.448,1008.451,0.0,12,18,7
2025-07-18 13:00:00,1.864,233,28.938,1002.018,108.285,13,18,7
2025-07-18 14:00:00,3.389,218,26.666,1004.796,0.0,14,18,7
2025-07-18 15:00:00,2.095,228,28.388,998.068,0.0,15,18,7
2025-07-18 16:00:00,1.274,250,24.538,1006.916,24.901,16,18,7
2025-07-18 17:00:00,2.333,269,27.486,1000.027,0.0,17,18,7
2025-07-18 18:00:00,1.996,273,25.096,1009.069,0.0,18,18,7
2025-07-18 19:00:00,1.158,269,21.078,1009.226,34.251,19,18,7
2025-07-18 20:00:00,0.745,298,23.403,1004.254,0.0,20,18,7
2025-07-18 21:00:00,0.0,296,24.331,1007.241,31.934,21,18,7
2025-07-18 22:00:00,0.427,311,23.196,1005.026,0.0,22,18,7
2025-07-18 23:00:00,2.269,344,24.477,1006.403,47.216,23,18,7
2025-07-19 00:00:00,1.892,357,22.858,1002.258,0.0,0,19,7
2025-07-19 01:00:00,2.64,337,22.816,1007.567,72.525,1,19,7
2025-07-19 02:00:00,2.452,312,24.941,1000.776,0.0,2,19,7
2025-07-19 03:00:00,1.196,304,25.801,1000.21,84.214,3,19,7
2025-07-19 04:00:00,0.0,315,26.125,1005.334,0.0,4,19,7
2025-07-19 05:00:00,0.288,321,28.787,1005.066,105.862,5,19,7
2025-07-19 06:00:00,0.803,358,27.003,1006.516,0.0,6,19,7
2025-07-19 07:00:00,1.0,3,28.997,1003.751,0.0,7,19,7
2025-07-19 08:00:00,3.156,356,29.15,1011.357,2.384,8,19,7
2025-07-19 09:00:00,3.921,333,27.465,1006.181,70.541,9,19,7
2025-07-19 10:00:00,5.646,352,27.816,1006.398,106.041,10,19,7
2025-07-19 11:00:00,2.799,350,29.274,1006.291,63.963,11,19,7
2025-07-19 12:00:00,4.576,321,31.304,1008.708,57.986,12,19,7
2025-07-19 13:00:00,5.095,319,29.116,1007.428,0.0,13,19,7
2025-07-19 14:00:00,3.087,299,25.707,1007.026,42.155,14,19,7
2025-07-19 15:00:00,3.146,289,23.308,1007.907,5.117,15,19,7
2025-07-19 16:00:00,3.928,287,27.14,1000.226,0.0,16,19,7
2025-07-19 17:00:00,2.558,268,25.374,1000.339,9.864,17,19,7
2025-07-19 18:00:00,1.897,257,26.151,1005.471,0.0,18,19,7
2025-07-19 19:00:00,0.999,241,23.126,1005.106,77.88,19,19,7
2025-07-19 20:00:00,0.0,226,24.156,1007.439,0.0,20,19,7
2025-07-19 21:00:00,1.006,206,24.486,1005.76,0.0,21,19,7
2025-07-19 22:00:00,0.385,195,22.868,1007.445,0.0,22,19,7
2025-07-19 23:00:00,0.0,177,23.033,1001.963,104.327,23,19,7
2025-07-20 00:00:00,1.354,185,23.832,1005.691,0.0,0,20,7
2025-07-20 01:00:00,0.0,186,24.959,1001.7,71.326,1,20,7
2025-07-20 02:00:00,1.923,205,24.933,1006.884,0.0,2,20,7
2025-07-20 03:00:00,2.278,237,26.856,1000.088,27.864,3,20,7
2025-07-20 04:00:00,1.496,247,25.913,1006.768,14.438,4,20,7
2025-07-20 05:00:00,1.758,253,25.644,1001.316,67.835,5,20,7
2025-07-20 06:00:00,0.676,264,30.319,1004.572,59.861,6,20,7
2025-07-20 07:00:00,2.676,270,27.82,1008.408,4.504,7,20,7
2025-07-20 08:00:00,2.779,269,28.31,1006.405,0.0,8,20,7
2025-07-20 09:00:00,2.977,266,29.178,1000.786,89.373,9,20,7
2025-07-20 10:00:00,3.366,245,29.403,1003.706,0.0,10,20,7
2025-07-20 11:00:00,2.193,258,28.72,1001.219,0.0,11,20,7
2025-07-20 12:00:00,0.788,255,28.83,1000.639,0.0,12,20,7
2025-07-20 13:00:00,3.131,279,28.297,1006.076,0.0,13,20,7
2025-07-20 14:00:00,3.503,293,27.912,1007.404,33.208,14,20,7
2025-07-20 15:00:00,2.113,279,24.136,1007.045,121.796,15,20,7
2025-07-20 16:00:00,2.63,299,28.442,1007.531,0.0,16,20,7
2025-07-20 17:00:00,3.645,251,25.237,1005.687,0.0,17,20,7
2025-07-20 18:00:00,3.709,283,25.402,1004.903,6.144,18,20,7
2025-07-20 19:00:00,1.651,257,22.453,1002.504,85.003,19,20,7
2025-07-20 20:00:00,0.0,264,23.095,1004.403,0.0,20,20,7
2025-07-20 21:00:00,0.0,269,22.588,1001.759,32.494,21,20,7
2025-07-20 22:00:00,0.51,287,25.093,1003.187,0.0,22,20,7
2025-07-20 23:00:00,2.698,279,22.765,1005.99,143.394,23,20,7
2025-07-21 00:00:00,0.898,238,24.635,1005.394,7.95,0,21,7
2025-07-21 01:00:00,0.516,230,23.45,1014.942,19.563,1,21,7
2025-07-21 02:00:00,0.447,224,24.331,1001.71,4.634,2,21,7
2025-07-21 03:00:00,0.626,185,25.316,1005.372,0.0,3,21,7
2025-07-21 04:00:00,1.401,183,27.932,1001.476,52.243,4,21,7
2025-07-21 05:00:00,0.322,161,24.894,1004.584,0.0,5,21,7
2025-07-21 06:00:00,2.819,170,26.292,1004.706,0.0,6,21,7
2025-07-21 07:00:00,2.334,163,26.132,1008.282,0.0,7,21,7
2025-07-21 08:00:00,5.297,196,27.611,1004.399,85.824,8,21,7
2025-07-21 09:00:00,2.135,189,28.207,1005.174,0.0,9,21,7
2025-07-21 10:00:00,4.338,194,27.309,1004.457,18.35,10,21,7
2025-07-21 11:00:00,4.84,188,28.227,1001.544,0.0,11,21,7
2025-07-21 12:00:00,2.913,156,26.356,1003.791,58.446,12,21,7
2025-07-21 13:00:00,2.258,150,27.047,1004.602,35.855,13,21,7
2025-07-21 14:00:00,1.362,161,29.066,1005.969,1.085,14,21,7
2025-07-21 15:00:00,0.982,169,27.373,1007.424,9.28,15,21,7
2025-07-21 16:00:00,1.785,161,26.333,1005.044,0.0,16,21,7
2025-07-21 17:00:00,1.942,132,24.134,1004.991,0.0,17,21,7
2025-07-21 18:00:00,0.0,141,22.786,1000.585,0.0,18,21,7
2025-07-21 19:00:00,3.73,146,22.664,1007.367,29.554,19,21,7
2025-07-21 20:00:00,1.9,159,23.532,1003.66,31.041,20,21,7
2025-07-21 21:00:00,1.602,152,24.36,1007.989,0.0,21,21,7
2025-07-21 22:00:00,0.66,119,24.336,1009.697,40.996,22,21,7
2025-07-21 23:00:00,0.752,126,24.149,1005.184,78.144,23,21,7
2025-07-22 00:00:00,0.687,123,22.763,1002.704,0.0,0,22,7
2025-07-22 01:00:00,1.123,145,24.183,1005.723,17.032,1,22,7
2025-07-22 02:00:00,1.33,143,24.411,1006.82,0.0,2,22,7
2025-07-22 03:00:00,2.442,140,25.292,1004.827,0.0,3,22,7
2025-07-22 04:00:00,2.257,145,28.759,1004.081,9.326,4,22,7
2025-07-22 05:00:00,2.874,132,24.97,1007.464,93.68,5,22,7
2025-07-22 06:00:00,2.381,118,27.512,1007.266,50.34,6,22,7
2025-07-22 07:00:00,2.618,114,29.846,1004.735,45.385,7,22,7
2025-07-22 08:00:00,2.254,95,27.079,1000.811,0.0,8,22,7
2025-07-22 09:00:00,3.645,88,28.331,1007.143,0.0,9,22,7
2025-07-22 10:00:00,3.363,120,28.534,1003.472,21.578,10,22,7
2025-07-22 11:00:00,2.736,136,28.763,1006.417,68.406,11,22,7
2025-07-22 12:00:00,2.481,139,26.782,1006.227,94.787,12,22,7
2025-07-22 13:00:00,2.44,164,28.906,1000.107,0.0,13,22,7
2025-07-22 14:00:00,2.509,147,28.348,1006.017,134.551,14,22,7
2025-07-22 15:00:00,2.328,189,27.422,1007.317,22.934,15,22,7
2025-07-22 16:00:00,1.573,178,24.987,1007.685,49.991,16,22,7
2025-07-22 17:00:00,2.722,212,25.364,1006.126,0.0,17,22,7
2025-07-22 18:00:00,3.039,245,23.472,999.842,0.0,18,22,7
2025-07-22 19:00:00,4.122,211,23.554,1009.605,50.196,19,22,7
2025-07-22 20:00:00,1.624,235,26.091,1007.007,0.0,20,22,7
2025-07-22 21:00:00,2.197,227,23.356,1002.164,0.0,21,22,7
2025-07-22 22:00:00,0.0,214,21.751,1003.41,18.453,22,22,7
2025-07-22 23:00:00,1.791,221,23.531,1006.467,0.0,23,22,7
2025-07-23 00:00:00,0.0,200,21.948,1007.84,79.274,0,23,7
2025-07-23 01:00:00,0.0,206,22.637,1004.337,0.0,1,23,7
2025-07-23 02:00:00,1.358,186,23.47,1008.277,0.0,2,23,7
2025-07-23 03:00:00,0.804,187,24.923,1000.422,38.372,3,23,7
2025-07-23 04:00:00,0.587,208,27.361,1002.673,56.844,4,23,7
2025-07-23 05:00:00,0.959,212,27.701,999.608,0.0,5,23,7
2025-07-23 06:00:00,2.604,203,28.343,1003.109,51.947,6,23,7
2025-07-23 07:00:00,1.345,210,26.995,1010.325,0.0,7,23,7
2025-07-23 08:00:00,2.05,182,28.111,1011.974,0.909,8,23,7
2025-07-23 09:00:00,1.984,164,29.352,1006.505,36.892,9,23,7
2025-07-23 10:00:00,3.39,154,28.337,1003.886,46.677,10,23,7
2025-07-23 11:00:00,3.895,166,28.619,1005.136,19.879,11,23,7
2025-07-23 12:00:00,0.956,171,29.149,1007.221,0.0,12,23,7
2025-07-23 13:00:00,3.267,178,27.695,1001.112,0.0,13,23,7
2025-07-23 14:00:00,2.033,175,27.742,1004.083,0.0,14,23,7
2025-07-23 15:00:00,2.504,158,28.645,1010.105,53.421,15,23,7
2025-07-23 16:00:00,1.186,182,25.747,1002.664,24.733,16,23,7
2025-07-23 17:00:00,2.138,167,26.598,1003.554,13.312,17,23,7
2025-07-23 18:00:00,4.825,172,25.145,1005.84,20.054,18,23,7
2025-07-23 19:00:00,2.788,167,22.115,1006.65,17.001,19,23,7
2025-07-23 20:00:00,1.351,174,22.106,1003.926,0.0,20,23,7
2025-07-23 21:00:00,1.069,160,22.163,1006.032,42.911,21,23,7
2025-07-23 22:00:00,0.0,176,22.072,1007.625,46.547,22,23,7
2025-07-23 23:00:00,2.498,198,23.129,1011.685,0.0,23,23,7
2025-07-24 00:00:00,2.011,213,24.23,1005.451,24.035,0,24,7
2025-07-24 01:00:00,0.337,213,25.504,1005.705,0.0,1,24,7
2025-07-24 02:00:00,0.0,202,25.01,1010.412,9.903,2,24,7
2025-07-24 03:00:00,1.09,250,24.843,1004.182,0.0,3,24,7
2025-07-24 04:00:00,2.617,229,23.659,1001.856,69.258,4,24,7
2025-07-24 05:00:00,0.844,242,27.013,1006.58,0.0,5,24,7
2025-07-24 06:00:00,3.002,245,27.668,1009.058,47.777,6,24,7
2025-07-24 07:00:00,2.435,241,28.455,1006.912,0.0,7,24,7
2025-07-24 08:00:00,1.389,242,31.21,1005.538,0.0,8,24,7
2025-07-24 09:00:00,1.661,230,30.436,1001.484,0.0,9,24,7
2025-07-24 10:00:00,4.347,235,29.955,1005.654,19.233,10,24,7
2025-07-24 11:00:00,1.627,238,27.72,1009.529,8.296,11,24,7
2025-07-24 12:00:00,1.484,283,27.925,1002.127,9.127,12,24,7
2025-07-24 13:00:00,3.325,300,27.921,1005.095,0.0,13,24,7
2025-07-24 14:00:00,2.996,307,26.462,1004.667,0.0,14,24,7
2025-07-24 15:00:00,1.628,315,27.256,1003.736,0.0,15,24,7
2025-07-24 16:00:00,3.085,345,26.303,1006.573,0.0,16,24,7
2025-07-24 17:00:00,3.484,325,23.798,1007.159,0.0,17,24,7
2025-07-24 18:00:00,2.702,319,25.832,1007.128,0.0,18,24,7
2025-07-24 19:00:00,1.244,282,23.92,1002.899,59.391,19,24,7
2025-07-24 20:00:00,0.846,289,21.276,1000.891,0.0,20,24,7
2025-07-24 21:00:00,1.493,302,23.024,1006.616,16.006,21,24,7
2025-07-24 22:00:00,0.0,281,23.357,1004.311,116.682,22,24,7
2025-07-24 23:00:00,2.352,304,24.326,1011.344,0.0,23,24,7
2025-07-25 00:00:00,3.553,288,23.008,1011.512,0.455,0,25,7
2025-07-25 01:00:00,1.765,279,24.912,1011.831,23.449,1,25,7
2025-07-25 02:00:00,1.945,278,24.786,1003.039,27.749,2,25,7
2025-07-25 03:00:00,3.06,304,23.72,1007.567,0.0,3,25,7
2025-07-25 04:00:00,4.426,286,24.381,1008.472,0.0,4,25,7
2025-07-25 05:00:00,4.538,288,28.197,1008.134,48.639,5,25,7
2025-07-25 06:00:00,0.917,299,28.993,1004.796,0.0,6,25,7
2025-07-25 07:00:00,1.495,306,28.544,1009.696,45.773,7,25,7
2025-07-25 08:00:00,2.724,314,30.398,1005.86,0.0,8,25,7
2025-07-25 09:00:00,2.057,325,30.137,1006.243,0.17,9,25,7
2025-07-25 10:00:00,4.509,312,29.754,1001.245,0.0,10,25,7
2025-07-25 11:00:00,5.143,340,27.702,1007.793,112.363,11,25,7
2025-07-25 12:00:00,2.52,335,30.54,1005.078,13.696,12,25,7
2025-07-25 13:00:00,2.372,328,28.6,1007.253,0.0,13,25,7
2025-07-25 14:00:00,1.571,349,26.85,1006.564,0.0,14,25,7
2025-07-25 15:00:00,1.846,335,25.774,1006.402,0.0,15,25,7
2025-07-25 16:00:00,1.781,338,26.104,1005.722,131.832,16,25,7
2025-07-25 17:00:00,2.988,322,23.02,1008.219,0.0,17,25,7
2025-07-25 18:00:00,1.132,3,25.156,1005.262,59.559,18,25,7
2025-07-25 19:00:00,0.0,42,22.574,1001.493,31.246,19,25,7
2025-07-25 20:00:00,0.0,37,23.716,1007.566,84.69,20,25,7
2025-07-25 21:00:00,0.0,44,22.38,1003.432,34.599,21,25,7
2025-07-25 22:00:00,0.082,41,22.623,1001.886,0.185,22,25,7
2025-07-25 23:00:00,1.061,32,22.171,1002.792,56.102,23,25,7
2025-07-26 00:00:00,0.0,31,23.14,1006.74,12.637,0,26,7
2025-07-26 01:00:00,0.0,27,26.106,1005.6,41.523,1,26,7
2025-07-26 02:00:00,0.0,358,26.144,999.492,78.552,2,26,7
2025-07-26 03:00:00,0.0,360,25.644,1004.739,5.089,3,26,7
2025-07-26 04:00:00,0.542,356,25.969,1009.398,0.0,4,26,7
2025-07-26 05:00:00,0.797,359,27.783,1004.536,0.0,5,26,7
2025-07-26 06:00:00,2.486,355,28.835,1005.393,24.78,6,26,7
2025-07-26 07:00:00,1.223,346,27.081,1009.019,0.0,7,26,7
2025-07-26 08:00:00,1.643,359,28.431,1008.276,0.0,8,26,7
2025-07-26 09:00:00,1.642,5,26.603,1008.955,0.0,9,26,7
2025-07-26 10:00:00,3.248,27,30.202,997.572,28.008,10,26,7
2025-07-26 11:00:00,2.678,33,31.194,1011.09,0.0,11,26,7
2025-07-26 12:00:00,3.862,27,28.478,1007.799,0.0,12,26,7
2025-07-26 13:00:00,1.663,35,25.327,1013.274,0.0,13,26,7
2025-07-26 14:00:00,2.14,357,27.964,1003.543,0.0,14,26,7
2025-07-26 15:00:00,1.586,31,25.412,1000.599,0.0,15,26,7
2025-07-26 16:00:00,0.54,33,24.92,1005.911,13.83,16,26,7
2025-07-26 17:00:00,1.405,69,25.697,1005.064,0.0,17,26,7
2025-07-26 18:00:00,3.628,50,24.542,1007.851,21.184,18,26,7
2025-07-26 19:00:00,1.255,27,23.053,1009.115,24.784,19,26,7
2025-07-26 20:00:00,1.218,31,22.412,1005.628,40.727,20,26,7
2025-07-26 21:00:00,0.0,35,23.078,1005.168,0.0,21,26,7
2025-07-26 22:00:00,0.0,38,22.37,1007.458,0.0,22,26,7
2025-07-26 23:00:00,0.0,38,21.669,1005.121,30.519,23,26,7
2025-07-27 00:00:00,0.306,24,22.854,1004.902,11.628,0,27,7
2025-07-27 01:00:00,0.506,355,24.166,1009.033,53.731,1,27,7
2025-07-27 02:00:00,0.856,357,24.188,1009.701,0.0,2,27,7
2025-07-27 03:00:00,0.0,331,23.443,1009.174,0.0,3,27,7
2025-07-27 04:00:00,0.454,303,27.106,1005.417,0.0,4,27,7
2025-07-27 05:00:00,2.026,293,23.403,999.503,9.161,5,27,7
2025-07-27 06:00:00,0.525,298,26.863,1005.477,1.973,6,27,7
2025-07-27 07:00:00,1.311,331,27.252,1003.648,25.799,7,27,7
2025-07-27 08:00:00,2.414,346,28.621,1005.533,0.0,8,27,7
2025-07-27 09:00:00,1.613,8,29.383,1003.909,75.478,9,27,7
2025-07-27 10:00:00,2.695,17,30.126,1005.86,93.017,10,27,7
2025-07-27 11:00:00,0.921,21,27.781,1002.804,0.0,11,27,7
2025-07-27 12:00:00,3.1,63,29.006,1002.08,2.484,12,27,7
2025-07-27 13:00:00,3.156,36,28.032,1009.59,43.902,13,27,7
2025-07-27 14:00:00,2.738,26,25.1,1003.013,32.193,14,27,7
2025-07-27 15:00:00,3.73,17,28.697,1005.923,0.0,15,27,7
2025-07-27 16:00:00,2.26,30,23.91,1008.786,14.018,16,27,7
2025-07-27 17:00:00,1.324,9,25.369,1008.665,0.0,17,27,7
2025-07-27 18:00:00,3.181,20,24.625,1008.307,0.0,18,27,7
2025-07-27 19:00:00,4.202,27,23.889,1006.831,0.0,19,27,7
2025-07-27 20:00:00,1.516,39,22.518,1008.094,27.939,20,27,7
2025-07-27 21:00:00,1.234,50,23.839,1010.041,0.0,21,27,7
2025-07-27 22:00:00,2.425,75,20.909,1007.197,8.967,22,27,7
2025-07-27 23:00:00,1.503,71,22.841,1000.41,17.556,23,27,7
2025-07-28 00:00:00,1.989,77,22.496,1004.37,4.173,0,28,7
2025-07-28 01:00:00,2.409,61,22.865,1008.044,0.0,1,28,7
2025-07-28 02:00:00,1.08,41,24.836,1004.074,0.0,2,28,7
2025-07-28 03:00:00,1.881,70,26.351,1010.816,64.959,3,28,7
2025-07-28 04:00:00,1.77,52,25.427,1005.766,0.0,4,28,7
2025-07-28 05:00:00,0.471,60,27.546,1006.211,1.179,5,28,7
2025-07-28 06:00:00,0.439,66,27.378,1009.33,0.0,6,28,7
2025-07-28 07:00:00,0.936,84,26.845,1005.407,56.123,7,28,7
